Protocolo;data;hora;natureza;situacao;bairro;endereco;numero;detalhe_endereco_acidente;complemento;bairro_cruzamento;num_semaforo;sentido_via;tipo;auto;moto;ciclom;ciclista;pedestre;onibus;caminhao;viatura;outros;vitimas;vitimasfatais;acidente_verificado;tempo_clima;situacao_semaforo;sinalizacao;condicao_via;conservacao_via;ponto_controle;situacao_placa;velocidade_max_via;mao_direcao;divisao_via1;divisao_via2;divisao_via3
202301673,0;2023-01-24;12:49:00;COM VÍTIMA;FINALIZADA;IBURA;RUA RIO XINGU;1238;AV DOIS RIOS;ACADEMIA MOTIVO;IBURA;351,0;SUBURBIO;COLISÃO FRONTAL;1,0;1,0;0,0;0,0;0,0;0,0;0,0;0,0;0,0;1,0;0,0;;;;;;;;;;;;;
202301677,0;2023-01-24;01:41:00;COM VÍTIMA;FINALIZADA;SÃO JOSÉ;AV SUL;1450;1PR DIAS COELHO;FENIX CROMAGEM;SÃO JOSÉ;260,0;;COLISÃO TRASEIRA;1,0;1,0;0,0;0,0;0,0;0,0;0,0;0,0;0,0;1,0;0,0;;;;;;;;;;;;;
202301679,0;2023-01-24;02:58:00;COM VÍTIMA;FINALIZADA;BAIRRO DO RECIFE;AV ALFREDO LISBOA;1168;;SUPERITENDÊNCIA DO MINISTERIO DA ECONOMIA;BAIRRO DO RECIFE;;SUBURBIO;ATROPELAMENTO DE PESSOA;0,0;1,0;0,0;0,0;1,0;0,0;0,0;0,0;0,0;3,0;0,0;;;;;;;;;;;;;
202301687,0;2023-01-24;05:04:00;COM VÍTIMA;FINALIZADA;VÁRZEA;AV PROFESSOR ARTUR DE SA;1180;;EM FRENTE A GALERIA PRAZERES CENTER;VÁRZEA;;CIDADE;COLISÃO LATERAL;1,0;1,0;0,0;0,0;0,0;0,0;0,0;0,0;0,0;2,0;0,0;;;;;;;;;;;;;
202301690,0;2023-01-24;05:41:00;VÍTIMA FATAL;FINALIZADA;GUABIRABA;EST DOS MACACOS;142;;PRÓXIMO AO HOTEL GALANTE E AO CAMPO DO VAL;GUABIRABA;;;ATROPELAMENTO DE PESSOA;0,0;1,0;0,0;0,0;1,0;0,0;0,0;0,0;0,0;0,0;1,0;;;;;;;;;;;;;
202301711,0;2023-01-25;12:53:00;COM VÍTIMA;FINALIZADA;TAMARINEIRA;RUA CONEGO BARATA;;;E/F À LOJA FERREIRA COSTA;TAMARINEIRA;;;COLISÃO TRASEIRA;1,0;1,0;0,0;0,0;0,0;0,0;0,0;0,0;0,0;1,0;0,0;;;;;;;;;;;;;
202301720,0;2023-01-25;08:27:00;COM VÍTIMA;FINALIZADA;BOA VISTA;RUA DA AURORA;103;;PRÓX. AO TRIBUNAL DE CONTAS;BOA VISTA;;SUBURBIO;COLISÃO LATERAL;1,0;1,0;0,0;0,0;0,0;0,0;0,0;0,0;0,0;1,0;0,0;;;;;;;;;;;;;
202301723,0;2023-01-25;11:38:00;SEM VÍTIMA;FINALIZADA;IBURA;AV RECIFE;;AV DOM HELDER CAMARA;;IBURA;55,0;SUBURBIO;;2,0;0,0;0,0;0,0;0,0;0,0;0,0;0,0;0,0;0,0;0,0;;;;;;;;;;;;;
202301730,0;2023-01-25;12:55:00;SEM VÍTIMA;FINALIZADA;IPUTINGA;AV CAXANGA;3983;RUA MANOEL JOAQUIM DE ALMEIDA;POSTO IPUTINGA;IPUTINGA;533,0;CIDADE;COLISÃO TRASEIRA;1,0;0,0;0,0;0,0;0,0;0,0;1,0;0,0;0,0;0,0;0,0;;;;;;;;;;;;;
202301732,0;2023-01-25;01:08:00;COM VÍTIMA;FINALIZADA;TORRE;RUA MARQUES DE MARICA;12;PRC PROFESSOR BARRETO CAMPELLO;AO LADO DA PRAÇA DA TORRE;TORRE;;;COLISÃO LATERAL;1,0;1,0;0,0;0,0;0,0;0,0;0,0;0,0;0,0;1,0;0,0;;;;;;;;;;;;;
202301741,0;2023-01-25;02:15:00;SEM VÍTIMA;FINALIZADA;IPSEP;AV RECIFE;;AV DOM HELDER CAMARA;;IPSEP;55,0;SUBURBIO;;0,0;3,0;0,0;0,0;0,0;0,0;0,0;0,0;0,0;0,0;0,0;;;;;;;;;;;;;
202301746,0;2023-01-25;03:17:00;COM VÍTIMA;FINALIZADA;BONGI;RUA JOAO IVO DA SILVA;;RUA PADRE TEOFILO TWORZ;AO LADO DA TUPAN;BONGI;503,0;;COLISÃO LATERAL;1,0;1,0;0,0;0,0;0,0;0,0;0,0;0,0;0,0;1,0;0,0;;;;;;;;;;;;;
202301750,0;2023-01-25;03:48:00;COM VÍTIMA;FINALIZADA;BOA VIAGEM;RUA ANTONIO FALCAO;430;RUA FRANCISCO DA CUNHA;NO SEMÁFORO 227;BOA VIAGEM;227,0;SUBURBIO;COLISÃO TRASEIRA;1,0;1,0;0,0;0,0;0,0;0,0;1,0;0,0;0,0;1,0;0,0;;;;;;;;;;;;;
202301751,0;2023-01-25;03:55:00;COM VÍTIMA;FINALIZADA;IPUTINGA;RUA MAURICIO DE NASSAU;;RUA ALVARES PIRES;CRECHE MUNICIPAL ELUTANO CONQUISTA  / POR TRÁS DA EXPOSIÇÃO DE ANIMAIS;IPUTINGA;;;COLISÃO LATERAL;1,0;2,0;0,0;0,0;0,0;0,0;0,0;0,0;0,0;1,0;0,0;;;;;;;;;;;;;
202301752,0;2023-01-25;04:12:00;COM VÍTIMA;FINALIZADA;BOA VIAGEM;RUA PROFESSOR MARIO CASTRO;222;RUA PROFESSOR AUGUSTO LINS E SILVA;EM FRENTE AO COLEGIO MADRE DE DEUS;BOA VIAGEM;;;COLISÃO FRONTAL;1,0;1,0;0,0;0,0;0,0;0,0;0,0;0,0;0,0;1,0;0,0;;;;;;;;;;;;;
202301756,0;2023-01-25;05:26:00;COM VÍTIMA;FINALIZADA;CORDEIRO;AV GENERAL SAN MARTIN;;RUA NISSIN BENSOUSSAN;E/F AO HOSPITAL GETULIO VARGAS;CORDEIRO;;SUBURBIO;COLISÃO LATERAL;1,0;1,0;0,0;0,0;0,0;0,0;0,0;0,0;0,0;2,0;0,0;;;;;;;;;;;;;
202301765,0;2023-01-25;10:24:00;COM VÍTIMA;FINALIZADA;DOIS IRMÃOS;RUA DOIS IRMAOS;;AV DA RECUPERACAO;EMBAIXO DO VIADUTO DA BR-101;DOIS IRMÃOS;;;COLISÃO FRONTAL;0,0;2,0;0,0;0,0;0,0;0,0;0,0;0,0;0,0;2,0;0,0;;;;;;;;;;;;;
202301817,0;2023-01-26;04:00:00;COM VÍTIMA;FINALIZADA;CASA AMARELA;AV NORTE MIGUEL ARRAES DE ALENCAR;;;SEMÁFORO 596;CASA AMARELA;;;COLISÃO TRASEIRA;0,0;2,0;0,0;0,0;0,0;0,0;0,0;0,0;0,0;3,0;0,0;;;;;;;;;;;;;
202301824,0;2023-01-26;05:18:00;COM VÍTIMA;CANCELADA;ENCRUZILHADA;AV BEBERIBE;;RUA FERNANDO CESAR;EM FRENTE AO BANCO DO BRASIL;ENCRUZILHADA;238,0;;COLISÃO LATERAL;0,0;0,0;0,0;0,0;0,0;0,0;0,0;0,0;0,0;1,0;0,0;;;;;;;;;;;;;
202301850,0;2023-01-26;08:22:00;COM VÍTIMA;FINALIZADA;MANGUEIRA;RUA ALEXANDRE RODRIGUES FERREIRA;601;;IGREJA EVANGELICA;MANGUEIRA;;;COLISÃO COM CICLISTA;1,0;0,0;0,0;1,0;0,0;0,0;0,0;0,0;0,0;1,0;0,0;;;;;;;;;;;;;
202301858,0;2023-01-27;06:55:00;COM VÍTIMA;FINALIZADA;CAXANGÁ;AV CAXANGA;3283;;EM FRENTE AO ARCOMIX;CAXANGÁ;;;COLISÃO TRASEIRA;1,0;1,0;0,0;0,0;0,0;0,0;0,0;0,0;0,0;1,0;0,0;;;;;;;;;;;;;
202301867,0;2023-01-27;09:09:00;COM VÍTIMA;FINALIZADA;AFOGADOS;RUA SAO MIGUEL;10;PRC DA PAZ;EM FRENTE A MUNDO SHOPPING MODA;AFOGADOS;53,0;;ATROPELAMENTO DE PESSOA;0,0;0,0;0,0;0,0;1,0;1,0;0,0;0,0;0,0;1,0;0,0;;;;;;;;;;;;;
202301873,0;2023-01-27;10:12:00;COM VÍTIMA;FINALIZADA;CORDEIRO;EST DO FORTE DO ARRAIAL N. DO B. JESUS;1291;;EM FRENTE AO ESPETINHO DA BENÉ;CORDEIRO;;;COLISÃO LATERAL;1,0;1,0;0,0;0,0;0,0;0,0;0,0;0,0;0,0;2,0;0,0;;;;;;;;;;;;;
202301887,0;2023-01-27;11:50:00;SEM VÍTIMA;FINALIZADA;BAIRRO DO RECIFE;AV ALFREDO LISBOA;;;EM FRENTE A CAIXA CULTURAL;BAIRRO DO RECIFE;;SUBURBIO;COLISÃO TRASEIRA;2,0;0,0;0,0;0,0;0,0;0,0;0,0;0,0;0,0;0,0;0,0;;;;;;;;;;;;;
202301893,0;2023-01-27;01:41:00;COM VÍTIMA;FINALIZADA;PINA;AV ENGENHEIRO DOMINGOS FERREIRA;40;;ARMAZEM BEIRA MAR  / AO LADO DO TEATRO BARRETO JUNIOR / PROXIMO AO JCPM / ANTES DO POSTO PETRONAC;PINA;;;COLISÃO LATERAL;1,0;1,0;0,0;0,0;0,0;0,0;0,0;0,0;0,0;1,0;0,0;;;;;;;;;;;;;
202301911,0;2023-01-27;04:16:00;COM VÍTIMA;FINALIZADA;PINA;AV ENGENHEIRO DOMINGOS FERREIRA;604;;EM FRENTE AO EXTRABOM;PINA;;;COLISÃO TRASEIRA;3,0;0,0;0,0;0,0;0,0;0,0;0,0;0,0;0,0;1,0;0,0;;;;;;;;;;;;;
202301912,0;2023-01-27;04:24:00;COM VÍTIMA;FINALIZADA;ESTÂNCIA;AV RECIFE;;;E/F AO POSTO JUSTINO E XAVIER  E A POLICIA CIVIL S/T  BR  VT 17  NO LOPCAL;ESTÂNCIA;;;COLISÃO TRASEIRA;1,0;1,0;0,0;0,0;0,0;0,0;0,0;0,0;0,0;1,0;0,0;;;;;;;;;;;;;
202301915,0;2023-01-27;05:14:00;SEM VÍTIMA;FINALIZADA;BOA VIAGEM;RUA CAMBOIM;;RUA COPACABANA;PRÓXIMO A LANCHONETE CAPRICHO;BOA VIAGEM;;;;1,0;0,0;0,0;0,0;0,0;1,0;0,0;0,0;0,0;0,0;0,0;;;;;;;;;;;;;
202301922,0;2023-01-27;07:17:00;COM VÍTIMA;FINALIZADA;PRADO;EST DOS REMEDIOS;;AV ENGENHEIRO ABDIAS DE CARVALHO;;PRADO;52,0;;COLISÃO LATERAL;0,0;1,0;0,0;0,0;0,0;0,0;0,0;1,0;0,0;1,0;0,0;;;;;;;;;;;;;
202301924,0;2023-01-27;07:22:00;SEM VÍTIMA;FINALIZADA;BARRO;AV DES PEDRO RIBEIRO MALTA;240 A;;;BARRO;;SUBURBIO;CHOQUE;3,0;0,0;0,0;0,0;0,0;0,0;0,0;0,0;0,0;0,0;0,0;;;;;;;;;;;;;
202301928,0;2023-01-27;09:43:00;COM VÍTIMA;FINALIZADA;BOA VIAGEM;AV CONSELHEIRO AGUIAR;;RUA ATLANTICO;;BOA VIAGEM;;;COLISÃO FRONTAL;1,0;1,0;0,0;0,0;0,0;0,0;0,0;0,0;0,0;1,0;0,0;;;;;;;;;;;;;
202301929,0;2023-01-28;12:47:00;SEM VÍTIMA;FINALIZADA;TORREÃO;AV NORTE MIGUEL ARRAES DE ALENCAR;;;PRÓX AO VIADUTO;TORREÃO;;CIDADE;CHOQUE;1,0;0,0;0,0;0,0;0,0;0,0;0,0;0,0;0,0;0,0;0,0;;;;;;;;;;;;;
202301930,0;2023-01-28;01:50:00;SEM VÍTIMA;FINALIZADA;BOA VIAGEM;RUA VISCONDE DE JEQUITINHONHA;81;;PROX AO RECIFE FLAT;BOA VIAGEM;;;COLISÃO TRASEIRA;2,0;0,0;0,0;0,0;0,0;0,0;0,0;0,0;0,0;0,0;0,0;;;;;;;;;;;;;
202301933,0;2023-01-28;04:47:00;COM VÍTIMA;FINALIZADA;BOA VIAGEM;RUA VISCONDE DE JEQUITINHONHA;;RUA ERNESTO DE PAULA SANTOS;EM FRENTE AO SUPERMERCADO SOBERANO;BOA VIAGEM;;;COLISÃO LATERAL;1,0;1,0;0,0;0,0;0,0;0,0;0,0;0,0;0,0;1,0;0,0;;;;;;;;;;;;;
202301961,0;2023-01-28;10:46:00;COM VÍTIMA;FINALIZADA;BEBERIBE;AV HILDEBRANDO DE VASCONCELOS;;RUA MARCIA MENDES;;BEBERIBE;;;COLISÃO LATERAL;2,0;0,0;0,0;0,0;0,0;0,0;0,0;0,0;0,0;1,0;0,0;;;;;;;;;;;;;
202301964,0;2023-01-28;11:17:00;COM VÍTIMA;FINALIZADA;IMBIRIBEIRA;VIADUTO TANCREDO NEVES;;;DESCIDA DO VIADUTO / SENTIDO BOA VIAGEM / PRÓX. AO ATACADÃO;IMBIRIBEIRA;;;COLISÃO LATERAL;1,0;1,0;0,0;0,0;0,0;0,0;0,0;0,0;0,0;1,0;0,0;;;;;;;;;;;;;
202301965,0;2023-01-28;11:20:00;SEM VÍTIMA;FINALIZADA;GRAÇAS;AV GOVERNADOR AGAMENON MAGALHAES;;RUA JOAQUIM NABUCO;EM FRENTE A ESCOLA GOVERNADOR BARBOSA  LIMA;GRAÇAS;174,0;SUBURBIO;COLISÃO TRASEIRA;0,0;0,0;0,0;0,0;0,0;1,0;1,0;0,0;0,0;0,0;0,0;;;;;;;;;;;;;
202301973,0;2023-01-28;12:37:00;COM VÍTIMA;FINALIZADA;ROSARINHO;RUA CAIO PEREIRA;;RUA REGUEIRA COSTA;PRÓX. AO RESTAURANTE VARANDA DO ROSARINHO;ROSARINHO;;;COLISÃO FRONTAL;1,0;1,0;0,0;0,0;0,0;0,0;0,0;0,0;0,0;1,0;0,0;;;;;;;;;;;;;
202301988,0;2023-01-28;03:42:00;SEM VÍTIMA;CANCELADA;BOA VIAGEM;AVENIDA CELSO FURTADO (VIA MANGUE);;;SEMÁFORO 437;BOA VIAGEM;;;COLISÃO TRASEIRA;3,0;0,0;0,0;0,0;0,0;0,0;0,0;0,0;0,0;0,0;0,0;;;;;;;;;;;;;
202302002,0;2023-01-28;06:30:00;COM VÍTIMA;FINALIZADA;JORDÃO;RUA JOSE MARTORANO;159;;TERMINAL DO JORDÃO BAIXO;JORDÃO;;;COLISÃO LATERAL;1,0;1,0;0,0;0,0;0,0;0,0;0,0;0,0;0,0;1,0;0,0;;;;;;;;;;;;;
202302009,0;2023-01-28;09:04:00;COM VÍTIMA;FINALIZADA;CASA AMARELA;AV NORTE MIGUEL ARRAES DE ALENCAR;;RUA PADRE LEMOS;COMA RUA PADRE LEMOS;CASA AMARELA;;;ATROPELAMENTO DE PESSOA;0,0;0,0;0,0;0,0;1,0;1,0;0,0;0,0;0,0;1,0;0,0;;;;;;;;;;;;;
202302020,0;2023-01-29;05:25:00;VÍTIMA FATAL;FINALIZADA;ESTÂNCIA;AV JOAO CABRAL DE MELO NETO;;;PEÓXIMO A ANTIGA CERPE;ESTÂNCIA;;;CHOQUE;0,0;1,0;0,0;0,0;0,0;0,0;0,0;0,0;0,0;1,0;1,0;;;;;;;;;;;;;
202302050,0;2023-01-29;01:12:00;COM VÍTIMA;FINALIZADA;CABANGA;PTE GOVERNADOR PAULO GUERRA;;;SOBRE A PONTE;CABANGA;;;COLISÃO TRASEIRA;1,0;1,0;0,0;0,0;0,0;0,0;0,0;0,0;0,0;1,0;0,0;;;;;;;;;;;;;
202302055,0;2023-01-29;04:08:00;COM VÍTIMA;FINALIZADA;IPSEP;AV RECIFE;1600;;E/F A SAO PAULO VEICULOS S/T SUB;IPSEP;;;COLISÃO TRASEIRA;1,0;1,0;0,0;0,0;0,0;0,0;0,0;0,0;0,0;1,0;0,0;;;;;;;;;;;;;
202302069,0;2023-01-29;12:00:00;COM VÍTIMA;FINALIZADA;IBURA;AV DOIS RIOS;;RUA RIO XINGU;NO SEMAFORO  351;IBURA;;;COLISÃO LATERAL;1,0;1,0;0,0;0,0;0,0;0,0;0,0;0,0;0,0;1,0;0,0;;;;;;;;;;;;;
202302077,0;2023-01-29;07:25:00;COM VÍTIMA;FINALIZADA;TEJIPIÓ;RUA FALCAO DE LACERDA;;RUA PAPA JOAO VINTE E TRES;EM FRENTE A FÁBRICA DA PADARIA;TEJIPIÓ;285,0;;COLISÃO FRONTAL;0,0;2,0;0,0;0,0;0,0;0,0;0,0;0,0;0,0;2,0;0,0;;;;;;;;;;;;;
202302082,0;2023-01-29;10:11:00;COM VÍTIMA;FINALIZADA;CASA FORTE;AV DEZESSETE DE AGOSTO;;;;CASA FORTE;;;COLISÃO FRONTAL;1,0;1,0;0,0;0,0;0,0;0,0;0,0;0,0;0,0;1,0;0,0;;;;;;;;;;;;;
202302105,0;2023-01-30;07:25:00;COM VÍTIMA;CANCELADA;MADALENA;AV CAXANGA;2083;;PRÓX. À REVENDEDORA SEU CARRO PE;MADALENA;;CIDADE;COLISÃO TRASEIRA;1,0;1,0;0,0;0,0;0,0;0,0;0,0;0,0;0,0;1,0;0,0;;;;;;;;;;;;;
202302110,0;2023-01-30;08:43:00;COM VÍTIMA;FINALIZADA;ROSARINHO;AV NORTE MIGUEL ARRAES DE ALENCAR;;;EM FRENTE AO POSTO DE GASOLINA IPIRANGA, SENT. MACAXEIRA;ROSARINHO;81,0;;COLISÃO TRASEIRA;0,0;1,0;0,0;0,0;0,0;1,0;0,0;0,0;0,0;1,0;0,0;;;;;;;;;;;;;
202302111,0;2023-01-30;08:46:00;COM VÍTIMA;CANCELADA;CASA AMARELA;RUA PADRE LEMOS;700;;PROX A CLINICA DR ATENDE;CASA AMARELA;;;COLISÃO LATERAL;1,0;1,0;0,0;0,0;0,0;0,0;0,0;0,0;0,0;1,0;0,0;;;;;;;;;;;;;
202302117,0;2023-01-30;09:30:00;SEM VÍTIMA;FINALIZADA;APIPUCOS;RUA DE APIPUCOS;455;;ALBUQUERQUE MOTORS;APIPUCOS;;SUBURBIO;COLISÃO TRASEIRA;1,0;0,0;0,0;0,0;0,0;0,0;1,0;0,0;0,0;0,0;0,0;;;;;;;;;;;;;
202302149,0;2023-01-30;02:49:00;SEM VÍTIMA;FINALIZADA;SANTO AMARO;AV NORTE MIGUEL ARRAES DE ALENCAR;;;EM FRENTE A DROGARIA SANTO ANTONIO;SANTO AMARO;97,0;SUBURBIO;COLISÃO TRASEIRA;1,0;0,0;0,0;0,0;0,0;1,0;0,0;0,0;0,0;0,0;0,0;;;;;;;;;;;;;
202302151,0;2023-01-30;03:46:00;COM VÍTIMA;FINALIZADA;BOA VIAGEM;AV BOA VIAGEM;4298;;EM FRENTE AO HOTEL EURO SUIT;BOA VIAGEM;;;COLISÃO LATERAL;1,0;1,0;0,0;0,0;0,0;0,0;0,0;0,0;0,0;1,0;0,0;;;;;;;;;;;;;
202302152,0;2023-01-30;03:49:00;SEM VÍTIMA;FINALIZADA;GRAÇAS;RUA DAS CREOULAS;194;AV RUI BARBOSA;AO LADO DO Nº 199 DA AVENIDA RUI BARBOSA;GRAÇAS;102,0;;;1,0;0,0;0,0;0,0;0,0;1,0;0,0;0,0;0,0;0,0;0,0;;;;;;;;;;;;;
202302154,0;2023-01-30;04:07:00;COM VÍTIMA;FINALIZADA;BOA VIAGEM;AV BOA VIAGEM;;;E/F A PADARIA BOA VIAGEM;BOA VIAGEM;;;ATROPELAMENTO DE PESSOA;0,0;1,0;0,0;0,0;1,0;0,0;0,0;0,0;0,0;1,0;0,0;;;;;;;;;;;;;
202302155,0;2023-01-30;04:15:00;COM VÍTIMA;FINALIZADA;BOA VIAGEM;RUA PROFESSOR ARNALDO CARNEIRO LEAO;146;RUA ANTONIO FALCAO;PROX AO SHOPPING RECIFE;BOA VIAGEM;;;COLISÃO LATERAL;1,0;1,0;0,0;0,0;0,0;0,0;0,0;0,0;0,0;1,0;0,0;;;;;;;;;;;;;
202302167,0;2023-01-30;07:25:00;COM VÍTIMA;CANCELADA;SÃO JOSÉ;RUA DA PRAIA;;;AO LADO DA LOJA NARCISIO ENXOVAL;SÃO JOSÉ;;;COLISÃO LATERAL;1,0;1,0;0,0;0,0;0,0;0,0;0,0;0,0;0,0;1,0;0,0;;;;;;;;;;;;;
202302174,0;2023-01-31;02:07:00;COM VÍTIMA;FINALIZADA;AFOGADOS;RUA COSME VIANA;;;APÓS A TUPAN;AFOGADOS;;;COLISÃO LATERAL;0,0;2,0;0,0;0,0;0,0;0,0;0,0;0,0;0,0;1,0;0,0;;;;;;;;;;;;;
202302178,0;2023-01-31;06:30:00;COM VÍTIMA;FINALIZADA;TORRE;RUA CONDE DE IRAJA;;AV BEIRA RIO;CRUZAMENTO;TORRE;;;COLISÃO LATERAL;1,0;1,0;0,0;0,0;0,0;0,0;0,0;0,0;0,0;1,0;0,0;;;;;;;;;;;;;
202302196,0;2023-01-31;09:52:00;COM VÍTIMA;FINALIZADA;IPUTINGA;RUA MANOEL JOAQUIM DE ALMEIDA;3983;;EM FRENTE A IPUTINGA AUTOMÓVEIS;IPUTINGA;;;COLISÃO LATERAL;1,0;1,0;0,0;0,0;0,0;0,0;0,0;0,0;0,0;1,0;0,0;;;;;;;;;;;;;
202302216,0;2023-01-31;11:57:00;COM VÍTIMA;FINALIZADA;IMBIRIBEIRA;AV MARECHAL MASCARENHAS DE MORAES;3421;;PROX. MARDISA AUTOMOVEIS, SENT. AFOGADOS;IMBIRIBEIRA;;;COLISÃO TRASEIRA;1,0;1,0;0,0;0,0;0,0;0,0;0,0;0,0;0,0;2,0;0,0;;;;;;;;;;;;;
202302218,0;2023-01-31;12:19:00;COM VÍTIMA;DUPLICIDADE;ENCRUZILHADA;AV NORTE MIGUEL ARRAES DE ALENCAR;1795;;EM RENTE A LOJA DA CHEEVROLET;ENCRUZILHADA;;;COLISÃO LATERAL;2,0;0,0;0,0;0,0;0,0;0,0;0,0;0,0;0,0;1,0;0,0;;;;;;;;;;;;;
202302222,0;2023-01-31;12:42:00;COM VÍTIMA;FINALIZADA;ESPINHEIRO;RUA GUADALUPE;;AV NORTE MIGUEL ARRAES DE ALENCAR;LADO OPSTO A PRAÇA CASTRO ALVES;ESPINHEIRO;;;COLISÃO TRANSVERSAL;2,0;0,0;0,0;0,0;0,0;0,0;0,0;0,0;0,0;1,0;0,0;;;;;;;;;;;;;
202302229,0;2023-01-31;01:35:00;COM VÍTIMA;FINALIZADA;BOA VIAGEM;AVENIDA CELSO FURTADO (VIA MANGUE);;;VIA MANGUE, PRÓXIMO AO RETORNO;BOA VIAGEM;;;COLISÃO TRASEIRA;1,0;1,0;0,0;0,0;0,0;0,0;0,0;0,0;0,0;1,0;0,0;;;;;;;;;;;;;
202302230,0;2023-01-31;01:49:00;SEM VÍTIMA;FINALIZADA;BEBERIBE;PRC DA CONVENCAO;59;;EM FRENTE ESPOSENDE;BEBERIBE;;;CHOQUE;1,0;0,0;0,0;0,0;0,0;0,0;0,0;0,0;0,0;0,0;0,0;;;;;;;;;;;;;
202302233,0;2023-01-31;02:45:00;COM VÍTIMA;FINALIZADA;BOA VIAGEM;RUA PROFESSOR AUGUSTO LINS E SILVA;668;;EM FRENTE AO EDIFICO COSTA DO SOL;BOA VIAGEM;;;COLISÃO LATERAL;1,0;1,0;0,0;0,0;0,0;0,0;0,0;0,0;0,0;1,0;0,0;;;;;;;;;;;;;
202302248,0;2023-01-31;06:11:00;SEM VÍTIMA;FINALIZADA;TORREÃO;AV GOVERNADOR AGAMENON MAGALHAES;3621;;POSTO DE COMBUSTÍVEL PETROBRÁS;TORREÃO;379,0;CIDADE;;0,0;1,0;0,0;0,0;0,0;0,0;0,0;1,0;0,0;0,0;0,0;;;;;;;;;;;;;
202302249,0;2023-01-31;06:20:00;COM VÍTIMA;FINALIZADA;BEBERIBE;AV BEBERIBE;;;LOJÃO DO PETROLEO;BEBERIBE;;;COLISÃO LATERAL;1,0;1,0;0,0;0,0;0,0;0,0;0,0;0,0;0,0;1,0;0,0;;;;;;;;;;;;;
202302254,0;2023-01-31;07:05:00;COM VÍTIMA;FINALIZADA;CASA AMARELA;RUA CONS PERETTI;;;PRÓX. AO POLO EAD DA FACULDADE ESTÁCIO;CASA AMARELA;;;COLISÃO TRANSVERSAL;0,0;3,0;0,0;0,0;0,0;0,0;0,0;0,0;0,0;2,0;0,0;;;;;;;;;;;;;
202302255,0;2023-01-31;07:40:00;COM VÍTIMA;FINALIZADA;IMBIRIBEIRA;AV MARECHAL MASCARENHAS DE MORAES;;;DEZ METROS ANTES DA PONTE MOTOCOLOMBÓ;IMBIRIBEIRA;;;ATROPELAMENTO DE PESSOA;0,0;0,0;0,0;0,0;2,0;0,0;1,0;0,0;0,0;2,0;0,0;;;;;;;;;;;;;
202302256,0;2023-01-31;07:46:00;COM VÍTIMA;FINALIZADA;CORDEIRO;AV CAXANGA;;AV GENERAL SAN MARTIN;;CORDEIRO;;;COLISÃO COM CICLISTA;0,0;1,0;0,0;1,0;0,0;0,0;0,0;0,0;0,0;2,0;0,0;;;;;;;;;;;;;
202302261,0;2023-01-31;09:40:00;COM VÍTIMA;FINALIZADA;SANTO AMARO;AV DR JAYME DA FONTE;;;PRÓX A COMPESA;SANTO AMARO;;CIDADE;QUEDA;0,0;1,0;0,0;0,0;0,0;0,0;0,0;0,0;0,0;1,0;0,0;;;;;;;;;;;;;
202302263,0;2023-01-31;10:11:00;SEM VÍTIMA;FINALIZADA;SÃO JOSÉ;RUA IMPERIAL;1222;RUA BOM SUCESSO;;SÃO JOSÉ;;SUBURBIO;;0,0;1,0;0,0;0,0;0,0;0,0;0,0;1,0;0,0;0,0;0,0;;;;;;;;;;;;;
202302274,0;2023-02-01;06:39:00;COM VÍTIMA;FINALIZADA;CASA AMARELA;RUA DES GOIS CAVALCANTE;128;;EM FRENTE A FARMÁCIA INDEPENDENTE E PROX AO HOSPITAL AGAMENON MAGALHÃES;CASA AMARELA;;;ATROPELAMENTO DE PESSOA;1,0;0,0;0,0;0,0;1,0;0,0;0,0;0,0;0,0;1,0;0,0;;;;;;;;;;;;;
202302286,0;2023-02-01;08:03:00;COM VÍTIMA;FINALIZADA;CAMPO GRANDE;EST DE BELEM;1782;;EM FRENTE AO POSTO TOTAL/PETRONAC;CAMPO GRANDE;;;COLISÃO FRONTAL;1,0;1,0;0,0;0,0;0,0;0,0;0,0;0,0;0,0;1,0;0,0;;;;;;;;;;;;;
202302314,0;2023-02-01;12:06:00;SEM VÍTIMA;FINALIZADA;SÃO JOSÉ;AV MARTINS DE BARROS;;;EM FRENTE AO TERMINAL DE CAIS DE SANTA RITA;SÃO JOSÉ;383,0;CIDADE;COLISÃO TRASEIRA;2,0;0,0;0,0;0,0;0,0;0,0;0,0;0,0;0,0;0,0;0,0;;;;;;;;;;;;;
202302321,0;2023-02-01;01:37:00;COM VÍTIMA;FINALIZADA;IPUTINGA;AV MAURICIO DE NASSAU;396;;NA FRENTE DA CLINICA FASES;IPUTINGA;;;COLISÃO TRASEIRA;3,0;0,0;0,0;0,0;0,0;0,0;0,0;0,0;0,0;1,0;0,0;;;;;;;;;;;;;
202302322,0;2023-02-01;02:00:00;SEM VÍTIMA;FINALIZADA;;RUA ALTO JOSE BONIFACIO;;;;;;SUBURBIO;;1,0;1,0;0,0;0,0;0,0;0,0;0,0;0,0;0,0;0,0;0,0;;;;;;;;;;;;;
202302335,0;2023-02-01;05:04:00;COM VÍTIMA;FINALIZADA;ENCRUZILHADA;AV NORTE MIGUEL ARRAES DE ALENCAR;2970;RUA BELMIRO CORREIA;TERRAÇO ROSARINHO;ENCRUZILHADA;;;COLISÃO LATERAL;0,0;1,0;0,0;0,0;0,0;1,0;0,0;0,0;0,0;1,0;0,0;;;;;;;;;;;;;