Protocolo;data;hora;natureza;situacao;bairro;endereco;numero;detalhe_endereco_acidente;complemento;bairro_cruzamento;num_semaforo;sentido_via;tipo;auto;moto;ciclom;ciclista;pedestre;onibus;caminhao;viatura;outros;vitimas;vitimasfatais;acidente_verificado;tempo_clima;situacao_semaforo;sinalizacao;condicao_via;conservacao_via;ponto_controle;situacao_placa;velocidade_max_via;mao_direcao;divisao_via1;divisao_via2;divisao_via3
202303431,0;2023-02-12;10:34:00;COM VÍTIMA;FINALIZADA;AREIAS;AV RECIFE;4200;;BIG BOMPREÇO;AREIAS;;;COLISÃO FRONTAL;1,0;1,0;0,0;0,0;0,0;0,0;0,0;0,0;0,0;1,0;0,0;;;;;;;;;;;;;
202303432,0;2023-02-13;01:41:00;SEM VÍTIMA;FINALIZADA;AFLITOS;RUA CONS PORTELA;;AV CONS ROSA E SILVA;;AFLITOS;;;CHOQUE;0,0;0,0;0,0;0,0;0,0;0,0;0,0;0,0;0,0;0,0;0,0;;;;;;;;;;;;;
202303436,0;2023-02-13;08:38:00;COM VÍTIMA;CANCELADA;CAXANGÁ;AV CAXANGA;4302;;APÓS O HIPER BOM PREÇO, AO LADO A NISSAN;CAXANGÁ;;;COLISÃO LATERAL;1,0;1,0;0,0;0,0;0,0;0,0;0,0;0,0;0,0;1,0;0,0;;;;;;;;;;;;;
202303441,0;2023-02-13;08:04:00;COM VÍTIMA;FINALIZADA;ILHA DO LEITE;RUA ESTADO DE ISRAEL;262;RUA JORNALISTA TRAJANO CHACON;LADO OPOSTO AO HOSPITAL ILHA DO LEITE;ILHA DO LEITE;;SUBURBIO;COLISÃO LATERAL;1,0;1,0;0,0;0,0;0,0;0,0;0,0;0,0;0,0;1,0;0,0;;;;;;;;;;;;;
202303442,0;2023-02-13;08:10:00;COM VÍTIMA;FINALIZADA;PINA;RUA TOME GIBSON;400;AV ENCANTA MOCA;PROX. A CENTRAL DA PICANHA;PINA;;SUBURBIO;COLISÃO LATERAL;1,0;1,0;0,0;0,0;0,0;0,0;0,0;0,0;0,0;1,0;0,0;;;;;;;;;;;;;
202303444,0;2023-02-13;08:32:00;COM VÍTIMA;FINALIZADA;BAIRRO DO RECIFE;AV ALFREDO LISBOA;1168;;PROX. AO MARCO ZERO;BAIRRO DO RECIFE;;SUBURBIO;COLISÃO TRASEIRA;0,0;2,0;0,0;0,0;0,0;0,0;0,0;0,0;0,0;1,0;0,0;;;;;;;;;;;;;
202303446,0;2023-02-13;08:46:00;COM VÍTIMA;FINALIZADA;CORDEIRO;RUA GOMES TABORDA;1296;RUA SECUNDINO CARNEIRO;EM FRENTE A GALERIA SEVERINO BARBOSA DE MEDEIROS;CORDEIRO;;SUBURBIO;COLISÃO LATERAL;0,0;1,0;0,0;0,0;0,0;0,0;0,0;1,0;0,0;1,0;0,0;;;;;;;;;;;;;
202303458,0;2023-02-13;10:04:00;COM VÍTIMA;CANCELADA;IPSEP;AV RECIFE;;;PRÓX. AO POSTO BR / SENTIDO IBURA;IPSEP;;;COLISÃO LATERAL;1,0;1,0;0,0;0,0;0,0;0,0;0,0;0,0;0,0;1,0;0,0;;;;;;;;;;;;;
202303470,0;2023-02-13;12:45:00;COM VÍTIMA;FINALIZADA;ARRUDA;RUA RAUL POMPEIA;854;;PROX A IGREJA ASSEMBLEIA DE DEUS;ARRUDA;;;COLISÃO LATERAL;1,0;1,0;0,0;0,0;0,0;0,0;0,0;0,0;0,0;1,0;0,0;;;;;;;;;;;;;
202303478,0;2023-02-13;02:15:00;SEM VÍTIMA;FINALIZADA;SÃO JOSÉ;C SANTA RITA;;;EM FRENTE AO 16º BATALHÃO PM-PE;SÃO JOSÉ;;SUBURBIO;;1,0;0,0;0,0;0,0;0,0;0,0;0,0;1,0;0,0;0,0;0,0;;;;;;;;;;;;;
202303479,0;2023-02-13;02:27:00;COM VÍTIMA;FINALIZADA;AFOGADOS;AV SUL;;;PROX A POLICLINICA DE AFOGADOS;AFOGADOS;;CIDADE;COLISÃO LATERAL;1,0;1,0;0,0;0,0;0,0;0,0;0,0;0,0;0,0;1,0;0,0;;;;;;;;;;;;;
202303484,0;2023-02-13;04:49:00;COM VÍTIMA;FINALIZADA;IMBIRIBEIRA;AV GENERAL MAC ARTHUR;;RUA SARGENTO SILVINO DE MACEDO;RUA SARGENTO SILVINO DE MACEDO;IMBIRIBEIRA;442,0;SUBURBIO;COLISÃO LATERAL;1,0;1,0;0,0;0,0;0,0;0,0;0,0;0,0;0,0;1,0;0,0;;;;;;;;;;;;;
202303488,0;2023-02-13;05:44:00;COM VÍTIMA;FINALIZADA;BOA VIAGEM;RUA SETUBAL;1432;RUA BALTAZAR PASSOS;EM FRENTE AO EDIFICIO COSTA DOS NAVEGANTES;BOA VIAGEM;;;COLISÃO LATERAL;1,0;1,0;0,0;0,0;0,0;0,0;0,0;0,0;0,0;1,0;0,0;;;;;;;;;;;;;
202303492,0;2023-02-13;06:20:00;COM VÍTIMA;FINALIZADA;JORDÃO;AV DONA CARENTINA;1479;;MERCADINHO POP;JORDÃO;;SUBURBIO;ATROPELAMENTO DE PESSOA;1,0;1,0;0,0;0,0;1,0;0,0;0,0;0,0;0,0;1,0;0,0;;;;;;;;;;;;;
202303501,0;2023-02-13;08:21:00;COM VÍTIMA;FINALIZADA;PINA;AV ENGENHEIRO DOMINGOS FERREIRA;;;COM  A RUA PEREIRA DA COSTA;PINA;142,0;SUBURBIO;ATROPELAMENTO DE PESSOA;0,0;1,0;0,0;0,0;1,0;0,0;0,0;0,0;0,0;2,0;0,0;;;;;;;;;;;;;
202303504,0;2023-02-13;08:59:00;SEM VÍTIMA;FINALIZADA;BOA VISTA;RUA GERVASIO PIRES;332;AV CONDE DA BOA VISTA;EM FRENTE AO EDIFÍCIO SANTA CRUZ;BOA VISTA;;;CHOQUE;0,0;0,0;0,0;0,0;0,0;0,0;0,0;1,0;0,0;0,0;0,0;;;;;;;;;;;;;
202303507,0;2023-02-13;09:23:00;SEM VÍTIMA;FINALIZADA;IBURA;AV SANTA FE;;AV RIO VERDE;;IBURA;;SUBURBIO;;1,0;0,0;0,0;0,0;0,0;0,0;0,0;1,0;0,0;0,0;0,0;;;;;;;;;;;;;
202303528,0;2023-02-14;07:45:00;COM VÍTIMA;FINALIZADA;PRADO;RUA GOMES TABORDA;;RUA DES ADOLFO CIRIACO;EM FRENTE A SINDI COMBUSTIVEIS;PRADO;;;COLISÃO LATERAL;1,0;1,0;0,0;0,0;0,0;0,0;0,0;0,0;0,0;1,0;0,0;;;;;;;;;;;;;
202303530,0;2023-02-14;07:57:00;COM VÍTIMA;FINALIZADA;DERBY;AV GOVERNADOR AGAMENON MAGALHAES;73;;PROX A CLINICA PRONTO PELE / EMERGENCIA DA PELE;DERBY;;;COLISÃO LATERAL;1,0;1,0;0,0;0,0;0,0;0,0;0,0;0,0;0,0;1,0;0,0;;;;;;;;;;;;;
202303538,0;2023-02-14;09:15:00;SEM VÍTIMA;FINALIZADA;SANTO ANTÔNIO;RUA DO SOL;;RUA PRINCESA IZABEL;EM FRENTE AO TEATRO SANTA IZABEL;SANTO ANTÔNIO;;CIDADE;;1,0;0,0;0,0;0,0;0,0;1,0;0,0;0,0;0,0;0,0;0,0;;;;;;;;;;;;;
202303552,0;2023-02-14;09:47:00;COM VÍTIMA;FINALIZADA;ALTO DO MANDU;AV NORTE MIGUEL ARRAES DE ALENCAR;6888;;EM FRENTE AO BAR NORTE;ALTO DO MANDU;65,0;;COLISÃO LATERAL;0,0;2,0;0,0;0,0;0,0;0,0;0,0;0,0;0,0;1,0;0,0;;;;;;;;;;;;;
202303554,0;2023-02-14;09:52:00;SEM VÍTIMA;FINALIZADA;SANTO AMARO;RUA ARLINDO MELO;S/N;;EM FRENTE AO SHOPPING TACARUNA;SANTO AMARO;;CIDADE;;0,0;1,0;0,0;0,0;0,0;0,0;0,0;1,0;0,0;0,0;0,0;;;;;;;;;;;;;
202303569,0;2023-02-14;11:43:00;COM VÍTIMA;FINALIZADA;DERBY;PRC DO DERBY;115;;;DERBY;;;ATROPELAMENTO DE PESSOA;0,0;1,0;0,0;0,0;1,0;0,0;0,0;0,0;0,0;1,0;0,0;;;;;;;;;;;;;
202303588,0;2023-02-14;01:57:00;COM VÍTIMA;FINALIZADA;CASA AMARELA;EST DAS UBAIAS;105;;BOM DEMAIS SUPERMERCADO;CASA AMARELA;;;COLISÃO LATERAL;1,0;1,0;0,0;0,0;0,0;0,0;0,0;0,0;0,0;1,0;0,0;;;;;;;;;;;;;
202303599,0;2023-02-14;04:14:00;COM VÍTIMA;FINALIZADA;IMBIRIBEIRA;AV MARECHAL MASCARENHAS DE MORAES;;;SOBRE O VIADUTO TANCREDO NEVES;IMBIRIBEIRA;;;COLISÃO FRONTAL;1,0;1,0;0,0;0,0;0,0;0,0;0,0;0,0;0,0;1,0;0,0;;;;;;;;;;;;;
202303604,0;2023-02-14;05:37:00;COM VÍTIMA;FINALIZADA;PORTO DA MADEIRA;AV CIDADE DE MONTEIRO;505;;EM FRENTE A GALERIA O TERRAÇO;PORTO DA MADEIRA;;;COLISÃO LATERAL;2,0;1,0;0,0;0,0;0,0;0,0;0,0;0,0;0,0;2,0;0,0;;;;;;;;;;;;;
202303612,0;2023-02-14;07:01:00;COM VÍTIMA;FINALIZADA;IBURA;AV DOIS RIOS;1258;;EM FRENTE A ACADEMIA MOTIVE;IBURA;;;COLISÃO TRASEIRA;1,0;1,0;0,0;0,0;0,0;0,0;0,0;0,0;0,0;1,0;0,0;;;;;;;;;;;;;
202303652,0;2023-02-15;08:00:00;COM VÍTIMA;FINALIZADA;ÁGUA FRIA;RUA MANOEL SILVA;;;PRÓX. AO ESPETINHO DO BÊU;ÁGUA FRIA;285,0;SUBURBIO;COLISÃO LATERAL;1,0;1,0;0,0;0,0;0,0;0,0;0,0;0,0;0,0;1,0;0,0;;;;;;;;;;;;;
202303654,0;2023-02-15;08:10:00;SEM VÍTIMA;FINALIZADA;ARRUDA;AV BEBERIBE;;;;ARRUDA;492,0;CIDADE;COLISÃO TRASEIRA;1,0;0,0;0,0;0,0;0,0;0,0;1,0;0,0;0,0;0,0;0,0;;;;;;;;;;;;;
202303657,0;2023-02-15;08:20:00;COM VÍTIMA;FINALIZADA;ILHA DO LEITE;TUNEL CHICO SCIENCE;S/N;;DENTRO DO TÚNEL;ILHA DO LEITE;;;COLISÃO FRONTAL;2,0;0,0;0,0;0,0;0,0;0,0;0,0;0,0;0,0;1,0;0,0;;;;;;;;;;;;;
202303687,0;2023-02-15;12:47:00;COM VÍTIMA;FINALIZADA;VÁRZEA;RUA MANUEL DE MEDEIROS;945;;E/F AO MOTEL PARAISO;VÁRZEA;;;COLISÃO LATERAL;1,0;1,0;0,0;0,0;0,0;0,0;0,0;0,0;0,0;1,0;0,0;;;;;;;;;;;;;
202303700,0;2023-02-15;03:07:00;COM VÍTIMA;FINALIZADA;BEBERIBE;AV HILDEBRANDO DE VASCONCELOS;;RUA COMPOSITOR VINICIUS DE MORAIS;RUA COMPOSITOR VINICIUS DE MORAIS;BEBERIBE;;;COLISÃO LATERAL;1,0;1,0;0,0;0,0;0,0;0,0;0,0;0,0;0,0;1,0;0,0;;;;;;;;;;;;;
202303714,0;2023-02-15;05:12:00;SEM VÍTIMA;FINALIZADA;ARRUDA;AV PROFESSOR JOSE DOS ANJOS;1190;AV NORTE MIGUEL ARRAES DE ALENCAR;SESC DE CASA AMARELA;ARRUDA;364,0;;;1,0;0,0;0,0;0,0;0,0;0,0;1,0;0,0;0,0;0,0;0,0;;;;;;;;;;;;;
202303743,0;2023-02-15;08:54:00;COM VÍTIMA;CANCELADA;BEBERIBE;AV BEBERIBE;2406;;PRÓX. AO PAGODE DA PRESSÃO;BEBERIBE;;;COLISÃO TRASEIRA;0,0;2,0;0,0;0,0;0,0;0,0;0,0;0,0;0,0;2,0;0,0;;;;;;;;;;;;;
202303745,0;2023-02-15;09:40:00;COM VÍTIMA;FINALIZADA;CAMPO GRANDE;RUA ODORICO MENDES;;;EMFRENTE AO CLUBE DAS PÁS;CAMPO GRANDE;;;COLISÃO TRASEIRA;1,0;1,0;0,0;0,0;0,0;0,0;0,0;0,0;0,0;1,0;0,0;;;;;;;;;;;;;
202303748,0;2023-02-15;10:19:00;COM VÍTIMA;FINALIZADA;IBURA;RUA RIO BRIGIDA;350;;EM FRENTE À IGREJA VERBO DA VIDA DO IBURA DE BAIXO;IBURA;;;COLISÃO TRANSVERSAL;1,0;1,0;0,0;0,0;0,0;0,0;0,0;0,0;0,0;2,0;0,0;;;;;;;;;;;;;
202303765,0;2023-02-16;07:27:00;COM VÍTIMA;FINALIZADA;ESPINHEIRO;AV JOAO DE BARROS;;;EM FRENTE A EXTRAFARMA;ESPINHEIRO;;;COLISÃO LATERAL;1,0;1,0;0,0;0,0;0,0;0,0;0,0;0,0;0,0;1,0;0,0;;;;;;;;;;;;;
202303767,0;2023-02-16;07:23:00;SEM VÍTIMA;FINALIZADA;SAN MARTIN;AV GENERAL SAN MARTIN;2347;;EM FRENTE AO RESTAURANTE XODÓ NORDESTINO;SAN MARTIN;;CIDADE;COLISÃO TRASEIRA;3,0;0,0;0,0;0,0;0,0;0,0;0,0;0,0;0,0;0,0;0,0;;;;;;;;;;;;;
202303774,0;2023-02-16;08:10:00;COM VÍTIMA;FINALIZADA;IMBIRIBEIRA;RUA ITAJAI;;RUA ITACARI;PROX. A GOCIL SEGURANÇA;IMBIRIBEIRA;;;COLISÃO FRONTAL;1,0;1,0;0,0;0,0;0,0;0,0;0,0;0,0;0,0;1,0;0,0;;;;;;;;;;;;;
202303775,0;2023-02-16;08:11:00;COM VÍTIMA;FINALIZADA;SAN MARTIN;AV GENERAL SAN MARTIN;;;PROX AO COLEGIO ADVENTISTA / E AO SEMÁFORO 371;SAN MARTIN;371,0;;COLISÃO LATERAL;1,0;1,0;0,0;0,0;0,0;0,0;0,0;0,0;0,0;2,0;0,0;;;;;;;;;;;;;
202303807,0;2023-02-16;10:28:00;COM VÍTIMA;FINALIZADA;ÁGUA FRIA;RUA DA REGENERACAO;210;;PRÓX. À LOJA DE FERRAGENS  JOSÉ LUIZ DA FONSECA;ÁGUA FRIA;;;COLISÃO LATERAL;1,0;1,0;0,0;0,0;0,0;0,0;0,0;0,0;0,0;1,0;0,0;;;;;;;;;;;;;
202303811,0;2023-02-16;10:54:00;COM VÍTIMA;FINALIZADA;BOA VISTA;RUA DA GLORIA;211;;PROX. A DELEGACIA DO IDOSO;BOA VISTA;;;COLISÃO LATERAL;1,0;1,0;0,0;0,0;0,0;0,0;0,0;0,0;0,0;1,0;0,0;;;;;;;;;;;;;
202303817,0;2023-02-16;11:32:00;COM VÍTIMA;FINALIZADA;IPSEP;RUA SAO NICOLAU;427;RUA ABDIAS CABRAL DE MOURA;PROX. A MICRO EQUIPAMENTOS;IPSEP;;SUBURBIO;COLISÃO LATERAL;1,0;1,0;0,0;0,0;0,0;0,0;0,0;0,0;0,0;1,0;0,0;;;;;;;;;;;;;
202303831,0;2023-02-16;12:58:00;SEM VÍTIMA;FINALIZADA;PINA;AV ANTONIO DE GOES;62;;EM FRENTE AÀ PRF / LADO OPOSTO AO RESTAURANTE BARGAÇO Nº 62;PINA;;CIDADE;COLISÃO TRASEIRA;2,0;0,0;0,0;0,0;0,0;0,0;0,0;0,0;0,0;0,0;0,0;;;;;;;;;;;;;
202303842,0;2023-02-16;03:07:00;COM VÍTIMA;FINALIZADA;PINA;PTE VICE PRESIDENTE JOSE ALENCAR;;;ENTRADA DO RIOMAR;PINA;;;COLISÃO LATERAL;1,0;1,0;0,0;0,0;0,0;0,0;0,0;0,0;0,0;1,0;0,0;;;;;;;;;;;;;
202303865,0;2023-02-16;06:50:00;COM VÍTIMA;FINALIZADA;CABANGA;PTE GOVERNADOR PAULO GUERRA;;;SENTIDO CENTRO;CABANGA;;;COLISÃO FRONTAL;1,0;1,0;0,0;0,0;0,0;0,0;0,0;0,0;0,0;3,0;0,0;;;;;;;;;;;;;
202303866,0;2023-02-16;06:53:00;COM VÍTIMA;CANCELADA;IPSEP;RUA BLUMENAU;458;;PERTO DE 13 DISTRITO;IPSEP;;;COLISÃO LATERAL;1,0;1,0;0,0;0,0;0,0;0,0;0,0;0,0;0,0;1,0;0,0;;;;;;;;;;;;;
202303873,0;2023-02-16;08:16:00;COM VÍTIMA;FINALIZADA;IMBIRIBEIRA;RUA JOAQUIM BANDEIRA;268;;EMBAIXO DO PONTILHÃO;IMBIRIBEIRA;;;COLISÃO TRASEIRA;2,0;1,0;0,0;0,0;0,0;0,0;0,0;0,0;0,0;2,0;0,0;;;;;;;;;;;;;
202303877,0;2023-02-16;10:46:00;COM VÍTIMA;FINALIZADA;MACAXEIRA;AV NORTE MIGUEL ARRAES DE ALENCAR;;RUA CORONEL JOAO BATISTA DO REGO BARROS;EM FRENTE A PRAÇA DA MACAXEIRA;MACAXEIRA;671,0;SUBURBIO;COLISÃO FRONTAL;1,0;1,0;0,0;0,0;0,0;0,0;0,0;0,0;0,0;1,0;0,0;;;;;;;;;;;;;
202303910,0;2023-02-17;09:09:00;SEM VÍTIMA;FINALIZADA;SANTO AMARO;RUA GOUVEIA DE BARROS;189;;;SANTO AMARO;;SUBURBIO;TOMBAMENTO;2,0;0,0;0,0;0,0;0,0;0,0;0,0;0,0;0,0;0,0;0,0;;;;;;;;;;;;;
202303925,0;2023-02-17;10:31:00;COM VÍTIMA;FINALIZADA;ENCRUZILHADA;RUA DR JOSE MARIA;27;RUA CARLOS BORROMEU;IGREJA UNIVERSAL;ENCRUZILHADA;;;ATROPELAMENTO DE PESSOA;1,0;0,0;0,0;0,0;1,0;0,0;0,0;0,0;0,0;1,0;0,0;;;;;;;;;;;;;
202303926,0;2023-02-17;10:32:00;COM VÍTIMA;FINALIZADA;BOA VIAGEM;AV HELIO FALCAO;323;;PROX AO COLEGIO ANCHIETA;BOA VIAGEM;;;ATROPELAMENTO DE PESSOA;2,0;0,0;0,0;0,0;1,0;0,0;0,0;0,0;0,0;1,0;0,0;;;;;;;;;;;;;
202303928,0;2023-02-17;10:39:00;SEM VÍTIMA;FINALIZADA;BAIRRO DO RECIFE;PTE CONDE MAURICIO DE NASSAU;;;SOB A PONTE;BAIRRO DO RECIFE;;;COLISÃO LATERAL;0,0;0,0;0,0;0,0;0,0;0,0;0,0;0,0;0,0;0,0;0,0;;;;;;;;;;;;;
202303936,0;2023-02-17;11:15:00;SEM VÍTIMA;FINALIZADA;SANTO AMARO;AV GOVERNADOR AGAMENON MAGALHAES;2091;;LADO OPOSTO A DELEGACIA REGIONAL DO TRABALHO;SANTO AMARO;465,0;SUBURBIO;COLISÃO TRASEIRA;1,0;0,0;0,0;0,0;0,0;0,0;0,0;1,0;0,0;0,0;0,0;;;;;;;;;;;;;
202303938,0;2023-02-17;11:20:00;SEM VÍTIMA;FINALIZADA;CORDEIRO;RUA GOMES TABORDA;146;;AO LADO DO SINDI COMBUSTIVEIS;CORDEIRO;;CIDADE;CHOQUE;0,0;0,0;0,0;0,0;0,0;0,0;1,0;0,0;0,0;0,0;0,0;;;;;;;;;;;;;
202303946,0;2023-02-17;12:25:00;COM VÍTIMA;FINALIZADA;TORRE;RUA CONDE DE IRAJA;894;;EM FRENTE A CASA JOSUE DE CASTRO;TORRE;;SUBURBIO;COLISÃO LATERAL;1,0;1,0;0,0;0,0;0,0;0,0;0,0;0,0;0,0;1,0;0,0;;;;;;;;;;;;;
202303952,0;2023-02-17;01:44:00;COM VÍTIMA;FINALIZADA;ILHA DO RETIRO;AV ENGENHEIRO ABDIAS DE CARVALHO;2126;;EM FRENTE A FARMACIA DROGASIL;ILHA DO RETIRO;;;COLISÃO LATERAL;1,0;2,0;0,0;0,0;0,0;0,0;0,0;0,0;0,0;4,0;0,0;;;;;;;;;;;;;
202303964,0;2023-02-17;04:31:00;COM VÍTIMA;CANCELADA;CASA AMARELA;EST DAS UBAIAS;147;;E/F A PADARIA PARLA DELI;CASA AMARELA;;;COLISÃO TRASEIRA;1,0;1,0;0,0;0,0;0,0;0,0;0,0;0,0;0,0;1,0;0,0;;;;;;;;;;;;;
202303968,0;2023-02-17;06:28:00;COM VÍTIMA;FINALIZADA;JOANA BEZERRA;VIADUTO CAPITAO TEMUDO;;;SOBRE O VIADUTO / NA ALSA PARA O SHOPPING RIO MAR;JOANA BEZERRA;;;COLISÃO LATERAL;1,0;1,0;0,0;0,0;0,0;0,0;0,0;0,0;0,0;2,0;0,0;;;;;;;;;;;;;
202303991,0;2023-02-18;01:30:00;COM VÍTIMA;CANCELADA;IMBIRIBEIRA;AV MARECHAL MASCARENHAS DE MORAES;1681;;E/F À LOJA LASER ELETRO - SENTIDO CIDADE;IMBIRIBEIRA;;;COLISÃO TRASEIRA;0,0;2,0;0,0;0,0;0,0;0,0;0,0;0,0;0,0;1,0;0,0;;;;;;;;;;;;;
202304003,0;2023-02-18;12:01:00;COM VÍTIMA;FINALIZADA;BOA VISTA;RUA DO RIACHUELO;475;;VILA SANTO ANTÔNIO;BOA VISTA;;CIDADE;COLISÃO LATERAL;1,0;1,0;0,0;0,0;0,0;0,0;0,0;0,0;0,0;2,0;0,0;;;;;;;;;;;;;
202304004,0;2023-02-18;12:29:00;COM VÍTIMA;FINALIZADA;ESPINHEIRO;RUA CARNEIRO VILELA;;RUA CONS PORTELA;GALERIA CONSELHEIRO PORTELA / BANCO ITAU DA JOÃO DE BARROS;ESPINHEIRO;;CIDADE;COLISÃO LATERAL;1,0;1,0;0,0;0,0;0,0;0,0;0,0;0,0;0,0;1,0;0,0;;;;;;;;;;;;;
202304007,0;2023-02-18;04:19:00;SEM VÍTIMA;FINALIZADA;CASA FORTE;PRC RADIO JORNAL DO COMERCIO;;;AO LADO DO BOM PREÇO;CASA FORTE;;SUBURBIO;COLISÃO LATERAL;2,0;0,0;0,0;0,0;0,0;0,0;0,0;0,0;0,0;0,0;0,0;;;;;;;;;;;;;
202304009,0;2023-02-18;04:39:00;COM VÍTIMA;FINALIZADA;JIQUIÁ;AV DR JOSE RUFINO;535;RUA MORAIS E SILVA;;JIQUIÁ;;SUBURBIO;COLISÃO TRASEIRA;1,0;1,0;0,0;0,0;0,0;0,0;0,0;0,0;0,0;3,0;0,0;;;;;;;;;;;;;
202304019,0;2023-02-18;06:54:00;SEM VÍTIMA;CANCELADA;BOA VISTA;AV CONDE DA BOA VISTA;;;EM FRENTE A TVPE / ESQ. DO POSTO SHELL;BOA VISTA;;;COLISÃO TRASEIRA;0,0;0,0;0,0;0,0;0,0;0,0;0,0;2,0;0,0;0,0;0,0;;;;;;;;;;;;;
202304021,0;2023-02-18;07:27:00;COM VÍTIMA;FINALIZADA;SANTO AMARO;AV NORTE MIGUEL ARRAES DE ALENCAR;;;EM FRENTE AO SENAI;SANTO AMARO;;CIDADE;QUEDA;0,0;1,0;0,0;0,0;0,0;0,0;0,0;0,0;0,0;1,0;0,0;;;;;;;;;;;;;
202304032,0;2023-02-19;01:09:00;COM VÍTIMA;FINALIZADA;IBURA;AV MATO GROSSO;682;;PRÓXIMO A PADARIA MONZA;IBURA;;;CHOQUE;1,0;1,0;0,0;0,0;0,0;0,0;0,0;0,0;0,0;1,0;0,0;;;;;;;;;;;;;
202304045,0;2023-02-19;10:04:00;COM VÍTIMA;FINALIZADA;CASA AMARELA;RUA PADRE LEMOS;723;;PRÓX. AO POSTO BR;CASA AMARELA;;SUBURBIO;COLISÃO TRASEIRA;1,0;1,0;0,0;0,0;0,0;0,0;0,0;0,0;0,0;2,0;0,0;;;;;;;;;;;;;
202304050,0;2023-02-19;11:25:00;COM VÍTIMA;FINALIZADA;MADALENA;RUA DEMOCRITO DE SOUZA FILHO;;RUA BARTOLOMEU DE GUSMAO;PRÓX. AO GARDEN BELEZA. CAFÉ, MODA. BARBEARIA;MADALENA;;SUBURBIO;COLISÃO LATERAL;1,0;1,0;0,0;0,0;0,0;0,0;0,0;0,0;0,0;1,0;0,0;;;;;;;;;;;;;
202304053,0;2023-02-19;12:29:00;COM VÍTIMA;FINALIZADA;ILHA DO RETIRO;AV ENGENHEIRO ABDIAS DE CARVALHO;104;AV JOSE GONCALVES DE MEDEIROS;EM FRENTE A MCDONALD´S;ILHA DO RETIRO;355,0;SUBURBIO;COLISÃO LATERAL;1,0;1,0;0,0;0,0;0,0;0,0;0,0;0,0;0,0;1,0;0,0;;;;;;;;;;;;;
202304054,0;2023-02-19;12:38:00;COM VÍTIMA;FINALIZADA;AFLITOS;AV CONS ROSA E SILVA;197;;PRÓX. AO CLUBE PORTUGUÊS;AFLITOS;;;COLISÃO TRASEIRA;1,0;0,0;0,0;0,0;0,0;0,0;0,0;1,0;0,0;1,0;0,0;;;;;;;;;;;;;
202304069,0;2023-02-19;09:39:00;COM VÍTIMA;FINALIZADA;SANTO AMARO;AV CRUZ CABUGA;706;RUA FREI CASSIMIRO;PROX. A CASA DA INDUSTRIA;SANTO AMARO;;;COLISÃO LATERAL;1,0;1,0;0,0;0,0;0,0;0,0;0,0;0,0;0,0;1,0;0,0;;;;;;;;;;;;;
202304073,0;2023-02-20;02:19:00;VÍTIMA FATAL;FINALIZADA;BOA VISTA;AV CONDE DA BOA VISTA;505;RUA DO HOSPICIO;COM A RUA DO HOSPICIO;BOA VISTA;23,0;SUBURBIO;ATROPELAMENTO DE PESSOA;0,0;0,0;0,0;0,0;1,0;1,0;0,0;0,0;0,0;0,0;1,0;;;;;;;;;;;;;
202304074,0;2023-02-20;02:23:00;SEM VÍTIMA;CANCELADA;CORDEIRO;AV PROFESSOR ESTEVAO FRANCISCO DA COSTA;;;COM RUA ELISEU CAVALCANTI;CORDEIRO;;;COLISÃO LATERAL;2,0;0,0;0,0;0,0;0,0;0,0;0,0;0,0;0,0;0,0;0,0;;;;;;;;;;;;;
202304076,0;2023-02-20;05:27:00;COM VÍTIMA;FINALIZADA;IMBIRIBEIRA;AV MARECHAL MASCARENHAS DE MORAES;2455;;EM FRENTE AO BANCO BRADESCO;IMBIRIBEIRA;439,0;CIDADE;COLISÃO LATERAL;1,0;1,0;0,0;0,0;0,0;0,0;0,0;0,0;0,0;1,0;0,0;;;;;;;;;;;;;
202304081,0;2023-02-20;09:02:00;COM VÍTIMA;FINALIZADA;BOA VIAGEM;RUA RIBEIRO DE BRITO;1326;;AO LADO DA UNINASSAU;BOA VIAGEM;;;COLISÃO FRONTAL;1,0;1,0;0,0;0,0;0,0;0,0;0,0;0,0;0,0;2,0;0,0;;;;;;;;;;;;;
202304087,0;2023-02-20;09:37:00;COM VÍTIMA;FINALIZADA;BOA VIAGEM;RUA RIBEIRO DE BRITO;1326;RUA AMALIA BERNARDINO DE SOUZA;AO LADO DA UNINASSAU;BOA VIAGEM;;CIDADE;COLISÃO FRONTAL;1,0;1,0;0,0;0,0;0,0;0,0;0,0;0,0;0,0;2,0;0,0;;;;;;;;;;;;;
202304094,0;2023-02-20;10:27:00;COM VÍTIMA;FINALIZADA;BOA VIAGEM;RUA CAMBOIM;970;RUA JOAO CARDOSO AIRES;DONA GULA;BOA VIAGEM;;SUBURBIO;COLISÃO LATERAL;2,0;0,0;0,0;0,0;0,0;0,0;0,0;0,0;0,0;1,0;0,0;;;;;;;;;;;;;
202304107,0;2023-02-20;12:30:00;COM VÍTIMA;FINALIZADA;CORDEIRO;RUA CLAUDIO BROTHERHOOD;275;RUA GOMES TABORDA;E/F A GRAFICA CAMPELO;CORDEIRO;;SUBURBIO;COLISÃO FRONTAL;0,0;2,0;0,0;0,0;0,0;0,0;0,0;0,0;0,0;1,0;0,0;;;;;;;;;;;;;