Protocolo;data;hora;natureza;situacao;bairro;endereco;numero;detalhe_endereco_acidente;complemento;bairro_cruzamento;num_semaforo;sentido_via;tipo;auto;moto;ciclom;ciclista;pedestre;onibus;caminhao;viatura;outros;vitimas;vitimasfatais;acidente_verificado;tempo_clima;situacao_semaforo;sinalizacao;condicao_via;conservacao_via;ponto_controle;situacao_placa;velocidade_max_via;mao_direcao;divisao_via1;divisao_via2;divisao_via3
202304124,0;2023-02-20;03:17:00;COM VÍTIMA;FINALIZADA;BOA VIAGEM;AV ENGENHEIRO DOMINGOS FERREIRA;1097;RUA TOME GIBSON;PROX AO COLEGIO MUNICIPAL OSWALDO DE LIMA FILHO;BOA VIAGEM;200,0;SUBURBIO;COLISÃO TRASEIRA;0,0;2,0;0,0;0,0;0,0;0,0;0,0;0,0;0,0;2,0;0,0;;;;;;;;;;;;;
202304144,0;2023-02-20;08:14:00;COM VÍTIMA;FINALIZADA;CAXANGÁ;AV CAXANGA;;RUA RIBEIRO PESSOA;PRÓXIMO A UPA;CAXANGÁ;;SUBURBIO;COLISÃO FRONTAL;0,0;0,0;0,0;0,0;0,0;0,0;0,0;0,0;0,0;1,0;0,0;;;;;;;;;;;;;
202304145,0;2023-02-20;08:31:00;SEM VÍTIMA;FINALIZADA;CORDEIRO;RUA OCIDENTAL;142;;ANTIGO TERMINAL DO SÍTIO DAS PALMEIRAS;CORDEIRO;;;CHOQUE;0,0;0,0;0,0;0,0;0,0;0,0;0,0;0,0;0,0;0,0;0,0;;;;;;;;;;;;;
202304153,0;2023-02-21;01:24:00;SEM VÍTIMA;FINALIZADA;ESPINHEIRO;RUA BUENOS AYRES;;;EM FRENTE AO SANTANDER;ESPINHEIRO;;;COLISÃO FRONTAL;0,0;0,0;0,0;0,0;0,0;0,0;0,0;0,0;0,0;0,0;0,0;;;;;;;;;;;;;
202304154,0;2023-02-21;02:44:00;COM VÍTIMA;FINALIZADA;GRAÇAS;AV CONS ROSA E SILVA;;RUA ANTENOR NAVARRO;;GRAÇAS;522,0;SUBURBIO;COLISÃO FRONTAL;2,0;0,0;0,0;0,0;0,0;0,0;0,0;0,0;0,0;1,0;0,0;;;;;;;;;;;;;
202304161,0;2023-02-21;07:48:00;COM VÍTIMA;FINALIZADA;IMBIRIBEIRA;AV MARECHAL MASCARENHAS DE MORAES;1780;;EM FRENTE AO POSTO BR;IMBIRIBEIRA;;;COLISÃO TRASEIRA;1,0;1,0;0,0;0,0;0,0;0,0;0,0;0,0;0,0;1,0;0,0;;;;;;;;;;;;;
202304171,0;2023-02-21;10:33:00;COM VÍTIMA;FINALIZADA;IBURA;AV RECIFE;;RUA SAO NICOLAU;SEMÁFORO 016;IBURA;16,0;SUBURBIO;COLISÃO TRASEIRA;2,0;1,0;0,0;0,0;0,0;0,0;0,0;0,0;0,0;2,0;0,0;;;;;;;;;;;;;
202304183,0;2023-02-21;03:22:00;COM VÍTIMA;CANCELADA;BOA VIAGEM;RUA VISCONDE DE JEQUITINHONHA;652;RUA ERNESTO DE PAULA SANTOS;DE ESQUINA COM O SOBERANO;BOA VIAGEM;304,0;;COLISÃO LATERAL;1,0;0,0;0,0;0,0;0,0;1,0;0,0;0,0;0,0;1,0;0,0;;;;;;;;;;;;;
202304185,0;2023-02-21;03:33:00;SEM VÍTIMA;FINALIZADA;CAXANGÁ;AV CAXANGA;612;RUA JOSE OSORIO;SOB O SEMÁFORO DE Nº 489;CAXANGÁ;489,0;SUBURBIO;;1,0;0,0;0,0;0,0;0,0;0,0;1,0;0,0;0,0;0,0;0,0;;;;;;;;;;;;;
202304198,0;2023-02-22;02:36:00;COM VÍTIMA;FINALIZADA;ILHA JOANA BEZERRA;VIADUTO CAPITAO TEMUDO;;;ALÇA DE ACESSO À RUA IMPERIAL;ILHA JOANA BEZERRA;;SUBURBIO;CHOQUE;1,0;0,0;0,0;0,0;0,0;0,0;0,0;0,0;1,0;1,0;0,0;;;;;;;;;;;;;
202304203,0;2023-02-22;05:47:00;COM VÍTIMA;FINALIZADA;AFOGADOS;RUA SAO MIGUEL;;;PRÓXIMO AO 14° BATALHÃO LOGISTICO;AFOGADOS;;CIDADE;COLISÃO FRONTAL;2,0;0,0;0,0;0,0;0,0;0,0;0,0;0,0;0,0;2,0;0,0;;;;;;;;;;;;;
202304207,0;2023-02-22;07:40:00;COM VÍTIMA;FINALIZADA;AFOGADOS;RUA SAO MIGUEL;685;;;AFOGADOS;391,0;CIDADE;COLISÃO TRASEIRA;0,0;2,0;0,0;0,0;0,0;0,0;0,0;0,0;0,0;2,0;0,0;;;;;;;;;;;;;
202304214,0;2023-02-22;09:29:00;COM VÍTIMA;FINALIZADA;SÃO JOSÉ;RUA IMPERIAL;1194;RUA BOM SUCESSO;APÓS O COLÉGIO JOAQUIM NABUCO;SÃO JOSÉ;;;COLISÃO LATERAL;1,0;1,0;0,0;0,0;0,0;0,0;0,0;0,0;0,0;1,0;0,0;;;;;;;;;;;;;
202304216,0;2023-02-22;10:27:00;COM VÍTIMA;FINALIZADA;ILHA DO RETIRO;AV ENGENHEIRO ABDIAS DE CARVALHO;2099;EST DOS REMEDIOS;EM FRENTE A FARMACIA INDEPENDENTE;ILHA DO RETIRO;52,0;;COLISÃO LATERAL;2,0;0,0;0,0;0,0;0,0;0,0;0,0;0,0;0,0;2,0;0,0;;;;;;;;;;;;;
202304245,0;2023-02-22;04:15:00;COM VÍTIMA;FINALIZADA;PINA;AVENIDA CELSO FURTADO (VIA MANGUE);;;NA VIA MANGUE;PINA;;;COLISÃO FRONTAL;1,0;1,0;0,0;0,0;0,0;0,0;0,0;0,0;0,0;1,0;0,0;;;;;;;;;;;;;
202304260,0;2023-02-22;07:01:00;SEM VÍTIMA;FINALIZADA;ARRUDA;AV PROFESSOR JOSE DOS ANJOS;1029;;PROX AO DNOCS;ARRUDA;;;COLISÃO LATERAL;1,0;0,0;0,0;0,0;0,0;0,0;1,0;0,0;0,0;0,0;0,0;;;;;;;;;;;;;
202304274,0;2023-02-23;07:38:00;COM VÍTIMA;FINALIZADA;BOA VIAGEM;RUA DEZ DE JULHO;;;PRÓX. À ESTAÇÃO AEROPORTO;BOA VIAGEM;;;COLISÃO LATERAL;1,0;1,0;0,0;0,0;0,0;0,0;0,0;0,0;0,0;1,0;0,0;;;;;;;;;;;;;
202304275,0;2023-02-23;07:47:00;COM VÍTIMA;FINALIZADA;IPSEP;RUA ADERBAL DE MELO;465;;PRÓX. À PRAÇA DO IPÊ / LÉO BAR;IPSEP;;;COLISÃO FRONTAL;1,0;1,0;0,0;0,0;0,0;0,0;0,0;0,0;0,0;1,0;0,0;;;;;;;;;;;;;
202304279,0;2023-02-23;08:04:00;COM VÍTIMA;FINALIZADA;SAN MARTIN;AV CONSUL VILARES FRAGOSO;;;CAVALARIA;SAN MARTIN;;;COLISÃO LATERAL;1,0;1,0;0,0;0,0;0,0;0,0;0,0;0,0;0,0;1,0;0,0;;;;;;;;;;;;;
202304306,0;2023-02-23;11:55:00;SEM VÍTIMA;FINALIZADA;IMBIRIBEIRA;AV MARECHAL MASCARENHAS DE MORAES;884;;EM FRENTE AO POSTO IPIRANGA;IMBIRIBEIRA;396,0;SUBURBIO;;0,0;1,0;0,0;0,0;0,0;0,0;0,0;1,0;0,0;0,0;0,0;;;;;;;;;;;;;
202304315,0;2023-02-23;01:02:00;SEM VÍTIMA;FINALIZADA;BOA VIAGEM;AV ANTONIO TORRES GALVAO;;AVENIDA CELSO FURTADO (VIA MANGUE);EM CIMA DA PONTE DA VIA MANGUE  S/T CID;BOA VIAGEM;;;COLISÃO LATERAL;1,0;0,0;0,0;0,0;0,0;0,0;1,0;0,0;0,0;0,0;0,0;;;;;;;;;;;;;
202304324,0;2023-02-23;03:10:00;COM VÍTIMA;FINALIZADA;ÁGUA FRIA;AV BEBERIBE;2298;;EM FRENTE AO MERCADINHO DOIS IRMÃOS;ÁGUA FRIA;;;COLISÃO LATERAL;1,0;1,0;0,0;0,0;0,0;0,0;0,0;0,0;0,0;1,0;0,0;;;;;;;;;;;;;
202304334,0;2023-02-23;04:11:00;COM VÍTIMA;FINALIZADA;SÃO JOSÉ;AV DANTAS BARRETO;;;E/F AO ANTIGO BANCO SANTANDER;SÃO JOSÉ;;;ATROPELAMENTO DE PESSOA;0,0;0,0;0,0;0,0;1,0;1,0;0,0;0,0;0,0;1,0;0,0;;;;;;;;;;;;;
202304338,0;2023-02-23;05:29:00;COM VÍTIMA;FINALIZADA;SÃO JOSÉ;RUA IMPERIAL;;;S/T AFOGADOS E/F AO PONTILHAO DO METRO;SÃO JOSÉ;;;COLISÃO LATERAL;1,0;1,0;0,0;0,0;0,0;0,0;0,0;0,0;0,0;1,0;0,0;;;;;;;;;;;;;
202304352,0;2023-02-23;07:19:00;COM VÍTIMA;FINALIZADA;BONGI;AV ENGENHEIRO ABDIAS DE CARVALHO;1767;;POSTO BR;BONGI;;;COLISÃO COM CICLISTA;0,0;0,0;0,0;1,0;0,0;1,0;0,0;0,0;0,0;1,0;0,0;;;;;;;;;;;;;
202304353,0;2023-02-23;07:56:00;SEM VÍTIMA;FINALIZADA;TORRE;RUA REAL DA TORRE;;RUA PADRE ANCHIETA;;TORRE;192,0;SUBURBIO;;1,0;0,0;0,0;0,0;0,0;0,0;0,0;1,0;0,0;0,0;0,0;;;;;;;;;;;;;
202304361,0;2023-02-23;10:53:00;VÍTIMA FATAL;FINALIZADA;CORDEIRO;AV CAXANGA;3035;;EM FRENTE À ASEMBLÉIA DE DEUS;CORDEIRO;;CI;ATROPELAMENTO DE PESSOA;1,0;0,0;0,0;0,0;1,0;0,0;0,0;0,0;0,0;0,0;1,0;;;;;;;;;;;;;
202304365,0;2023-02-24;07:08:00;COM VÍTIMA;FINALIZADA;BOA VIAGEM;AV CONSELHEIRO AGUIAR;;RUA RIBEIRO DE BRITO;PRÓX. À FARMÁCIA PAGUE MENOS;BOA VIAGEM;;;COLISÃO LATERAL;1,0;1,0;0,0;0,0;0,0;0,0;0,0;0,0;0,0;1,0;0,0;;;;;;;;;;;;;
202304408,0;2023-02-24;01:09:00;COM VÍTIMA;FINALIZADA;IMBIRIBEIRA;AV MARECHAL MASCARENHAS DE MORAES;;;LADO OPOSTO AO ARMAZÉM CORAL;IMBIRIBEIRA;287,0;;COLISÃO TRASEIRA;1,0;1,0;0,0;0,0;0,0;0,0;0,0;0,0;0,0;1,0;0,0;;;;;;;;;;;;;
202304410,0;2023-02-24;01:22:00;COM VÍTIMA;FINALIZADA;VÁRZEA;RUA PROFESSOR ANTONIO COELHO;;;NA ENTRADA DA ENTEGRAÇÃO DE CDU;VÁRZEA;;;COLISÃO FRONTAL;0,0;1,0;0,0;0,0;0,0;1,0;0,0;0,0;0,0;1,0;0,0;;;;;;;;;;;;;
202304411,0;2023-02-24;01:55:00;COM VÍTIMA;FINALIZADA;IBURA;RUA RIO XINGU;313;;PROX ASSEMBLEIA DE DEUS;IBURA;;;COLISÃO LATERAL;1,0;1,0;0,0;0,0;0,0;0,0;0,0;0,0;0,0;1,0;0,0;;;;;;;;;;;;;
202304434,0;2023-02-24;04:12:00;COM VÍTIMA;FINALIZADA;BOA VIAGEM;AV DES JOSE NEVES;168;;AO LADO DA LOJA FERREIRA PINTO;BOA VIAGEM;;;COLISÃO TRASEIRA;1,0;1,0;0,0;0,0;0,0;0,0;0,0;0,0;0,0;1,0;0,0;;;;;;;;;;;;;
202304440,0;2023-02-24;04:52:00;SEM VÍTIMA;FINALIZADA;TORRE;RUA CONDE DE IRAJA;;AV BEIRA RIO;SOB O SEMÁFORO 680;TORRE;680,0;SUBURBIO;COLISÃO TRANSVERSAL;0,0;1,0;0,0;0,0;0,0;0,0;0,0;1,0;0,0;0,0;0,0;;;;;;;;;;;;;
202304442,0;2023-02-24;05:19:00;SEM VÍTIMA;FINALIZADA;SÃO JOSÉ;AV ENGENHEIRO JOSE ESTELITA;;;;SÃO JOSÉ;;;COLISÃO TRASEIRA;2,0;0,0;0,0;0,0;0,0;0,0;0,0;0,0;0,0;0,0;0,0;;;;;;;;;;;;;
202304478,0;2023-02-25;09:55:00;COM VÍTIMA;FINALIZADA;CAXANGÁ;RUA RIBEIRO PESSOA;125;;EM FRENTE AO MOTEL TURQUESA, PROX A UPA;CAXANGÁ;;;COLISÃO LATERAL;1,0;1,0;0,0;0,0;0,0;0,0;0,0;0,0;0,0;1,0;0,0;;;;;;;;;;;;;
202304492,0;2023-02-25;11:58:00;COM VÍTIMA;FINALIZADA;CAXANGÁ;AV JOAQUIM RIBEIRO;;;APÓS. À UNINASSAU / EM FRENTE À ÁGUA MINERAL CAXANGÁ;CAXANGÁ;;;COLISÃO LATERAL;1,0;1,0;0,0;0,0;0,0;0,0;0,0;0,0;0,0;1,0;0,0;;;;;;;;;;;;;
202304495,0;2023-02-25;01:39:00;COM VÍTIMA;FINALIZADA;IMBIRIBEIRA;AV MARECHAL MASCARENHAS DE MORAES;;;EM FRENTE A FACULDADE UNIVERSO;IMBIRIBEIRA;;;COLISÃO TRASEIRA;0,0;2,0;0,0;0,0;0,0;0,0;0,0;0,0;0,0;1,0;0,0;;;;;;;;;;;;;
202304498,0;2023-02-25;02:33:00;COM VÍTIMA;FINALIZADA;TAMARINEIRA;AV NORTE MIGUEL ARRAES DE ALENCAR;;;LADO OPOSTO AO SESC;TAMARINEIRA;;CIDADE;COLISÃO FRONTAL;0,0;2,0;0,0;0,0;0,0;0,0;0,0;0,0;0,0;1,0;0,0;;;;;;;;;;;;;
202304518,0;2023-02-25;07:16:00;SEM VÍTIMA;CANCELADA;ARRUDA;AV PROFESSOR JOSE DOS ANJOS;8;;PRÓX. À ACADEMIA DA CIDADE, PERTO DO BAR DO BIGODE.;ARRUDA;;;COLISÃO TRANSVERSAL;2,0;0,0;0,0;0,0;0,0;0,0;0,0;0,0;0,0;0,0;0,0;;;;;;;;;;;;;
202304522,0;2023-02-25;09:01:00;COM VÍTIMA;FINALIZADA;CAJUEIRO;AV SEBASTIAO SALAZAR;410;;PRÓX. À IGREJA CATÓLICA DE CAJUEIRO;CAJUEIRO;;;COLISÃO FRONTAL;1,0;1,0;0,0;0,0;0,0;0,0;0,0;0,0;0,0;1,0;0,0;;;;;;;;;;;;;
202304523,0;2023-02-25;10:04:00;COM VÍTIMA;FINALIZADA;CAMPO GRANDE;RUA ODORICO MENDES;;;EM FRENTE A GALERIA CAZÉ;CAMPO GRANDE;;SUBURBIO;COLISÃO TRANSVERSAL;0,0;2,0;0,0;0,0;0,0;0,0;0,0;0,0;0,0;1,0;0,0;;;;;;;;;;;;;
202304525,0;2023-02-25;11:24:00;SEM VÍTIMA;CANCELADA;NOVA DESCOBERTA;RUA NOVA DESCOBERTA;1309;;PRÓXIMO A ENTRADA DO CORREGO DO EUCALIPTO;NOVA DESCOBERTA;;;COLISÃO LATERAL;2,0;1,0;0,0;0,0;0,0;0,0;0,0;0,0;0,0;0,0;0,0;;;;;;;;;;;;;
202304560,0;2023-02-26;11:12:00;COM VÍTIMA;FINALIZADA;IPSEP;RUA PINTOR ANTONIO ALBUQUERQUE;81;;PROX. AO POSTO SHELL DA AV. RECIFE;IPSEP;;;COLISÃO LATERAL;1,0;1,0;0,0;0,0;0,0;0,0;0,0;0,0;0,0;1,0;0,0;;;;;;;;;;;;;
202304571,0;2023-02-26;02:13:00;COM VÍTIMA;FINALIZADA;GRAÇAS;AV BEIRA RIO;;RUA CONDE DE IRAJA;NA DESCIDA DA PONTE DA TORRE;GRAÇAS;;;COLISÃO FRONTAL;2,0;0,0;0,0;0,0;0,0;0,0;0,0;0,0;0,0;4,0;0,0;;;;;;;;;;;;;
202304592,0;2023-02-27;07:39:00;COM VÍTIMA;FINALIZADA;AREIAS;AV DR JOSE RUFINO;1807;;EM FRENTE A CRECHE MUNICIPAL TANCREDO NEVES E AO CONDOMINIO MORADA DO BARRO;AREIAS;;;COLISÃO FRONTAL;4,0;1,0;0,0;0,0;0,0;0,0;1,0;0,0;0,0;1,0;0,0;;;;;;;;;;;;;
202304595,0;2023-02-27;08:31:00;COM VÍTIMA;CANCELADA;AFOGADOS;RUA SAO MIGUEL;28;;PROX. A MATERNIDADE BANDEIRA FILHO;AFOGADOS;;;COLISÃO LATERAL;1,0;1,0;0,0;0,0;0,0;0,0;0,0;0,0;0,0;1,0;0,0;;;;;;;;;;;;;
202304598,0;2023-02-27;08:41:00;SEM VÍTIMA;FINALIZADA;CASA AMARELA;RUA BELA VISTA;58;;PRÓXIMO AO REI DA PICANHA;CASA AMARELA;;SUBURBIO;COLISÃO TRANSVERSAL;1,0;0,0;0,0;0,0;0,0;0,0;1,0;0,0;0,0;0,0;0,0;;;;;;;;;;;;;
202304600,0;2023-02-27;08:49:00;SEM VÍTIMA;FINALIZADA;SÃO JOSÉ;AV ENGENHEIRO JOSE ESTELITA;;;;SÃO JOSÉ;;SUBURBIO;COLISÃO TRASEIRA;1,0;0,0;0,0;0,0;0,0;0,0;0,0;0,0;0,0;0,0;0,0;;;;;;;;;;;;;
202304601,0;2023-02-27;08:53:00;SEM VÍTIMA;FINALIZADA;SANTO AMARO;AV CRUZ CABUGA;;;LADO OPOSTO AO Nº 304;SANTO AMARO;;CIDADE;COLISÃO TRANSVERSAL;1,0;1,0;0,0;0,0;0,0;0,0;0,0;0,0;0,0;0,0;0,0;;;;;;;;;;;;;
202304612,0;2023-02-27;10:56:00;SEM VÍTIMA;FINALIZADA;TORRE;RUA JOSE OSORIO;;RUA JOAQUIM NABUCO;EM CIMA DA PONTE DA CAPUNGA;TORRE;;;COLISÃO TRASEIRA;3,0;0,0;0,0;0,0;0,0;0,0;0,0;0,0;0,0;0,0;0,0;;;;;;;;;;;;;
202304619,0;2023-02-27;01:52:00;COM VÍTIMA;FINALIZADA;JARDIM SÃO PAULO;AV SAO PAULO;149;;BRAGA BURGUE;JARDIM SÃO PAULO;;;COLISÃO LATERAL;1,0;1,0;0,0;0,0;0,0;0,0;0,0;0,0;0,0;1,0;0,0;;;;;;;;;;;;;
202304623,0;2023-02-27;02:16:00;COM VÍTIMA;CANCELADA;DOIS UNIDOS;AV HILDEBRANDO DE VASCONCELOS;;;PROXIMO A SUBESTAÇÃO DA CELPE E AO ANTIGO CT DO SANTA CRUZ;DOIS UNIDOS;;SUBURBIO;COLISÃO LATERAL;0,0;2,0;0,0;0,0;0,0;0,0;0,0;0,0;0,0;1,0;0,0;;;;;;;;;;;;;
202304628,0;2023-02-27;03:57:00;SEM VÍTIMA;FINALIZADA;GRAÇAS;AV RUI BARBOSA;218;;PRAÇA DO ENTROCAMENTO;GRAÇAS;;;COLISÃO LATERAL;1,0;0,0;0,0;0,0;0,0;1,0;0,0;0,0;0,0;0,0;0,0;;;;;;;;;;;;;
202304630,0;2023-02-27;04:21:00;COM VÍTIMA;FINALIZADA;IMBIRIBEIRA;RUA ITAJAI;525;;POR TRAS DO BANCO DO BRASIL;IMBIRIBEIRA;;;COLISÃO LATERAL;1,0;1,0;0,0;0,0;0,0;0,0;0,0;0,0;0,0;2,0;0,0;;;;;;;;;;;;;
202304633,0;2023-02-27;05:18:00;COM VÍTIMA;FINALIZADA;IMBIRIBEIRA;AV MARECHAL MASCARENHAS DE MORAES;5109;;EM FRENTE A LOJA DM PEÇAS E SERVIÇOS;IMBIRIBEIRA;;;COLISÃO TRASEIRA;1,0;1,0;0,0;0,0;0,0;1,0;0,0;0,0;0,0;1,0;0,0;;;;;;;;;;;;;
202304636,0;2023-02-27;05:36:00;COM VÍTIMA;FINALIZADA;ENCRUZILHADA;AV NORTE MIGUEL ARRAES DE ALENCAR;;;EM FRENTE A RENAULT;ENCRUZILHADA;;;COLISÃO TRASEIRA;1,0;1,0;0,0;0,0;0,0;0,0;0,0;0,0;0,0;1,0;0,0;;;;;;;;;;;;;
202304638,0;2023-02-27;05:53:00;COM VÍTIMA;FINALIZADA;PINA;AV ANTONIO DE GOES;;RUA MANOEL DE BRITO;COM A RUA MANOEL DE BRITO NA SAÍDA DO TÚNEL JOSUÉ DE CASTRO, PISTA DA DIREITA.;PINA;;;COLISÃO LATERAL;1,0;1,0;0,0;0,0;0,0;0,0;0,0;0,0;0,0;1,0;0,0;;;;;;;;;;;;;
202304645,0;2023-02-27;06:48:00;SEM VÍTIMA;CANCELADA;ARRUDA;RUA COUTO MAGALHAES;;;COLEGIO AO FAZER CRESCER;ARRUDA;;;COLISÃO FRONTAL;2,0;0,0;0,0;0,0;0,0;0,0;0,0;0,0;0,0;0,0;0,0;;;;;;;;;;;;;
202304651,0;2023-02-27;07:53:00;COM VÍTIMA;CANCELADA;SANTO AMARO;AV NORTE MIGUEL ARRAES DE ALENCAR;;;OPOSTO À CHEVROLET, PRÓX. À PRAÇA DA PICANHA;SANTO AMARO;;;ATROPELAMENTO DE PESSOA;0,0;0,0;0,0;0,0;2,0;1,0;0,0;0,0;0,0;2,0;0,0;;;;;;;;;;;;;
202304655,0;2023-02-27;08:24:00;SEM VÍTIMA;FINALIZADA;SANTO ANTÔNIO;AV DANTAS BARRETO;940;;COMERCIAL ROQUE;SANTO ANTÔNIO;;SUBURBIO;COLISÃO LATERAL;0,0;0,0;0,0;0,0;0,0;1,0;0,0;1,0;0,0;0,0;0,0;;;;;;;;;;;;;
202304659,0;2023-02-27;10:32:00;COM VÍTIMA;FINALIZADA;GRAÇAS;RUA CARDEAL ARCOVERDE;260;;PRÓX. AO RESTAURANTE ILHA DA COSTA;GRAÇAS;;;COLISÃO TRASEIRA;2,0;0,0;0,0;0,0;0,0;0,0;0,0;0,0;0,0;1,0;0,0;;;;;;;;;;;;;
202304672,0;2023-02-28;08:07:00;COM VÍTIMA;FINALIZADA;SANTO ANTÔNIO;PRC DA REPUBLICA;;;AO LADO DO TEATRO SANTA IZABEL;SANTO ANTÔNIO;;;COLISÃO COM CICLISTA;1,0;0,0;0,0;1,0;0,0;0,0;0,0;0,0;0,0;1,0;0,0;;;;;;;;;;;;;
202304683,0;2023-02-28;10:11:00;COM VÍTIMA;FINALIZADA;ESPINHEIRO;RUA BARAO DE ITAMARACA;160;;AO LADO DA HAPICLÍNICA BARÃO DE ITAMARACÁ;ESPINHEIRO;;CIDADE;ATROPELAMENTO DE PESSOA;0,0;1,0;0,0;0,0;1,0;0,0;0,0;0,0;0,0;2,0;0,0;;;;;;;;;;;;;
202304689,0;2023-02-28;11:19:00;SEM VÍTIMA;FINALIZADA;IMBIRIBEIRA;AV MARECHAL MASCARENHAS DE MORAES;1968;;ESQUINA COM A JACAUNA MÓVEIS;IMBIRIBEIRA;;SUBURBIO;COLISÃO TRANSVERSAL;1,0;0,0;0,0;0,0;0,0;0,0;0,0;1,0;0,0;0,0;0,0;;;;;;;;;;;;;
202304700,0;2023-02-28;01:56:00;COM VÍTIMA;FINALIZADA;IMBIRIBEIRA;AV MARECHAL MASCARENHAS DE MORAES;6369;;PROX A ENTREDA A JORDÃO / EM FRENTE A LOJA FERRO MAIS;IMBIRIBEIRA;;CIDADE;COLISÃO TRASEIRA;1,0;1,0;0,0;0,0;0,0;0,0;0,0;0,0;0,0;1,0;0,0;;;;;;;;;;;;;
202304709,0;2023-02-28;03:20:00;COM VÍTIMA;FINALIZADA;SANTO AMARO;AV CRUZ CABUGA;;;;SANTO AMARO;;CIDADE;COLISÃO COM CICLISTA;1,0;0,0;0,0;1,0;0,0;0,0;0,0;0,0;0,0;1,0;0,0;;;;;;;;;;;;;
202304710,0;2023-02-28;04:16:00;SEM VÍTIMA;FINALIZADA;BOA VISTA;RUA JOAO FERNANDES VIEIRA;769;;EM FRENTE AO VERD FRUT;BOA VISTA;173,0;SUBURBIO;;1,0;0,0;0,0;0,0;0,0;0,0;1,0;0,0;0,0;0,0;0,0;;;;;;;;;;;;;
202304715,0;2023-02-28;05:53:00;COM VÍTIMA;FINALIZADA;BEBERIBE;AV BEBERIBE;2497;;EM FRENTE AO BUTECO PARRILLA;BEBERIBE;;SUBURBIO;COLISÃO LATERAL;1,0;1,0;0,0;0,0;0,0;0,0;0,0;0,0;0,0;1,0;0,0;;;;;;;;;;;;;
202304719,0;2023-02-28;07:15:00;COM VÍTIMA;FINALIZADA;IMBIRIBEIRA;AV MARECHAL MASCARENHAS DE MORAES;;AV GENERAL MAC ARTHUR;EM FRENTE AO BANCO ITAÚ;IMBIRIBEIRA;225,0;;COLISÃO LATERAL;0,0;1,0;0,0;0,0;0,0;0,0;1,0;0,0;0,0;2,0;0,0;;;;;;;;;;;;;
202304724,0;2023-02-28;10:59:00;COM VÍTIMA;FINALIZADA;BOA VIAGEM;RUA BARAO DE SOUZA LEAO;;;PRACINHA DE BOA VIAGEM;BOA VIAGEM;;;COLISÃO FRONTAL;0,0;2,0;0,0;0,0;0,0;0,0;0,0;0,0;0,0;2,0;0,0;;;;;;;;;;;;;
202304725,0;2023-03-01;01:34:00;COM VÍTIMA;FINALIZADA;TORRE;RUA JOSE BONIFACIO;;;PRÓXIMO AO CARREFOUR;TORRE;487,0;SUBURBIO;COLISÃO FRONTAL;0,0;0,0;0,0;0,0;0,0;0,0;0,0;0,0;0,0;1,0;0,0;;;;;;;;;;;;;
202304726,0;2023-03-01;01:58:00;SEM VÍTIMA;FINALIZADA;BOA VIAGEM;RUA RIBEIRO DE BRITO;972;RUA DOS NAVEGANTES;AO LADO DO Nº 972;BOA VIAGEM;;;;1,0;0,0;0,0;0,0;0,0;0,0;0,0;1,0;0,0;0,0;0,0;;;;;;;;;;;;;
202304743,0;2023-03-01;09:38:00;COM VÍTIMA;FINALIZADA;IMBIRIBEIRA;RUA JOAQUIM BANDEIRA;;RUA JACI;PROX A LOJA MITSUBISHI;IMBIRIBEIRA;;;COLISÃO LATERAL;1,0;1,0;0,0;0,0;0,0;0,0;0,0;0,0;0,0;1,0;0,0;;;;;;;;;;;;;
202304761,0;2023-03-01;12:27:00;COM VÍTIMA;FINALIZADA;SANTO AMARO;AV MARIO MELO;;;AO LADO RM EXPRESS;SANTO AMARO;;;COLISÃO TRASEIRA;1,0;1,0;0,0;0,0;0,0;0,0;0,0;0,0;0,0;1,0;0,0;;;;;;;;;;;;;
202304770,0;2023-03-01;01:35:00;SEM VÍTIMA;FINALIZADA;SANTO AMARO;RUA ALVARES DE AZEVEDO;153;RUA GOUVEIA DE BARROS;CENTRO EDUCACIONAL ULISSES PERNAMBUCANO;SANTO AMARO;93,0;CIDADE;;2,0;0,0;0,0;0,0;0,0;0,0;0,0;0,0;0,0;0,0;0,0;;;;;;;;;;;;;
202304781,0;2023-03-01;04:46:00;COM VÍTIMA;FINALIZADA;BOA VIAGEM;RUA COSMORAMA;25;;PROX A GARAGEM DA BORBOREMA;BOA VIAGEM;;;COLISÃO COM CICLISTA;0,0;0,0;0,0;1,0;0,0;1,0;0,0;0,0;0,0;1,0;0,0;;;;;;;;;;;;;
202304784,0;2023-03-01;05:19:00;COM VÍTIMA;FINALIZADA;ILHA DO LEITE;RUA FRANCISCO ALVES;;;EM FRENTE AO HOPE;ILHA DO LEITE;;;COLISÃO LATERAL;1,0;1,0;0,0;0,0;0,0;0,0;0,0;0,0;0,0;1,0;0,0;;;;;;;;;;;;;
202304801,0;2023-03-01;08:51:00;COM VÍTIMA;CANCELADA;ESTÂNCIA;AV RECIFE;;;PRÓX. AO HOTEL ESTORIL;ESTÂNCIA;;;COLISÃO TRANSVERSAL;1,0;1,0;0,0;0,0;0,0;0,0;0,0;0,0;0,0;1,0;0,0;;;;;;;;;;;;;