Protocolo;data;hora;natureza;situacao;bairro;endereco;numero;detalhe_endereco_acidente;complemento;bairro_cruzamento;num_semaforo;sentido_via;tipo;auto;moto;ciclom;ciclista;pedestre;onibus;caminhao;viatura;outros;vitimas;vitimasfatais;acidente_verificado;tempo_clima;situacao_semaforo;sinalizacao;condicao_via;conservacao_via;ponto_controle;situacao_placa;velocidade_max_via;mao_direcao;divisao_via1;divisao_via2;divisao_via3
202304806,0;2023-03-01;11:27:00;COM VÍTIMA;FINALIZADA;JARDIM SÃO PAULO;AV SAO PAULO;338;;PRÓX. AO MERCADINHO RENDE MAIS;JARDIM SÃO PAULO;;;COLISÃO TRANSVERSAL;0,0;1,0;0,0;0,0;0,0;0,0;1,0;0,0;0,0;1,0;0,0;;;;;;;;;;;;;
202304813,0;2023-03-02;06:45:00;COM VÍTIMA;FINALIZADA;JAQUEIRA;AV RUI BARBOSA;;RUA MUNIZ TAVARES;PROX. AO HOSPITAL MARIA LUCINDA;JAQUEIRA;460,0;;COLISÃO COM CICLISTA;1,0;0,0;0,0;1,0;0,0;0,0;0,0;0,0;0,0;1,0;0,0;;;;;;;;;;;;;
202304831,0;2023-03-02;08:34:00;COM VÍTIMA;FINALIZADA;COHAB;AV SERRA DA MANTIQUEIRA;150;;APÓS A ASSEMBLEIA DE DEUS / PRÓX. AO SOCIETY PERNA DE PAU;COHAB;;;COLISÃO FRONTAL;0,0;1,0;0,0;0,0;0,0;1,0;0,0;0,0;0,0;1,0;0,0;;;;;;;;;;;;;
202304832,0;2023-03-02;08:54:00;COM VÍTIMA;FINALIZADA;BOA VIAGEM;AV ENGENHEIRO DOMINGOS FERREIRA;;;POSTO IPIRANGA / RECIFE TRADE CENTER;BOA VIAGEM;;;COLISÃO TRASEIRA;1,0;1,0;0,0;0,0;0,0;0,0;0,0;0,0;0,0;1,0;0,0;;;;;;;;;;;;;
202304842,0;2023-03-02;10:07:00;COM VÍTIMA;FINALIZADA;BAIRRO DO RECIFE;RUA DO BOM JESUS;;;COOPERATIVA ALIANÇA;BAIRRO DO RECIFE;;;TOMBAMENTO;0,0;1,0;0,0;0,0;0,0;0,0;0,0;0,0;0,0;1,0;0,0;;;;;;;;;;;;;
202304845,0;2023-03-02;10:26:00;COM VÍTIMA;FINALIZADA;DOIS UNIDOS;AV HILDEBRANDO DE VASCONCELOS;662;;PRÓX. À TOP FITNESS ACADEMIA;DOIS UNIDOS;;;COLISÃO FRONTAL;1,0;1,0;0,0;0,0;0,0;0,0;0,0;0,0;0,0;2,0;0,0;;;;;;;;;;;;;
202304846,0;2023-03-02;10:47:00;SEM VÍTIMA;FINALIZADA;VASCO DA GAMA;RUA ALTO DO EUCALIPTO;267;RUA VASCO DA GAMA;PRÓX A BARRACA DE SEU AUCIDES E AO SUPERMERCADO RENDE MAIS.;VASCO DA GAMA;;;COLISÃO LATERAL;1,0;0,0;0,0;0,0;0,0;0,0;1,0;0,0;0,0;0,0;0,0;;;;;;;;;;;;;
202304852,0;2023-03-02;11:47:00;SEM VÍTIMA;FINALIZADA;ESTÂNCIA;AV RECIFE;5630;AV JOAO CABRAL DE MELO NETO;EM FRENTE AO CERPE;ESTÂNCIA;259,0;CIDADE;COLISÃO TRASEIRA;2,0;0,0;0,0;0,0;0,0;0,0;0,0;0,0;0,0;0,0;0,0;;;;;;;;;;;;;
202304861,0;2023-03-02;03:43:00;COM VÍTIMA;FINALIZADA;DERBY;AV GOVERNADOR AGAMENON MAGALHAES;;RUA JOAQUIM NABUCO;AO LADO DO HOSPITAL RESTAURAÇÃO;DERBY;;;ATROPELAMENTO DE PESSOA;0,0;1,0;0,0;0,0;1,0;0,0;0,0;0,0;0,0;1,0;0,0;;;;;;;;;;;;;
202304862,0;2023-03-02;02:10:00;SEM VÍTIMA;FINALIZADA;BOA VIAGEM;AV CONSELHEIRO AGUIAR;2832;;EM FRENTE A BIO MUNDO PRODUSTOS NATURAIS;BOA VIAGEM;;;COLISÃO TRASEIRA;2,0;0,0;0,0;0,0;0,0;0,0;0,0;0,0;0,0;0,0;0,0;;;;;;;;;;;;;
202304863,0;2023-03-02;02:20:00;COM VÍTIMA;FINALIZADA;BOA VIAGEM;RUA SA E SOUZA;154;;ENFRENTE A DROGASIL;BOA VIAGEM;;;COLISÃO LATERAL;1,0;1,0;0,0;0,0;0,0;0,0;0,0;0,0;0,0;1,0;0,0;;;;;;;;;;;;;
202304885,0;2023-03-02;09:41:00;SEM VÍTIMA;FINALIZADA;SAN MARTIN;AV GENERAL SAN MARTIN;;;EM FRENTE AO QUARTEL DO REGIMENTO DE CAVALARIA DIAS CARDOSO;SAN MARTIN;;;CHOQUE;0,0;0,0;0,0;0,0;0,0;0,0;2,0;0,0;0,0;0,0;0,0;;;;;;;;;;;;;
202304886,0;2023-03-02;11:34:00;COM VÍTIMA;FINALIZADA;SANTO AMARO;AV DR JAYME DA FONTE;320;;EM FRENTE A ASSEMBLÉIA DE DEUS;SANTO AMARO;;;ATROPELAMENTO DE PESSOA;0,0;1,0;0,0;0,0;1,0;0,0;0,0;0,0;0,0;1,0;0,0;;;;;;;;;;;;;
202304887,0;2023-03-03;03:22:00;COM VÍTIMA;FINALIZADA;GRAÇAS;AV GOVERNADOR AGAMENON MAGALHAES;;RUA DR BANDEIRA FILHO;MC DONALDS;GRAÇAS;;;COLISÃO TRANSVERSAL;1,0;1,0;0,0;0,0;0,0;0,0;0,0;0,0;0,0;1,0;0,0;;;;;;;;;;;;;
202304894,0;2023-03-03;07:11:00;COM VÍTIMA;FINALIZADA;DOIS IRMÃOS;RUA MANUEL DE MEDEIROS;S/N;;EM FRENTE A UFRPE E A COMPESA;DOIS IRMÃOS;;;COLISÃO LATERAL;1,0;1,0;0,0;0,0;0,0;0,0;0,0;0,0;0,0;2,0;0,0;;;;;;;;;;;;;
202304899,0;2023-03-03;07:49:00;COM VÍTIMA;FINALIZADA;JARDIM SÃO PAULO;RUA LEANDRO BARRETO;735;;ANTIGA ESCOLA MONTE LIBANO;JARDIM SÃO PAULO;;;COLISÃO LATERAL;1,0;1,0;0,0;0,0;0,0;0,0;0,0;0,0;0,0;1,0;0,0;;;;;;;;;;;;;
202304934,0;2023-03-03;12:33:00;COM VÍTIMA;FINALIZADA;CAXANGÁ;AV AFONSO OLINDENSE;;;ENFRENTE AO POSTO DE GASOLINA;CAXANGÁ;;;COLISÃO TRASEIRA;1,0;1,0;0,0;0,0;0,0;0,0;0,0;0,0;0,0;1,0;0,0;;;;;;;;;;;;;
202304941,0;2023-03-03;01:34:00;COM VÍTIMA;FINALIZADA;IMBIRIBEIRA;RUA IZABEL DE SOUZA;80;;PROX AO BANCO ITAU;IMBIRIBEIRA;;;COLISÃO LATERAL;1,0;1,0;0,0;0,0;0,0;0,0;0,0;0,0;0,0;1,0;0,0;;;;;;;;;;;;;
202304950,0;2023-03-03;03:16:00;COM VÍTIMA;CANCELADA;AFOGADOS;RUA VINTE E UM DE ABRIL;375;RUA JOSE MIRANDA;PROX A TABACARIA 21 DE ABRIL;AFOGADOS;;;COLISÃO LATERAL;1,0;1,0;0,0;0,0;0,0;0,0;0,0;0,0;0,0;1,0;0,0;;;;;;;;;;;;;
202304951,0;2023-03-03;03:36:00;COM VÍTIMA;FINALIZADA;ZUMBI;RUA FREI TEOFILO DE VIRGOLETTA;346;RUA DR CARLOS ALVES;EM FRENTE AO Nº 346;ZUMBI;;SUBURBIO;;2,0;0,0;0,0;0,0;0,0;0,0;0,0;0,0;0,0;1,0;0,0;;;;;;;;;;;;;
202304982,0;2023-03-04;02:19:00;COM VÍTIMA;FINALIZADA;CAMPO GRANDE;RUA JERONIMO VILELA;639;;DEPOIS DO BAR DO ZÉ;CAMPO GRANDE;;;COLISÃO TRANSVERSAL;1,0;1,0;0,0;0,0;0,0;0,0;0,0;0,0;0,0;2,0;0,0;;;;;;;;;;;;;
202304985,0;2023-03-04;04:04:00;COM VÍTIMA;FINALIZADA;BARRO;AV DR JOSE RUFINO;;;EM CIMA DO VIADUTO DO BARRO;BARRO;;;COLISÃO TRANSVERSAL;1,0;1,0;0,0;0,0;0,0;0,0;0,0;0,0;0,0;1,0;0,0;;;;;;;;;;;;;
202305006,0;2023-03-04;09:01:00;COM VÍTIMA;FINALIZADA;PINA;AV REPUBLICA DO LIBANO;;;;PINA;;;COLISÃO TRASEIRA;3,0;1,0;0,0;0,0;0,0;0,0;0,0;0,0;0,0;1,0;0,0;;;;;;;;;;;;;
202305026,0;2023-03-04;12:45:00;COM VÍTIMA;FINALIZADA;SANTO AMARO;AV CRUZ CABUGA;706;RUA FREI CASSIMIRO;PROX AO PREDIO DA CASA DA INDUSTRIA;SANTO AMARO;;;COLISÃO TRANSVERSAL;1,0;1,0;0,0;0,0;0,0;0,0;0,0;0,0;0,0;2,0;0,0;;;;;;;;;;;;;
202305030,0;2023-03-04;01:21:00;COM VÍTIMA;FINALIZADA;CAMPO GRANDE;EST DE BELEM;836;;PROXIMO AO POSTO PETRONAK;CAMPO GRANDE;;;COLISÃO FRONTAL;1,0;1,0;0,0;0,0;0,0;0,0;0,0;0,0;0,0;1,0;0,0;;;;;;;;;;;;;
202305043,0;2023-03-04;05:40:00;SEM VÍTIMA;FINALIZADA;ALTO DO MANDU;RUA DA SUCUPIRA;40;;BAR AMARELINHO;ALTO DO MANDU;;;COLISÃO TRASEIRA;2,0;0,0;0,0;0,0;0,0;0,0;0,0;0,0;0,0;0,0;0,0;;;;;;;;;;;;;
202305050,0;2023-03-04;08:30:00;COM VÍTIMA;FINALIZADA;JOANA BEZERRA;AV BEIRA RIO;;;EM FRENTE AO CAMPO;JOANA BEZERRA;;;ATROPELAMENTO DE ANIMAL;0,0;0,0;0,0;0,0;0,0;0,0;0,0;0,0;0,0;1,0;0,0;;;;;;;;;;;;;
202305054,0;2023-03-04;10:19:00;COM VÍTIMA;FINALIZADA;BOA VIAGEM;RUA BARAO DE SOUZA LEAO;418;;EM FRENTE AO BANCO DO BRASIL;BOA VIAGEM;;;;0,0;1,0;0,0;0,0;1,0;0,0;0,0;0,0;0,0;1,0;0,0;;;;;;;;;;;;;
202305081,0;2023-03-05;01:52:00;COM VÍTIMA;CANCELADA;ESTÂNCIA;AV DR JOSE RUFINO;1683;;ENTRADA DE JARDIM UCHOA;ESTÂNCIA;;;COLISÃO TRASEIRA;1,0;1,0;0,0;0,0;0,0;0,0;0,0;0,0;0,0;1,0;0,0;;;;;;;;;;;;;
202305094,0;2023-03-05;04:15:00;COM VÍTIMA;FINALIZADA;PAISSANDU;AV GOVERNADOR AGAMENON MAGALHAES;;;EM FRENTE AO HOSPITAL PORTUGUÊS;PAISSANDU;;;ATROPELAMENTO DE PESSOA;1,0;0,0;0,0;0,0;1,0;0,0;0,0;0,0;0,0;1,0;0,0;;;;;;;;;;;;;
202305107,0;2023-03-06;12:42:00;SEM VÍTIMA;CANCELADA;BOA VIAGEM;RUA JOAO CARDOSO AIRES;420;;COM A RUA SÁ E SOUZA;BOA VIAGEM;;;CHOQUE;2,0;0,0;0,0;0,0;0,0;0,0;0,0;0,0;0,0;0,0;0,0;;;;;;;;;;;;;
202305118,0;2023-03-06;10:06:00;COM VÍTIMA;FINALIZADA;BEBERIBE;AV BEBERIBE;4330;;APOS BEBERIBE MOTO PEÇAS;BEBERIBE;;;COLISÃO LATERAL;1,0;1,0;0,0;0,0;0,0;0,0;0,0;0,0;0,0;1,0;0,0;;;;;;;;;;;;;
202305134,0;2023-03-06;04:35:00;COM VÍTIMA;FINALIZADA;SÃO JOSÉ;RUA PRIMEIRO DE MARCO;;;NA ENTRADA DA PONTO QUE DÁ ACESSO AO MARCO ZERO;SÃO JOSÉ;;;COLISÃO TRASEIRA;1,0;1,0;0,0;0,0;0,0;0,0;0,0;0,0;0,0;1,0;0,0;;;;;;;;;;;;;
202305135,0;2023-03-06;04:48:00;COM VÍTIMA;FINALIZADA;TAMARINEIRA;RUA CONEGO BARATA;;AV NORTE MIGUEL ARRAES DE ALENCAR;AV. NORTE MIGUEL ARRAES DE ALENCAR;TAMARINEIRA;62,0;SUBURBIO;COLISÃO LATERAL;1,0;1,0;0,0;0,0;0,0;0,0;0,0;0,0;0,0;1,0;0,0;;;;;;;;;;;;;
202305142,0;2023-03-06;07:52:00;COM VÍTIMA;FINALIZADA;CAMPO GRANDE;RUA FRANKLIN TAVORA;;;APÓS A PADARIA SANTO ANTONIO, PRIMEIRO SEMÁFORO A DIREITA;CAMPO GRANDE;;;COLISÃO TRANSVERSAL;1,0;1,0;0,0;0,0;0,0;0,0;0,0;0,0;0,0;1,0;0,0;;;;;;;;;;;;;
202305161,0;2023-03-07;07:09:00;COM VÍTIMA;FINALIZADA;VÁRZEA;RUA MARECHAL MANOEL LUIS OSORIO;;;PRÓX. AO HAPVIDA;VÁRZEA;;;COLISÃO LATERAL;1,0;1,0;0,0;0,0;0,0;0,0;0,0;0,0;0,0;1,0;0,0;;;;;;;;;;;;;
202305196,0;2023-03-07;01:49:00;COM VÍTIMA;FINALIZADA;IPSEP;RUA BLUMENAU;82;RUA SAO COSME E DAMIAO;PROX A FARMACIA SANTA LUZIA;IPSEP;;;COLISÃO LATERAL;1,0;1,0;0,0;0,0;0,0;0,0;0,0;0,0;0,0;1,0;0,0;;;;;;;;;;;;;
202305202,0;2023-03-07;03:03:00;COM VÍTIMA;FINALIZADA;IPSEP;RUA JEAN EMILE FAVRE;1301;;EM FRENTE AO RESTURANTE KI SABOR;IPSEP;;;COLISÃO FRONTAL;1,0;1,0;0,0;0,0;0,0;0,0;0,0;0,0;0,0;2,0;0,0;;;;;;;;;;;;;
202305206,0;2023-03-07;03:53:00;COM VÍTIMA;FINALIZADA;BOA VISTA;RUA DOM BOSCO;;AV GOVERNADOR CARLOS DE LIMA CAVALCANTI;PROX AO SEMÁFORO 027;BOA VISTA;;SUBURBIO;COLISÃO LATERAL;1,0;1,0;0,0;0,0;0,0;0,0;0,0;0,0;0,0;1,0;0,0;;;;;;;;;;;;;
202305232,0;2023-03-07;08:43:00;COM VÍTIMA;FINALIZADA;SÃO JOSÉ;AV DANTAS BARRETO;;;COM A RUA SÃO JOÃO;SÃO JOSÉ;54,0;;COLISÃO LATERAL;1,0;1,0;0,0;0,0;0,0;0,0;0,0;0,0;0,0;1,0;0,0;;;;;;;;;;;;;
202305238,0;2023-03-08;07:12:00;COM VÍTIMA;FINALIZADA;TORRE;RUA REAL DA TORRE;1642;RUA VISCONDE DE ITAPARICA;EM FRENTE A ESCOLA DESPERTAR;TORRE;;;COLISÃO FRONTAL;1,0;1,0;0,0;0,0;0,0;0,0;0,0;0,0;0,0;1,0;0,0;;;;;;;;;;;;;
202305246,0;2023-03-08;08:02:00;COM VÍTIMA;FINALIZADA;IBURA;RUA DR OTAVIO DE MORAES VASCONCELOS;20;RUA VALE DO ITAJAI;EM FRENTE AO BRASIL GÁS;IBURA;;;QUEDA;0,0;1,0;0,0;0,0;0,0;0,0;0,0;0,0;0,0;1,0;0,0;;;;;;;;;;;;;
202305250,0;2023-03-08;08:45:00;SEM VÍTIMA;FINALIZADA;BAIRRO DO RECIFE;AV MILITAR;;;POSTE Nº B 018848;BAIRRO DO RECIFE;;CIDADE;CHOQUE;1,0;0,0;0,0;0,0;0,0;0,0;0,0;0,0;0,0;0,0;0,0;;;;;;;;;;;;;
202305263,0;2023-03-08;10:13:00;COM VÍTIMA;FINALIZADA;MADALENA;RUA JOSE OSORIO;680;;EM FRENTE A LOJA DE CARRO TEXEIRA PRIME;MADALENA;;SUBURBIO;COLISÃO FRONTAL;1,0;1,0;0,0;0,0;0,0;0,0;0,0;0,0;0,0;1,0;0,0;;;;;;;;;;;;;
202305280,0;2023-03-08;11:12:00;COM VÍTIMA;FINALIZADA;MADALENA;AV ENGENHEIRO ABDIAS DE CARVALHO;336;RUA SENADOR FABIO DE BARROS;EM FRENTE AO POSTO EXTRA;MADALENA;;SUBURBIO;COLISÃO LATERAL;1,0;1,0;0,0;0,0;0,0;0,0;0,0;0,0;0,0;1,0;0,0;;;;;;;;;;;;;
202305283,0;2023-03-08;11:31:00;COM VÍTIMA;FINALIZADA;BOA VISTA;PRC MACIEL PINHEIRO;360;;PRAÇA MACIEL PINHEIRO, HOTEL AMERICA;BOA VISTA;;SUBURBIO;COLISÃO LATERAL;1,0;1,0;0,0;0,0;0,0;0,0;0,0;0,0;0,0;1,0;0,0;;;;;;;;;;;;;
202305284,0;2023-03-08;11:31:00;COM VÍTIMA;FINALIZADA;SÃO JOSÉ;AV ENGENHEIRO JOSE ESTELITA;;;MIRANTE DO CAIS;SÃO JOSÉ;;CIDADE;COLISÃO TRASEIRA;2,0;0,0;0,0;0,0;0,0;0,0;0,0;1,0;0,0;1,0;0,0;;;;;;;;;;;;;
202305285,0;2023-03-08;11:31:00;COM VÍTIMA;FINALIZADA;SÃO JOSÉ;C SANTA RITA;;;EM FRENTE AO NOVO HOTEL;SÃO JOSÉ;76,0;CIDADE;QUEDA;0,0;1,0;0,0;0,0;0,0;0,0;0,0;0,0;0,0;1,0;0,0;;;;;;;;;;;;;
202305293,0;2023-03-08;12:24:00;SEM VÍTIMA;FINALIZADA;BOA VISTA;AV CONDE DA BOA VISTA;700;;EM FRENTE AO EDIFÍCIO IOBI;BOA VISTA;;SUBURBIO;;2,0;0,0;0,0;0,0;0,0;0,0;0,0;0,0;0,0;0,0;0,0;;;;;;;;;;;;;
202305294,0;2023-03-08;12:24:00;COM VÍTIMA;FINALIZADA;CAMPO GRANDE;RUA MARQUES DE ABRANTES;171;RUA VOLUNTARIOS DA PATRIA;PROX AO RESTAURANTE SKILLUS;CAMPO GRANDE;;;COLISÃO LATERAL;1,0;1,0;0,0;0,0;0,0;0,0;0,0;0,0;0,0;1,0;0,0;;;;;;;;;;;;;
202305296,0;2023-03-08;12:58:00;COM VÍTIMA;FINALIZADA;IMBIRIBEIRA;AV MARECHAL MASCARENHAS DE MORAES;2967;;EM FRENTE À FERREIRA COSTA;IMBIRIBEIRA;386,0;SUBURBIO;COLISÃO LATERAL;2,0;1,0;0,0;0,0;0,0;0,0;0,0;0,0;0,0;1,0;0,0;;;;;;;;;;;;;
202305297,0;2023-03-08;01:02:00;COM VÍTIMA;FINALIZADA;SANTO AMARO;AV GOVERNADOR AGAMENON MAGALHAES;;RUA QUARENTA E OITO;EMBAIXO DO VIADUTO  DA JOAO DE BARROS  S/T RECIFE;SANTO AMARO;;CIDADE;QUEDA;0,0;1,0;0,0;0,0;0,0;0,0;0,0;0,0;0,0;1,0;0,0;;;;;;;;;;;;;
202305300,0;2023-03-08;01:23:00;COM VÍTIMA;FINALIZADA;SANTO AMARO;RUA ARNOBIO MARQUES;310;;EM FRENTE AO HOSPITAL OSWALDO CRUZ;SANTO AMARO;;;COLISÃO LATERAL;1,0;1,0;0,0;0,0;0,0;0,0;0,0;0,0;0,0;1,0;0,0;;;;;;;;;;;;;
202305301,0;2023-03-08;01:34:00;COM VÍTIMA;FINALIZADA;AFOGADOS;RUA COSME VIANA;;RUA TRES DE AGOSTO;NO SEMÁFOR 525;AFOGADOS;525,0;SUBURBIO;ATROPELAMENTO DE PESSOA;2,0;0,0;0,0;0,0;1,0;0,0;0,0;0,0;0,0;2,0;0,0;;;;;;;;;;;;;
202305302,0;2023-03-08;01:38:00;SEM VÍTIMA;FINALIZADA;BOA VISTA;AV GOVERNADOR AGAMENON MAGALHAES;4575;RUA GENERAL JOAQUIM INACIO;EM FRENTE AO ITAÚ;BOA VISTA;69,0;CIDADE;COLISÃO TRASEIRA;1,0;0,0;0,0;0,0;0,0;0,0;0,0;1,0;0,0;0,0;0,0;;;;;;;;;;;;;
202305316,0;2023-03-08;03:11:00;COM VÍTIMA;FINALIZADA;PARNAMIRIM;RUA PADRE ROMA;489;;E/F AO BAR FAACA;PARNAMIRIM;;SUBURBIO;COLISÃO COM CICLISTA;1,0;0,0;0,0;1,0;0,0;0,0;0,0;0,0;0,0;1,0;0,0;;;;;;;;;;;;;
202305332,0;2023-03-08;06:21:00;COM VÍTIMA;FINALIZADA;AFOGADOS;RUA SAO MIGUEL;1694;RUA ALEXANDRE RODRIGUES FERREIRA;ENFRENTE A CASA FÚNERARIA SÃO MIGEUL;AFOGADOS;;SUBURBIO;COLISÃO TRASEIRA;1,0;1,0;0,0;0,0;0,0;0,0;0,0;0,0;0,0;2,0;0,0;;;;;;;;;;;;;
202305338,0;2023-03-08;07:40:00;COM VÍTIMA;FINALIZADA;BOA VISTA;AV VISCONDE DE SUASSUNA;305;RUA BISPO CARDOSO AYRES;LINS ADVOCACIA;BOA VISTA;172,0;SUBURBIO;ATROPELAMENTO DE PESSOA;1,0;0,0;0,0;0,0;1,0;0,0;0,0;0,0;0,0;1,0;0,0;;;;;;;;;;;;;
202305348,0;2023-03-09;05:31:00;COM VÍTIMA;FINALIZADA;ARRUDA;RUA DO MACHADO;859;;PRÓXIMO AO CLUBE DOS IRRESPONSÁVEIS;ARRUDA;;CIDADE;COLISÃO LATERAL;2,0;0,0;0,0;0,0;0,0;0,0;0,0;0,0;0,0;1,0;0,0;;;;;;;;;;;;;
202305351,0;2023-03-09;06:35:00;COM VÍTIMA;FINALIZADA;IPSEP;AV RECIFE;;AV SENADOR ROBERT KENNEDY;NO SEMAFORO 319,;IPSEP;319,0;CIDADE;COLISÃO TRASEIRA;3,0;0,0;0,0;0,0;0,0;0,0;0,0;0,0;0,0;1,0;0,0;;;;;;;;;;;;;
202305366,0;2023-03-09;08:15:00;COM VÍTIMA;FINALIZADA;TAMARINEIRA;AV NORTE MIGUEL ARRAES DE ALENCAR;4058;;PRÓX. AO NEXOS HOTEL;TAMARINEIRA;;;ATROPELAMENTO DE PESSOA;0,0;1,0;0,0;0,0;1,0;0,0;0,0;0,0;0,0;2,0;0,0;;;;;;;;;;;;;
202305375,0;2023-03-09;09:46:00;COM VÍTIMA;FINALIZADA;IPUTINGA;AV ENGENHEIRO ABDIAS DE CARVALHO;819;;EM FRENTE AO NUMERO 807;IPUTINGA;;;COLISÃO TRASEIRA;1,0;1,0;0,0;0,0;0,0;0,0;0,0;0,0;0,0;1,0;0,0;;;;;;;;;;;;;
202305381,0;2023-03-09;10:44:00;COM VÍTIMA;FINALIZADA;CABANGA;RUA BITURI;93;RUA BUJARI;PROX. A COMPESA;CABANGA;;SUBURBIO;COLISÃO LATERAL;0,0;1,0;0,0;0,0;0,0;0,0;1,0;0,0;0,0;1,0;0,0;;;;;;;;;;;;;
202305385,0;2023-03-09;11:55:00;COM VÍTIMA;CANCELADA;CORDEIRO;AV GENERAL SAN MARTIN;706;;EM FRENTE A FARMACIA PAGUE MENOS;CORDEIRO;;;COLISÃO TRASEIRA;2,0;0,0;0,0;0,0;0,0;0,0;0,0;0,0;0,0;1,0;0,0;;;;;;;;;;;;;
202305398,0;2023-03-09;03:17:00;COM VÍTIMA;FINALIZADA;CORDEIRO;AV GENERAL SAN MARTIN;1208;;COMPAZ ARIANO SUASSUNA;CORDEIRO;;;COLISÃO LATERAL;1,0;1,0;0,0;0,0;0,0;0,0;0,0;0,0;0,0;1,0;0,0;;;;;;;;;;;;;
202305460,0;2023-03-10;09:17:00;COM VÍTIMA;FINALIZADA;SANTO AMARO;AV CRUZ CABUGA;1200;RUA LEAO FALCAO;EM FRENTE AO HOSPITAL NAVAL;SANTO AMARO;;SUBURBIO;COLISÃO LATERAL;1,0;1,0;0,0;0,0;0,0;0,0;0,0;0,0;0,0;2,0;0,0;;;;;;;;;;;;;
202305473,0;2023-03-10;10:26:00;COM VÍTIMA;FINALIZADA;ÁGUA FRIA;AV BEBERIBE;1803;RUA ZEFERINO AGRA;PROX. AO MAGAZINE LUIZA;ÁGUA FRIA;;CIDADE;COLISÃO LATERAL;1,0;1,0;0,0;0,0;0,0;0,0;0,0;0,0;0,0;2,0;0,0;;;;;;;;;;;;;
202305476,0;2023-03-10;11:00:00;COM VÍTIMA;FINALIZADA;IBURA;AV DOIS RIOS;443;;PRÓX AO SESI;IBURA;;SUBURBIO;COLISÃO FRONTAL;1,0;1,0;0,0;0,0;0,0;0,0;0,0;0,0;0,0;2,0;0,0;;;;;;;;;;;;;
202305515,0;2023-03-10;05:39:00;COM VÍTIMA;FINALIZADA;AFOGADOS;RUA SAO MIGUEL;1630;;CHURRASCARIA CHARQUE NA BRASA;AFOGADOS;;CIDADE;COLISÃO LATERAL;0,0;2,0;0,0;0,0;0,0;0,0;0,0;0,0;0,0;1,0;0,0;;;;;;;;;;;;;
202305519,0;2023-03-10;06:45:00;SEM VÍTIMA;CANCELADA;CAMPO GRANDE;RUA FRANKLIN TAVORA;321;;COLÉGIO SABER;CAMPO GRANDE;;;COLISÃO FRONTAL;2,0;0,0;0,0;0,0;0,0;0,0;0,0;0,0;0,0;0,0;0,0;;;;;;;;;;;;;
202305532,0;2023-03-10;10:51:00;SEM VÍTIMA;FINALIZADA;DERBY;AV GOVERNADOR AGAMENON MAGALHAES;4318;;EM FRENTE AO EMPRESARIAL RENATO DIAS;DERBY;;SUBURBIO;;2,0;0,0;0,0;0,0;0,0;0,0;0,0;0,0;0,0;0,0;0,0;;;;;;;;;;;;;
202305544,0;2023-03-11;07:34:00;SEM VÍTIMA;FINALIZADA;PINA;AV ENGENHEIRO DOMINGOS FERREIRA;112;;EM FRENTE AO POSTO PETRONAC;PINA;;;COLISÃO TRASEIRA;2,0;0,0;0,0;0,0;0,0;0,0;0,0;0,0;0,0;0,0;0,0;;;;;;;;;;;;;
202305549,0;2023-03-11;08:46:00;COM VÍTIMA;FINALIZADA;ENCRUZILHADA;AV BEBERIBE;487;RUA PROFESSOR JERONIMO GUEIROS;EM FRENTE A COOPERATIVA ALIANÇA;ENCRUZILHADA;;SUBURBIO;COLISÃO FRONTAL;2,0;1,0;0,0;0,0;0,0;0,0;0,0;0,0;0,0;1,0;0,0;;;;;;;;;;;;;
202305561,0;2023-03-11;10:21:00;COM VÍTIMA;FINALIZADA;CASA AMARELA;RUA PADRE LEMOS;391;AV PEDRO ALLAIN;EM FRENTE A CASAPIO;CASA AMARELA;;;COLISÃO LATERAL;0,0;1,0;0,0;0,0;0,0;0,0;1,0;0,0;0,0;1,0;0,0;;;;;;;;;;;;;
202305572,0;2023-03-11;12:06:00;SEM VÍTIMA;FINALIZADA;ÁGUA FRIA;EST VELHA DE AGUA FRIA;824;;APÓS MILENA MÓVEIS E ELETRO;ÁGUA FRIA;;;COLISÃO TRASEIRA;1,0;0,0;0,0;0,0;0,0;0,0;2,0;0,0;0,0;0,0;0,0;;;;;;;;;;;;;
202305617,0;2023-03-11;07:35:00;SEM VÍTIMA;CANCELADA;CORDEIRO;AV CAXANGA;;;EM FRENTE AO PARQUE DE EXPOSIÇÕES DE ANIMAIS DO CORDEIRO;CORDEIRO;;CIDADE;COLISÃO TRASEIRA;2,0;0,0;0,0;0,0;0,0;0,0;0,0;0,0;0,0;0,0;0,0;;;;;;;;;;;;;
202305618,0;2023-03-11;08:39:00;COM VÍTIMA;CANCELADA;TORRÕES;AV ENGENHEIRO ABDIAS DE CARVALHO;;;EM FRENTE A UPA DOS TORRÕES;TORRÕES;;CIDADE;COLISÃO TRASEIRA;1,0;1,0;0,0;0,0;0,0;0,0;0,0;0,0;0,0;2,0;0,0;;;;;;;;;;;;;
202305619,0;2023-03-11;08:46:00;COM VÍTIMA;FINALIZADA;IBURA;AV DOIS RIOS;;;PROXIMO A POLICLINICA ARNALDO MARQUES;IBURA;707,0;SUBURBIO;COLISÃO FRONTAL;1,0;1,0;0,0;0,0;0,0;0,0;0,0;0,0;0,0;1,0;0,0;;;;;;;;;;;;;