Protocolo;data;hora;natureza;situacao;bairro;endereco;numero;detalhe_endereco_acidente;complemento;bairro_cruzamento;num_semaforo;sentido_via;tipo;auto;moto;ciclom;ciclista;pedestre;onibus;caminhao;viatura;outros;vitimas;vitimasfatais;acidente_verificado;tempo_clima;situacao_semaforo;sinalizacao;condicao_via;conservacao_via;ponto_controle;situacao_placa;velocidade_max_via;mao_direcao;divisao_via1;divisao_via2;divisao_via3
202307212,0;2023-04-01;12:09:00;COM VÍTIMA;FINALIZADA;ESPINHEIRO;RUA DA HORA;76;;PRÓX. À PIZZARIA PALERMO;ESPINHEIRO;;;COLISÃO TRASEIRA;1,0;1,0;0,0;0,0;0,0;0,0;0,0;0,0;0,0;1,0;0,0;;;;;;;;;;;;;
202307214,0;2023-04-01;02:50:00;COM VÍTIMA;FINALIZADA;ESPINHEIRO;AV JOAO DE BARROS;1420;RUA DA HORA;PROX.  AO RESTAURANTE HIPORIO;ESPINHEIRO;;;COLISÃO TRANSVERSAL;1,0;1,0;0,0;0,0;0,0;0,0;0,0;0,0;0,0;2,0;0,0;;;;;;;;;;;;;
202307263,0;2023-04-01;12:06:00;COM VÍTIMA;FINALIZADA;ÁGUA FRIA;AV BEBERIBE;;RUA ZEFERINO AGRA;PROX AO LOJÃO DO PETROLEO;ÁGUA FRIA;;;COLISÃO LATERAL;1,0;1,0;0,0;0,0;0,0;0,0;0,0;0,0;0,0;1,0;0,0;;;;;;;;;;;;;
202307265,0;2023-04-01;12:41:00;COM VÍTIMA;FINALIZADA;JIQUIÁ;RUA SAO MIGUEL;;;E/F AO CONSUTORIO CERPE PROX AO CHARQUE NA BRASA;JIQUIÁ;;;COLISÃO FRONTAL;1,0;1,0;0,0;0,0;0,0;0,0;0,0;0,0;0,0;2,0;0,0;;;;;;;;;;;;;
202307271,0;2023-04-01;01:14:00;COM VÍTIMA;FINALIZADA;NOVA DESCOBERTA;RUA CORREGO DA AREIA;253;;E/F A CASAA DAS EMBALAGENS;NOVA DESCOBERTA;;;COLISÃO FRONTAL;0,0;2,0;0,0;0,0;0,0;0,0;0,0;0,0;0,0;2,0;0,0;;;;;;;;;;;;;
202307293,0;2023-04-01;06:43:00;COM VÍTIMA;FINALIZADA;SANTO AMARO;AV CRUZ CABUGA;;;EM FRENTE AO HOSPITAL DA MARINHA;SANTO AMARO;;;COLISÃO TRASEIRA;2,0;0,0;0,0;0,0;0,0;0,0;0,0;0,0;0,0;1,0;0,0;;;;;;;;;;;;;
202307301,0;2023-04-01;10:32:00;COM VÍTIMA;CANCELADA;IBURA;RUA VALE DO ITAJAI;;;EM FRENTE A UPA;IBURA;;;COLISÃO FRONTAL;0,0;1,0;0,0;1,0;0,0;0,0;0,0;0,0;0,0;2,0;0,0;;;;;;;;;;;;;
202307303,0;2023-04-01;11:11:00;SEM VÍTIMA;FINALIZADA;BOA VIAGEM;RUA DEZ DE JULHO;461;;;BOA VIAGEM;;;COLISÃO LATERAL;1,0;1,0;0,0;0,0;0,0;0,0;0,0;0,0;0,0;0,0;0,0;;;;;;;;;;;;;
202307322,0;2023-04-02;07:13:00;VÍTIMA FATAL;FINALIZADA;PINA;AVENIDA CELSO FURTADO (VIA MANGUE);;;SENTIDO BOA VIAGEM, PROX, AO AERO CLUBE;PINA;;;CHOQUE;0,0;1,0;0,0;0,0;0,0;0,0;0,0;0,0;0,0;1,0;1,0;;;;;;;;;;;;;
202307347,0;2023-04-02;02:16:00;SEM VÍTIMA;FINALIZADA;IBURA;RUA DR OTAVIO DE MORAES VASCONCELOS;31A;;EM FRENTE AO SUPERMERCADO TREVO;IBURA;;;COLISÃO LATERAL;1,0;0,0;0,0;0,0;0,0;0,0;1,0;0,0;0,0;0,0;0,0;;;;;;;;;;;;;
202307359,0;2023-04-02;05:36:00;SEM VÍTIMA;FINALIZADA;VASCO DA GAMA;RUA FREDERICO OZANAN;164;;PROXIMO AO LAR DE ITA;VASCO DA GAMA;;;COLISÃO LATERAL;0,0;0,0;0,0;0,0;0,0;0,0;0,0;2,0;0,0;0,0;0,0;;;;;;;;;;;;;
202307366,0;2023-04-02;07:03:00;COM VÍTIMA;FINALIZADA;JARDIM SÃO PAULO;RUA LEANDRO BARRETO;231;;ASSEMBLEIA DE DEUS;JARDIM SÃO PAULO;;;COLISÃO TRANSVERSAL;1,0;1,0;0,0;0,0;0,0;0,0;0,0;0,0;0,0;1,0;0,0;;;;;;;;;;;;;
202307374,0;2023-04-03;12:47:00;COM VÍTIMA;CANCELADA;JOANA BEZERRA;PTE JOSE DE BARROS LIMA;;;SENTIDO  BOA VIAGEM;JOANA BEZERRA;;;ATROPELAMENTO DE PESSOA;1,0;0,0;0,0;0,0;1,0;0,0;0,0;0,0;0,0;1,0;0,0;;;;;;;;;;;;;
202307375,0;2023-04-03;01:24:00;COM VÍTIMA;FINALIZADA;PORTO DA MADEIRA;AV BEBERIBE;;;EM FRENTE  ARENA SHOW BAR;PORTO DA MADEIRA;;;COLISÃO TRANSVERSAL;1,0;1,0;0,0;0,0;0,0;0,0;0,0;0,0;0,0;1,0;0,0;;;;;;;;;;;;;
202307377,0;2023-04-03;03:56:00;COM VÍTIMA;FINALIZADA;TORRÕES;AV ENGENHEIRO ABDIAS DE CARVALHO;;;"EM FRENTE AO COMPAZ "" ARIANO SUASSUNA""";TORRÕES;;;CHOQUE;1,0;0,0;0,0;0,0;0,0;0,0;0,0;0,0;0,0;1,0;0,0;;;;;;;;;;;;;
202307383,0;2023-04-03;08:00:00;COM VÍTIMA;FINALIZADA;BAIRRO DO RECIFE;RUA AURORA;;AV NORTE MIGUEL ARRAES DE ALENCAR;INICIO DA PONTE DO LIMOEIRO;BAIRRO DO RECIFE;;;COLISÃO TRASEIRA;1,0;0,0;0,0;1,0;0,0;0,0;0,0;0,0;0,0;1,0;0,0;;;;;;;;;;;;;
202307384,0;2023-04-03;08:04:00;COM VÍTIMA;FINALIZADA;SÃO JOSÉ;AV DANTAS BARRETO;;RUA SAO JOAO;PRÓX. AO TERMINAL DA LINHA 1002 / PRÓX. À CAIXA;SÃO JOSÉ;54,0;;COLISÃO LATERAL;0,0;1,0;0,0;0,0;0,0;1,0;0,0;0,0;0,0;2,0;0,0;;;;;;;;;;;;;
202307389,0;2023-04-03;08:28:00;COM VÍTIMA;DUPLICIDADE;SANTO AMARO;RUA DA AURORA;;;EM CIMA DA PONTE, PRÓX AO ANTIGO HOSPITAL DA COVID;SANTO AMARO;;;COLISÃO COM CICLISTA;1,0;0,0;0,0;1,0;0,0;0,0;0,0;0,0;0,0;1,0;0,0;;;;;;;;;;;;;
202307396,0;2023-04-03;09:07:00;COM VÍTIMA;FINALIZADA;IBURA;AV RECIFE;3050;;EM FRENTE AO  MAIS VISTORIAS;IBURA;;;COLISÃO LATERAL;1,0;1,0;0,0;0,0;0,0;0,0;0,0;0,0;0,0;1,0;0,0;;;;;;;;;;;;;
202307406,0;2023-04-03;10:08:00;COM VÍTIMA;FINALIZADA;IBURA;AV RECIFE;;RUA ROSA MAGALHAES;LADO OPOSTO AO ARMAZÉM CORAL;IBURA;;;ATROPELAMENTO DE PESSOA;1,0;0,0;0,0;0,0;1,0;0,0;0,0;0,0;0,0;1,0;0,0;;;;;;;;;;;;;
202307414,0;2023-04-03;11:02:00;COM VÍTIMA;FINALIZADA;IMBIRIBEIRA;RUA BARAO DE AGUA BRANCA;376;;PRÓX. AO COLÉGIO COGNITIVO;IMBIRIBEIRA;;;COLISÃO FRONTAL;3,0;0,0;0,0;0,0;0,0;0,0;0,0;0,0;0,0;2,0;0,0;;;;;;;;;;;;;
202307424,0;2023-03-30;03:10:00;COM VÍTIMA;FINALIZADA;IBURA;RUA EMILIO MONTEIRO FONSECA;;RUA VIRGINOPOLIS;;IBURA;;SUBURBIO;COLISÃO TRASEIRA;1,0;1,0;0,0;0,0;0,0;0,0;0,0;0,0;0,0;1,0;0,0;;;;;;;;;;;;;
202307430,0;2023-04-03;02:40:00;SEM VÍTIMA;FINALIZADA;SÃO JOSÉ;RUA DA CONCORDIA;;RUA DO PEIXOTO;;SÃO JOSÉ;182,0;CIDADE;;2,0;0,0;0,0;0,0;0,0;0,0;0,0;0,0;0,0;0,0;0,0;;;;;;;;;;;;;
202307436,0;2023-04-03;04:26:00;COM VÍTIMA;FINALIZADA;BOA VISTA;RUA DOM BOSCO;908;RUA HENRIQUE DIAS;EM FRENTE DA CNBB;BOA VISTA;294,0;;COLISÃO LATERAL;1,0;1,0;0,0;0,0;0,0;0,0;0,0;0,0;0,0;1,0;0,0;;;;;;;;;;;;;
202307445,0;2023-04-03;05:49:00;COM VÍTIMA;CANCELADA;JARDIM SÃO PAULO;RUA GERSON MONTEIRO DE LIMA;764;;PROX AO ANTIGO COLEGIO BETEL;JARDIM SÃO PAULO;;;CHOQUE;1,0;0,0;0,0;0,0;0,0;0,0;0,0;0,0;1,0;1,0;0,0;;;;;;;;;;;;;
202307456,0;2023-04-03;08:47:00;COM VÍTIMA;FINALIZADA;AREIAS;RUA CAPITAO GREGORIO DE ALBUQUERQUE;687;;PRÓXIMO A RUA DO INSPETOR BOSCO;AREIAS;;;ATROPELAMENTO DE PESSOA;1,0;0,0;0,0;0,0;1,0;0,0;0,0;0,0;0,0;1,0;0,0;;;;;;;;;;;;;
202307458,0;2023-04-03;09:02:00;COM VÍTIMA;FINALIZADA;CORDEIRO;AV CAXANGA;3347;;PRÓXIMO AO COLEGIO PIO XII;CORDEIRO;;;COLISÃO TRASEIRA;1,0;1,0;0,0;0,0;0,0;0,0;0,0;0,0;0,0;1,0;0,0;;;;;;;;;;;;;
202307474,0;2023-04-04;07:16:00;SEM VÍTIMA;FINALIZADA;CAXANGÁ;AV JOAQUIM RIBEIRO;;RUA GASTAO VIDIGAL;LADO OPOSTO AO POSTO SHELL;CAXANGÁ;281,0;CIDADE;;1,0;0,0;0,0;0,0;0,0;1,0;0,0;0,0;0,0;0,0;0,0;;;;;;;;;;;;;
202307481,0;2023-04-04;07:53:00;COM VÍTIMA;DUPLICIDADE;IMBIRIBEIRA;AV MARECHAL MASCARENHAS DE MORAES;;;EM FRENTE À CAOA;IMBIRIBEIRA;;CIDADE;COLISÃO LATERAL;0,0;0,0;0,0;0,0;0,0;0,0;0,0;0,0;0,0;1,0;0,0;;;;;;;;;;;;;
202307485,0;2023-04-04;08:03:00;COM VÍTIMA;FINALIZADA;IMBIRIBEIRA;AV MARECHAL MASCARENHAS DE MORAES;701;;Concessionária CAOA Chery;IMBIRIBEIRA;;;COLISÃO LATERAL;1,0;1,0;0,0;0,0;0,0;0,0;0,0;0,0;0,0;1,0;0,0;;;;;;;;;;;;;
202307490,0;2023-04-04;08:29:00;COM VÍTIMA;FINALIZADA;ENCRUZILHADA;AV BEBERIBE;;;AUTO ESCOLA BELEM;ENCRUZILHADA;;;COLISÃO LATERAL;1,0;1,0;0,0;0,0;0,0;0,0;0,0;0,0;0,0;1,0;0,0;;;;;;;;;;;;;
202307492,0;2023-04-04;09:01:00;COM VÍTIMA;FINALIZADA;PAISSANDU;AV GOVERNADOR AGAMENON MAGALHAES;;;EM FRENTE AO HOSPITAL PORTUGUÊS;PAISSANDU;69,0;;COLISÃO FRONTAL;1,0;1,0;0,0;0,0;0,0;0,0;0,0;0,0;0,0;2,0;0,0;;;;;;;;;;;;;
202307497,0;2023-04-04;09:23:00;COM VÍTIMA;FINALIZADA;IPUTINGA;AV MAURICIO DE NASSAU;;AV CAXANGA;PROXIMO A FUNDAÇÃO ALTINO VENTURA;IPUTINGA;;;COLISÃO LATERAL;0,0;0,0;0,0;0,0;0,0;0,0;0,0;0,0;0,0;1,0;0,0;;;;;;;;;;;;;
202307527,0;2023-04-04;01:02:00;COM VÍTIMA;FINALIZADA;MADALENA;RUA BENFICA;1092;;EM FRENTE AO MARTELINHO DE OURO;MADALENA;;;COLISÃO COM CICLISTA;0,0;0,0;0,0;1,0;0,0;1,0;0,0;0,0;0,0;1,0;0,0;;;;;;;;;;;;;
202307528,0;2023-04-04;01:02:00;COM VÍTIMA;FINALIZADA;ÁGUA FRIA;RUA DR EUDES COSTA;21;;E/F AO MERCADINHO MAIS VOCE TEM;ÁGUA FRIA;;;COLISÃO LATERAL;1,0;1,0;0,0;0,0;0,0;0,0;0,0;0,0;0,0;1,0;0,0;;;;;;;;;;;;;
202307531,0;2023-04-04;01:11:00;SEM VÍTIMA;FINALIZADA;SÃO JOSÉ;C SANTA RITA;;VDO DAS CINCO PONTAS;OPOSTO AO 16º BATALHÃO DA POLÍCIA MILITAR;SÃO JOSÉ;;CIDADE;;1,0;0,0;0,0;0,0;0,0;0,0;0,0;1,0;0,0;0,0;0,0;;;;;;;;;;;;;
202307534,0;2023-04-04;01:33:00;COM VÍTIMA;CANCELADA;JORDÃO;RUA DR ALVARO FERRAZ;44;;PROX AO TERMINAL DE JORDÃO BAIXO;JORDÃO;;;COLISÃO LATERAL;1,0;1,0;0,0;0,0;0,0;0,0;0,0;0,0;0,0;1,0;0,0;;;;;;;;;;;;;
202307536,0;2023-04-04;02:59:00;COM VÍTIMA;FINALIZADA;BOA VIAGEM;RUA SA E SOUZA;154;;PROXIMO A PADARIA SANTA ROSA;BOA VIAGEM;;;COLISÃO LATERAL;0,0;1,0;0,0;0,0;0,0;0,0;0,0;0,0;0,0;1,0;0,0;;;;;;;;;;;;;
202307568,0;2023-04-05;01:48:00;COM VÍTIMA;FINALIZADA;BOA VIAGEM;AV BOA VIAGEM;4772;;PRÓX. À PRACINHA DE BOA VIAGEM;BOA VIAGEM;;;COLISÃO TRASEIRA;1,0;1,0;0,0;0,0;0,0;0,0;0,0;0,0;0,0;1,0;0,0;;;;;;;;;;;;;
202307584,0;2023-04-05;08:00:00;COM VÍTIMA;FINALIZADA;DERBY;RUA FELICIANO GOMES;342;;CERPE;DERBY;;;COLISÃO FRONTAL;1,0;1,0;0,0;0,0;0,0;0,0;0,0;0,0;0,0;2,0;0,0;;;;;;;;;;;;;
202307623,0;2023-04-05;01:47:00;COM VÍTIMA;FINALIZADA;ARRUDA;AV BEBERIBE;;;EM FRENTE AO BOMPREÇO DO ARRUDA;ARRUDA;;;COLISÃO LATERAL;1,0;1,0;0,0;0,0;0,0;0,0;0,0;0,0;0,0;1,0;0,0;;;;;;;;;;;;;
202307625,0;2023-04-05;02:27:00;SEM VÍTIMA;FINALIZADA;ESPINHEIRO;AV GOVERNADOR AGAMENON MAGALHAES;2978;;CREA - PE;ESPINHEIRO;;CIDADE;COLISÃO TRANSVERSAL;2,0;0,0;0,0;0,0;0,0;0,0;0,0;0,0;0,0;0,0;0,0;;;;;;;;;;;;;
202307628,0;2023-04-05;03:00:00;COM VÍTIMA;FINALIZADA;DERBY;AV GOVERNADOR AGAMENON MAGALHAES;;;E/F AO BRADESCO S, /T OLINDA;DERBY;;;COLISÃO TRASEIRA;0,0;2,0;0,0;0,0;0,0;0,0;0,0;0,0;0,0;2,0;0,0;;;;;;;;;;;;;
202307631,0;2023-04-05;03:05:00;COM VÍTIMA;FINALIZADA;ESTÂNCIA;AV RECIFE;;;LADO OPOSTO AO ATACADÃO/ SENTIDO CAXANGA;ESTÂNCIA;;;COLISÃO LATERAL;0,0;2,0;0,0;0,0;0,0;0,0;0,0;0,0;0,0;1,0;0,0;;;;;;;;;;;;;
202307634,0;2023-04-05;03:24:00;SEM VÍTIMA;FINALIZADA;AREIAS;RUA JOSE NATARIO;;;PROX A ESTAÇÃO DO WERNECK;AREIAS;;;COLISÃO LATERAL;0,0;1,0;0,0;0,0;0,0;1,0;0,0;0,0;0,0;0,0;0,0;;;;;;;;;;;;;
202307653,0;2023-04-05;05:51:00;COM VÍTIMA;FINALIZADA;AFOGADOS;AV SUL;;;POLICLÍNICA AGAMENON MAGALHÃES;AFOGADOS;;;COLISÃO LATERAL;0,0;2,0;0,0;0,0;0,0;0,0;0,0;0,0;0,0;2,0;0,0;;;;;;;;;;;;;
202307654,0;2023-04-05;05:53:00;COM VÍTIMA;FINALIZADA;IMBIRIBEIRA;AV ANTONIO TORRES GALVAO;442;RUA ALFREDO MARCONDES;;IMBIRIBEIRA;;;COLISÃO TRANSVERSAL;0,0;1,0;0,0;0,0;0,0;0,0;1,0;0,0;0,0;1,0;0,0;;;;;;;;;;;;;
202307660,0;2023-04-05;07:27:00;COM VÍTIMA;FINALIZADA;BOA VIAGEM;AVENIDA CELSO FURTADO (VIA MANGUE);;;ANTES DO HIBER BOMPREÇO, NO VIADUTO;BOA VIAGEM;;SUBURBIO;COLISÃO TRASEIRA;1,0;1,0;0,0;0,0;0,0;0,0;0,0;0,0;0,0;1,0;0,0;;;;;;;;;;;;;
202307665,0;2023-04-05;09:19:00;COM VÍTIMA;CANCELADA;CÓRREGO DO JENIPAPO;RUA DAS FLORES;90;;PRÓXIMO A UPINHA DO CORREGO DO JENIPAPO;CÓRREGO DO JENIPAPO;;;COLISÃO FRONTAL;1,0;1,0;0,0;0,0;0,0;0,0;0,0;0,0;0,0;2,0;0,0;;;;;;;;;;;;;
202307667,0;2023-04-05;09:28:00;COM VÍTIMA;CANCELADA;BOA VIAGEM;AV ARMINDO MOURA;;RUA VISCONDE DE JEQUITINHONHA;;BOA VIAGEM;;CIDADE;COLISÃO LATERAL;1,0;1,0;0,0;0,0;0,0;0,0;0,0;0,0;0,0;1,0;0,0;;;;;;;;;;;;;
202307670,0;2023-04-06;01:21:00;SEM VÍTIMA;FINALIZADA;SANTO AMARO;AV GOVERNADOR AGAMENON MAGALHAES;;;SOB O VIADUTO  ENGº ROBERTO PEREIRA DE CARVALHO;SANTO AMARO;;;CHOQUE;0,0;0,0;0,0;0,0;0,0;0,0;0,0;1,0;0,0;0,0;0,0;;;;;;;;;;;;;
202307676,0;2023-04-06;06:46:00;COM VÍTIMA;FINALIZADA;BAIRRO DO RECIFE;AV RIO BRANCO;;CAIS DO APOLO;AO LADO DO BANCO DO BRASIL - SENT. SUBÚRBIO;BAIRRO DO RECIFE;19,0;;COLISÃO TRASEIRA;1,0;1,0;0,0;0,0;0,0;0,0;0,0;0,0;0,0;1,0;0,0;;;;;;;;;;;;;
202307693,0;2023-04-06;10:05:00;COM VÍTIMA;FINALIZADA;AREIAS;AV RECIFE;5008;;EM FRENTE AO ATACADÃO SENT. BR-101;AREIAS;;;COLISÃO FRONTAL;1,0;1,0;0,0;0,0;0,0;0,0;0,0;0,0;0,0;1,0;0,0;;;;;;;;;;;;;
202307695,0;2023-04-06;10:14:00;COM VÍTIMA;FINALIZADA;BOA VIAGEM;AVENIDA CELSO FURTADO (VIA MANGUE);;;POR TRÁS DO ANTIGO EXTRA;BOA VIAGEM;;CIDADE;COLISÃO LATERAL;0,0;0,0;0,0;0,0;0,0;0,0;0,0;0,0;0,0;1,0;0,0;;;;;;;;;;;;;
202307698,0;2023-04-06;10:55:00;COM VÍTIMA;CANCELADA;CORDEIRO;RUA XAVIER DE BRITO;;;;CORDEIRO;;;COLISÃO LATERAL;0,0;0,0;0,0;0,0;0,0;0,0;0,0;0,0;0,0;1,0;0,0;;;;;;;;;;;;;
202307701,0;2023-04-06;11:22:00;COM VÍTIMA;FINALIZADA;AFOGADOS;RUA VINTE E UM DE ABRIL;2090;;;AFOGADOS;;;ATROPELAMENTO DE PESSOA;1,0;0,0;0,0;0,0;1,0;0,0;0,0;0,0;0,0;1,0;0,0;;;;;;;;;;;;;
202307702,0;2023-04-06;11:48:00;COM VÍTIMA;FINALIZADA;CORDEIRO;RUA DR MIGUEL VIEIRA FERREIRA;721;RUA PROFESSOR JOAQUIM XAVIER DE BRITO;;CORDEIRO;;;COLISÃO COM CICLISTA;0,0;1,0;0,0;1,0;0,0;0,0;0,0;0,0;0,0;2,0;0,0;;;;;;;;;;;;;
202307703,0;2023-04-06;01:18:00;COM VÍTIMA;FINALIZADA;LINHA DO TIRO;RUA ALTO DOS COQUEIROS;105;;;LINHA DO TIRO;;;TOMBAMENTO;1,0;0,0;0,0;0,0;0,0;0,0;1,0;0,0;0,0;1,0;0,0;;;;;;;;;;;;;
202307738,0;2023-04-07;08:29:00;SEM VÍTIMA;FINALIZADA;AFOGADOS;EST DOS REMEDIOS;1322;;EM FRENTE À OFICINA CORSEL;AFOGADOS;;;COLISÃO FRONTAL;0,0;1,0;0,0;0,0;0,0;0,0;0,0;0,0;0,0;0,0;0,0;;;;;;;;;;;;;
202307743,0;2023-04-08;03:54:00;SEM VÍTIMA;FINALIZADA;ILHA DO RETIRO;AV ENGENHEIRO ABDIAS DE CARVALHO;;;EM FRENTE AO SPORT;ILHA DO RETIRO;;;COLISÃO LATERAL;0,0;0,0;0,0;0,0;0,0;0,0;0,0;0,0;0,0;0,0;0,0;;;;;;;;;;;;;
202307750,0;2023-04-08;07:02:00;SEM VÍTIMA;FINALIZADA;VÁRZEA;RUA TORRES HOMEM;;;;VÁRZEA;;;APOIO CELPE;0,0;0,0;0,0;0,0;0,0;0,0;0,0;0,0;0,0;0,0;0,0;;;;;;;;;;;;;
202307751,0;2023-04-08;09:04:00;SEM VÍTIMA;FINALIZADA;VÁRZEA;RUA TORRES HOMEM;;;;VÁRZEA;;;APOIO CELPE;0,0;0,0;0,0;0,0;0,0;0,0;0,0;0,0;0,0;0,0;0,0;;;;;;;;;;;;;
202307759,0;2023-04-08;10:59:00;COM VÍTIMA;FINALIZADA;SANTO ANTÔNIO;PTE BUARQUE DE MACEDO;;AV MARTINS DE BARROS;;SANTO ANTÔNIO;;;COLISÃO TRASEIRA;1,0;1,0;0,0;0,0;0,0;0,0;0,0;0,0;0,0;2,0;0,0;;;;;;;;;;;;;
202307761,0;2023-04-08;12:42:00;COM VÍTIMA;FINALIZADA;BEBERIBE;AV BEBERIBE;1923;;;BEBERIBE;;;COLISÃO LATERAL;1,0;1,0;0,0;0,0;0,0;0,0;0,0;0,0;0,0;1,0;0,0;;;;;;;;;;;;;
202307777,0;2023-04-08;09:45:00;COM VÍTIMA;FINALIZADA;AREIAS;AV DR JOSE RUFINO;1637;;PRÓXIMO À IGREJA PRESBITERIANA;AREIAS;;;COLISÃO LATERAL;1,0;1,0;0,0;0,0;0,0;0,0;0,0;0,0;0,0;1,0;0,0;;;;;;;;;;;;;
202307794,0;2023-04-09;09:43:00;SEM VÍTIMA;FINALIZADA;SANTO ANTÔNIO;RUA NOSSA SRA DO CARMO;;RUA DO RANGEL;SEMÁFORO Nº 017;SANTO ANTÔNIO;17,0;CIDADE;;1,0;0,0;0,0;0,0;0,0;0,0;0,0;0,0;0,0;0,0;0,0;;;;;;;;;;;;;
202307805,0;2023-04-09;04:40:00;COM VÍTIMA;FINALIZADA;TAMARINEIRA;RUA SEBASTIAO MALTA ARCOVERDE;60;;EM FRENTE AO FAACA BURGUER;TAMARINEIRA;;;COLISÃO LATERAL;1,0;1,0;0,0;0,0;0,0;0,0;0,0;0,0;0,0;1,0;0,0;;;;;;;;;;;;;
202307810,0;2023-04-09;07:30:00;COM VÍTIMA;FINALIZADA;BOA VIAGEM;AV ENGENHEIRO DOMINGOS FERREIRA;;;EM FRENTE AO SPETTUS;BOA VIAGEM;;;COLISÃO LATERAL;1,0;1,0;0,0;0,0;0,0;0,0;0,0;0,0;0,0;1,0;0,0;;;;;;;;;;;;;
202307811,0;2023-04-09;09:46:00;COM VÍTIMA;FINALIZADA;IBURA;AV DOIS RIOS;;;PRÓXIMO A LADEIRA DA COHAB;IBURA;;;COLISÃO LATERAL;1,0;1,0;0,0;0,0;0,0;0,0;0,0;0,0;0,0;2,0;0,0;;;;;;;;;;;;;
202307812,0;2023-04-10;12:07:00;COM VÍTIMA;FINALIZADA;;AV BEBERIBE;;;EM FRENTE AO SEST SENAT;;;;COLISÃO TRANSVERSAL;0,0;0,0;0,0;0,0;0,0;0,0;0,0;0,0;0,0;1,0;0,0;;;;;;;;;;;;;
202307813,0;2023-04-10;04:55:00;VÍTIMA FATAL;FINALIZADA;BOA VIAGEM;AV BOA VIAGEM;4558;;EM FRENTE AO EDF. MARIA LEOPOLDINA;BOA VIAGEM;152,0;;TOMBAMENTO;1,0;0,0;0,0;0,0;0,0;0,0;0,0;0,0;0,0;1,0;1,0;;;;;;;;;;;;;
202307833,0;2023-04-10;10:02:00;COM VÍTIMA;FINALIZADA;PINA;RUA MANOEL DE BRITO;;;INÍCIO DO TÚNEL JOSUÉ DE CASTRO;PINA;;;COLISÃO LATERAL;3,0;1,0;0,0;0,0;0,0;0,0;0,0;0,0;0,0;1,0;0,0;;;;;;;;;;;;;
202307837,0;2023-04-10;10:14:00;COM VÍTIMA;FINALIZADA;MADALENA;AV BEIRA RIO;825;;EM FRENTE AO EDF. RIVER TOWER RESIDENCE;MADALENA;;;COLISÃO LATERAL;1,0;1,0;0,0;0,0;0,0;0,0;0,0;0,0;0,0;1,0;0,0;;;;;;;;;;;;;
202307861,0;2023-04-10;02:41:00;COM VÍTIMA;FINALIZADA;TORRE;RUA REAL DA TORRE;1642;;EM FRENTE A ESCOLA DESPERTAR;TORRE;;;COLISÃO LATERAL;1,0;1,0;0,0;0,0;0,0;0,0;0,0;0,0;0,0;2,0;0,0;;;;;;;;;;;;;
202307865,0;2023-04-10;02:56:00;COM VÍTIMA;FINALIZADA;BOA VISTA;AV MANOEL BORBA;251;;EM FRENTE AO VAREJÃO;BOA VISTA;;;COLISÃO LATERAL;1,0;1,0;0,0;0,0;0,0;0,0;0,0;0,0;0,0;1,0;0,0;;;;;;;;;;;;;
202307869,0;2023-04-10;03:47:00;COM VÍTIMA;FINALIZADA;GRAÇAS;AV RUI BARBOSA;;;EM FRENTE AO RESTAURANTE PAPA CAPIM E COLEGIO DAMAS;GRAÇAS;;;COLISÃO COM CICLISTA;1,0;0,0;0,0;1,0;0,0;0,0;0,0;0,0;0,0;1,0;0,0;;;;;;;;;;;;;
202307874,0;2023-04-10;05:50:00;COM VÍTIMA;FINALIZADA;SANTO AMARO;RUA FRANCISCO JACINTO;195;;PROX A DELEGACIA DA MULHER;SANTO AMARO;;;COLISÃO LATERAL;1,0;1,0;0,0;0,0;0,0;0,0;0,0;0,0;0,0;1,0;0,0;;;;;;;;;;;;;
202307876,0;2023-04-10;06:24:00;SEM VÍTIMA;CANCELADA;SANTO ANTÔNIO;RUA SIQUEIRA CAMPOS;;AV DANTAS BARRETO;PROX A SICREDE;SANTO ANTÔNIO;;;COLISÃO LATERAL;2,0;0,0;0,0;0,0;0,0;0,0;0,0;0,0;0,0;0,0;0,0;;;;;;;;;;;;;
202307877,0;2023-04-10;06:36:00;COM VÍTIMA;FINALIZADA;CAXANGÁ;AV CAXANGA;;;EM FRENTE A PRAÇA ESTEVÃO DE SÁ;CAXANGÁ;;;COLISÃO TRASEIRA;1,0;1,0;0,0;0,0;0,0;0,0;0,0;0,0;0,0;2,0;0,0;;;;;;;;;;;;;
202307885,0;2023-04-10;07:22:00;COM VÍTIMA;FINALIZADA;GUABIRABA;AV DA RECUPERACAO;;;PROXIMO  UPA DE GUABIRABA;GUABIRABA;;;COLISÃO FRONTAL;0,0;2,0;0,0;0,0;0,0;0,0;0,0;0,0;0,0;2,0;0,0;;;;;;;;;;;;;
202307886,0;2023-04-10;07:31:00;COM VÍTIMA;FINALIZADA;DERBY;AV GOVERNADOR AGAMENON MAGALHAES;;;EM FRENTE AO HOSPITAL MEMORIAL SÃO JOSÉ;DERBY;;;COLISÃO LATERAL;0,0;1,0;0,0;1,0;0,0;0,0;0,0;0,0;0,0;1,0;0,0;;;;;;;;;;;;;
202307889,0;2023-04-10;09:19:00;SEM VÍTIMA;FINALIZADA;IPSEP;AV RECIFE;34;;RODK AUTO;IPSEP;;;;1,0;0,0;0,0;0,0;0,0;0,0;1,0;0,0;0,0;0,0;0,0;;;;;;;;;;;;;