Protocolo;data;hora;natureza;situacao;bairro;endereco;numero;detalhe_endereco_acidente;complemento;bairro_cruzamento;num_semaforo;sentido_via;tipo;auto;moto;ciclom;ciclista;pedestre;onibus;caminhao;viatura;outros;vitimas;vitimasfatais;acidente_verificado;tempo_clima;situacao_semaforo;sinalizacao;condicao_via;conservacao_via;ponto_controle;situacao_placa;velocidade_max_via;mao_direcao;divisao_via1;divisao_via2;divisao_via3
202315246,0;2023-07-03;10:27:00;COM VÍTIMA;FINALIZADA;CASA FORTE;AV DEZESSETE DE AGOSTO;741;;;CASA FORTE;;;COLISÃO COM CICLISTA;1,0;0,0;0,0;1,0;0,0;0,0;0,0;0,0;0,0;1,0;0,0;;;;;;;;;;;;;
202315248,0;2023-07-03;10:52:00;COM VÍTIMA;FINALIZADA;VARZEA;RUA GASTAO VIDIGAL;;;AO LADO DO HOTEL COSTA AZUL;VARZEA;;;QUEDA;0,0;1,0;0,0;0,0;0,0;0,0;0,0;0,0;0,0;1,0;0,0;;;;;;;;;;;;;
202315259,0;2023-07-03;12:40:00;SEM VÍTIMA;FINALIZADA;ARRUDA;RUA DO MACHADO;;RUA MANOEL SILVA;EMPORIO DA CERVEJA;ARRUDA;;SUBURBIO;COLISÃO TRANSVERSAL;2,0;0,0;0,0;0,0;0,0;0,0;0,0;0,0;0,0;0,0;0,0;;;;;;;;;;;;;
202315263,0;2023-07-03;01:27:00;COM VÍTIMA;FINALIZADA;TORRE;RUA CONDE DE IRAJA;;AV BEIRA RIO;PROX AO EDIFICIO DUAS NAÇÕES;TORRE;;;COLISÃO COM CICLISTA;1,0;0,0;0,0;1,0;0,0;0,0;0,0;0,0;0,0;1,0;0,0;;;;;;;;;;;;;
202315267,0;2023-07-03;02:17:00;COM VÍTIMA;FINALIZADA;CAMPO GRANDE;RUA ODORICO MENDES;165;;IMPERIO FAROIS;CAMPO GRANDE;;;COLISÃO LATERAL;1,0;1,0;0,0;0,0;0,0;0,0;0,0;0,0;0,0;1,0;0,0;;;;;;;;;;;;;
202315273,0;2023-07-03;03:20:00;SEM VÍTIMA;FINALIZADA;IMBIRIBEIRA;AV GENERAL MAC ARTHUR;465;;ANTES DA ESTAÇAO DO METRO DA ANTONIO FALCAO E/F A LOJA IMPERIO DO LUBRIFICANTE  S/T BOA VIAGEM;IMBIRIBEIRA;;;COLISÃO LATERAL;2,0;1,0;0,0;0,0;0,0;0,0;0,0;0,0;0,0;0,0;0,0;;;;;;;;;;;;;
202315276,0;2023-07-03;03:48:00;COM VÍTIMA;FINALIZADA;BOA VIAGEM;AV BOA VIAGEM;507;;EM FRENTE AO EDIFICIO ILHA DE THASSOS;BOA VIAGEM;;;COLISÃO TRASEIRA;1,0;1,0;0,0;0,0;0,0;0,0;0,0;0,0;0,0;1,0;0,0;;;;;;;;;;;;;
202315280,0;2023-07-03;04:36:00;COM VÍTIMA;FINALIZADA;ARRUDA;EST VELHA DE AGUA FRIA;;;APOS O DNOCS PROXIMO AO SEMÁFO 306;ARRUDA;;;COLISÃO FRONTAL;1,0;1,0;0,0;0,0;0,0;0,0;0,0;0,0;0,0;1,0;0,0;;;;;;;;;;;;;
202315284,0;2023-07-03;05:49:00;COM VÍTIMA;FINALIZADA;ILHA DO RETIRO;AV BEIRA RIO;360;;EDF. MARIA TERESA COELHO;ILHA DO RETIRO;;;COLISÃO LATERAL;1,0;1,0;0,0;0,0;0,0;0,0;0,0;0,0;0,0;1,0;0,0;;;;;;;;;;;;;
202315287,0;2023-07-03;06:15:00;SEM VÍTIMA;CANCELADA;BOA VIAGEM;RUA BARAO DE SOUZA LEAO;1259;;EDF VILA REAL;BOA VIAGEM;;;COLISÃO LATERAL;2,0;0,0;0,0;0,0;0,0;0,0;0,0;0,0;0,0;0,0;0,0;;;;;;;;;;;;;
202315291,0;2023-07-03;06:25:00;COM VÍTIMA;FINALIZADA;SANTO AMARO;RUA DA AURORA;;;EM FRENTE AO INSTITUTO TAVARES BURIL;SANTO AMARO;;;COLISÃO LATERAL;1,0;1,0;0,0;0,0;0,0;0,0;0,0;0,0;0,0;1,0;0,0;;;;;;;;;;;;;
202315298,0;2023-07-03;06:43:00;COM VÍTIMA;CANCELADA;TOTO;RUA ONZE DE AGOSTO;598;;PROX AO BIDU KRAUSE .;TOTO;;;COLISÃO LATERAL;0,0;2,0;0,0;0,0;0,0;0,0;0,0;0,0;0,0;2,0;0,0;;;;;;;;;;;;;
202315319,0;2023-07-04;06:20:00;COM VÍTIMA;FINALIZADA;MADALENA;RUA JOSE BONIFACIO;;RUA PADRE JOSE DE ANCHIETA;EM FRENTE A DROGARIA SÃO PAULO;MADALENA;;;COLISÃO FRONTAL;2,0;0,0;0,0;0,0;0,0;0,0;0,0;0,0;0,0;1,0;0,0;;;;;;;;;;;;;
202315326,0;2023-07-04;07:56:00;SEM VÍTIMA;FINALIZADA;IPUTINGA;AV CAXANGA;4068;AV PROFESSOR JOAQUIM CAVALCANTI;VIADUTO BR 101;IPUTINGA;;SUBURBIO;COLISÃO TRANSVERSAL;2,0;0,0;0,0;0,0;0,0;0,0;0,0;0,0;0,0;0,0;0,0;;;;;;;;;;;;;
202315330,0;2023-07-04;08:00:00;COM VÍTIMA;FINALIZADA;AGUA FRIA;AV BEBERIBE;1728;;PROXIMO AO DISBEC DISTRIBUIDORA DE TINTA;AGUA FRIA;;;COLISÃO LATERAL;0,0;2,0;0,0;0,0;0,0;0,0;0,0;0,0;0,0;2,0;0,0;;;;;;;;;;;;;
202315341,0;2023-07-04;08:31:00;COM VÍTIMA;FINALIZADA;ILHA JOANA BEZERRA;VIADUTO CAPITAO TEMUDO;;;PROX  AO FORUM DE JOANA BEZERRA;ILHA JOANA BEZERRA;;;COLISÃO LATERAL;0,0;2,0;0,0;0,0;0,0;0,0;0,0;0,0;0,0;1,0;0,0;;;;;;;;;;;;;
202315347,0;2023-07-04;09:33:00;COM VÍTIMA;FINALIZADA;SANTO ANTONIO;AV DANTAS BARRETO;;RUA SAO JOAO;EM FRENTE AO SEMAFORO 154;SANTO ANTONIO;;;COLISÃO LATERAL;0,0;1,0;0,0;0,0;0,0;1,0;0,0;0,0;0,0;1,0;0,0;;;;;;;;;;;;;
202315355,0;2023-07-04;10:34:00;COM VÍTIMA;CANCELADA;MACAXEIRA;AV NORTE MIGUEL ARRAES DE ALENCAR;;;SENT. CIDADE, EM FRENTE AO PARQUE DA MACAXEIRA;MACAXEIRA;;;COLISÃO TRASEIRA;0,0;1,0;0,0;0,0;0,0;0,0;1,0;0,0;0,0;1,0;0,0;;;;;;;;;;;;;
202315364,0;2023-07-04;12:11:00;COM VÍTIMA;FINALIZADA;ENGENHO DO MEIO;RUA MANOEL ESTEVAO DA COSTA;;;PROXIMO DA ACADEMIA ACTOS;ENGENHO DO MEIO;;;COLISÃO LATERAL;1,0;1,0;0,0;0,0;0,0;0,0;0,0;0,0;0,0;1,0;0,0;;;;;;;;;;;;;
202315367,0;2023-07-04;12:15:00;COM VÍTIMA;DUPLICIDADE;IPUTINGA;RUA CONEGO LUIZ GONZAGA DO MONTE;22;;AO LADO DA ACTO ACADEMIA;IPUTINGA;;;COLISÃO LATERAL;0,0;1,0;0,0;0,0;0,0;0,0;0,0;0,0;0,0;1,0;0,0;;;;;;;;;;;;;
202315374,0;2023-07-04;02:31:00;COM VÍTIMA;FINALIZADA;ESPINHEIRO;RUA CONS PORTELA;665;;AGALERIA CONSELHEIRO PORTELA;ESPINHEIRO;;;COLISÃO LATERAL;1,0;0,0;1,0;0,0;0,0;0,0;0,0;0,0;0,0;1,0;0,0;;;;;;;;;;;;;
202315381,0;2023-07-04;03:20:00;COM VÍTIMA;FINALIZADA;IPSEP;AV RECIFE;;;JJK AUTOS;IPSEP;;;COLISÃO LATERAL;1,0;1,0;0,0;0,0;0,0;0,0;0,0;0,0;0,0;1,0;0,0;;;;;;;;;;;;;
202315402,0;2023-07-04;09:50:00;COM VÍTIMA;FINALIZADA;SAO JOSE;AV SUL;;RUA OSCAR MELO;CONTINUAÇÃO DA RUA CABO EUTRÓPIO;SAO JOSE;;;COLISÃO FRONTAL;0,0;2,0;0,0;0,0;0,0;0,0;0,0;0,0;0,0;2,0;0,0;;;;;;;;;;;;;
202315428,0;2023-07-05;08:24:00;COM VÍTIMA;FINALIZADA;BOA VISTA;RUA MARQUES AMORIM;356;;RUA UNIMED 3;BOA VISTA;;;COLISÃO LATERAL;1,0;1,0;0,0;0,0;0,0;0,0;0,0;0,0;0,0;2,0;0,0;;;;;;;;;;;;;
202315429,0;2023-07-05;08:30:00;COM VÍTIMA;FINALIZADA;CORDEIRO;AV CAXANGA;;;EM FRENTE AO NUCLEO DE SAUDE DA CAXANGA;CORDEIRO;;CIDADE;COLISÃO TRASEIRA;1,0;1,0;0,0;0,0;0,0;0,0;0,0;0,0;0,0;1,0;0,0;;;;;;;;;;;;;
202315456,0;2023-07-05;02:41:00;COM VÍTIMA;FINALIZADA;CAXANGA;AV CAXANGA;;;PROXIMO A FIAT;CAXANGA;;;COLISÃO LATERAL;1,0;1,0;0,0;0,0;0,0;0,0;0,0;0,0;0,0;1,0;0,0;;;;;;;;;;;;;
202315468,0;2023-07-05;02:41:00;SEM VÍTIMA;FINALIZADA;BOA VISTA;AV GOVERNADOR AGAMENON MAGALHAES;2807;;EM FRENT AO CÍRCULO MILITAR DO RECIFE;BOA VISTA;;SUBURBIO;COLISÃO TRASEIRA;1,0;0,0;0,0;0,0;0,0;0,0;0,0;1,0;0,0;0,0;0,0;;;;;;;;;;;;;
202315495,0;2023-07-05;06:54:00;COM VÍTIMA;FINALIZADA;IMBIRIBEIRA;RUA JOSE DA SILVA LUCENA;241;;EM FRENTE A IGREJA PORTAL;IMBIRIBEIRA;;;COLISÃO FRONTAL;1,0;1,0;0,0;0,0;0,0;0,0;0,0;0,0;0,0;1,0;0,0;;;;;;;;;;;;;
202315496,0;2023-07-05;07:33:00;SEM VÍTIMA;FINALIZADA;PINA;RUA CONSUL JOSEPH NOUJAIM;;RUA NOGUEIRA DE SOUZA;SOB O SEMÁFORO Nº658;PINA;658,0;SUBURBIO;;2,0;0,0;0,0;0,0;0,0;0,0;0,0;0,0;0,0;0,0;0,0;;;;;;;;;;;;;
202315516,0;2023-07-06;05:17:00;COM VÍTIMA;FINALIZADA;GRACAS;RUA RICARDO HARDMAN;475;;COM A RUA RIGUEIRA COSTA;GRACAS;;;COLISÃO LATERAL;2,0;0,0;0,0;0,0;0,0;0,0;0,0;0,0;0,0;1,0;0,0;;;;;;;;;;;;;
202315527,0;2023-07-06;07:54:00;COM VÍTIMA;FINALIZADA;BOA VIAGEM;AV MARECHAL JUAREZ TAVORA;;;ESQUINA DO HOTEL FORUM/  PROX AO OLEGIO DOURADO;BOA VIAGEM;;;COLISÃO LATERAL;1,0;1,0;0,0;0,0;0,0;0,0;0,0;0,0;0,0;1,0;0,0;;;;;;;;;;;;;
202315565,0;2023-07-06;04:07:00;COM VÍTIMA;FINALIZADA;PINA;PTE GOVERNADOR PAULO GUERRA;;;ENTRADA DA VIA MANGUE / PROX. AO SHOPPING RIOMAR;PINA;;;COLISÃO TRASEIRA;1,0;1,0;0,0;0,0;0,0;0,0;0,0;0,0;0,0;1,0;0,0;;;;;;;;;;;;;
202315577,0;2023-07-06;06:45:00;COM VÍTIMA;FINALIZADA;IBURA;RUA PINTOR AGENOR DE ALBUQUERQUE CESAR;260;;CLINICA SENA;IBURA;;;COLISÃO FRONTAL;1,0;1,0;0,0;0,0;0,0;0,0;0,0;0,0;0,0;1,0;0,0;;;;;;;;;;;;;
202315580,0;2023-07-06;07:38:00;COM VÍTIMA;FINALIZADA;SANTO AMARO;AV CRUZ CABUGA;304;;EM FRENTE A CTTU;SANTO AMARO;;;COLISÃO LATERAL;0,0;0,0;0,0;0,0;0,0;0,0;0,0;0,0;0,0;1,0;0,0;;;;;;;;;;;;;
202315608,0;2023-07-07;08:26:00;SEM VÍTIMA;FINALIZADA;TORRE;RUA JOSE BONIFACIO;1315;;PROX AO CARREFUOR;TORRE;;;COLISÃO LATERAL;2,0;0,0;0,0;0,0;0,0;0,0;0,0;0,0;0,0;0,0;0,0;;;;;;;;;;;;;
202315634,0;2023-07-07;01:45:00;COM VÍTIMA;FINALIZADA;TORRE;RUA MARQUES DE MARICA;12;;PRAÇA DA TORRE;TORRE;;;COLISÃO LATERAL;1,0;1,0;0,0;0,0;0,0;0,0;0,0;0,0;0,0;1,0;0,0;;;;;;;;;;;;;
202315636,0;2023-07-07;01:51:00;COM VÍTIMA;FINALIZADA;COELHOS;RUA DOS COELHOS;;;HOSPITAL IMIP;COELHOS;;;QUEDA;0,0;1,0;0,0;0,0;0,0;0,0;0,0;0,0;0,0;1,0;0,0;;;;;;;;;;;;;
202315651,0;2023-07-07;03:43:00;COM VÍTIMA;FINALIZADA;BEBERIBE;AV BEBERIBE;;;E/F AO POSTO SIVINI;BEBERIBE;;;COLISÃO FRONTAL;1,0;1,0;0,0;0,0;0,0;0,0;0,0;0,0;0,0;1,0;0,0;;;;;;;;;;;;;
202315653,0;2023-07-07;03:54:00;COM VÍTIMA;FINALIZADA;DERBY;AV GOVERNADOR AGAMENON MAGALHAES;;;EM FRENTE AO HR;DERBY;;BOA VIAGEM;QUEDA;0,0;1,0;0,0;0,0;0,0;0,0;0,0;0,0;0,0;1,0;0,0;;;;;;;;;;;;;
202315659,0;2023-07-07;03:58:00;SEM VÍTIMA;FINALIZADA;AFOGADOS;RUA SAO MIGUEL;268;;DEPARTAMENTO DE REPRESSÃO AOS CRIMES PATRIMONIAIS;AFOGADOS;333,0;SUBURBIO;COLISÃO TRANSVERSAL;0,0;1,0;0,0;0,0;0,0;0,0;0,0;1,0;0,0;0,0;0,0;;;;;;;;;;;;;
202315670,0;2023-07-07;06:36:00;SEM VÍTIMA;CANCELADA;CASA FORTE;RUA LEONARDO BEZERRA CAVALCANTE;514;;MUNDO PET;CASA FORTE;;;COLISÃO FRONTAL;1,0;1,0;0,0;0,0;0,0;0,0;0,0;0,0;0,0;0,0;0,0;;;;;;;;;;;;;
202315674,0;2023-07-07;07:10:00;SEM VÍTIMA;FINALIZADA;ESTANCIA;RUA CONEGO XAVIER PEDROZA;489;AV DR JOSE RUFINO;AO LADO DO IMÓVEL Nº 489;ESTANCIA;;SUBURBIO;;1,0;1,0;0,0;0,0;0,0;0,0;0,0;0,0;0,0;0,0;0,0;;;;;;;;;;;;;
202315704,0;2023-07-08;08:16:00;COM VÍTIMA;CANCELADA;IBURA;LAD DA COHAB;388;;PROXIMO A POLICLINICA DO IBURA;IBURA;;;;0,0;1,0;0,0;0,0;0,0;0,0;0,0;0,0;0,0;1,0;0,0;;;;;;;;;;;;;
202315727,0;2023-07-08;11:36:00;SEM VÍTIMA;FINALIZADA;SANTO AMARO;AV GOVERNADOR AGAMENON MAGALHAES;111;;PROXIMO A ACADEMIA DA CIDADE E A IGREJA ASSEMBLEIA DE DEUS;SANTO AMARO;;CIDADE;;1,0;0,0;0,0;0,0;0,0;0,0;0,0;1,0;0,0;0,0;0,0;;;;;;;;;;;;;
202315732,0;2023-07-08;12:43:00;SEM VÍTIMA;FINALIZADA;AGUA FRIA;AV BEBERIBE;;;SOB  O SEMAFORO 187;AGUA FRIA;187,0;CIDADE;COLISÃO TRASEIRA;0,0;1,0;0,0;0,0;0,0;0,0;0,0;1,0;0,0;0,0;0,0;;;;;;;;;;;;;
202315739,0;2023-07-08;02:31:00;COM VÍTIMA;FINALIZADA;BOA VIAGEM;RUA BARAO DE SOUZA LEAO;1000;RUA ALMIRANTE TAMANDARE;E/F AO EDF BARAO DE SOUZA LEAO;BOA VIAGEM;;;COLISÃO TRASEIRA;1,0;1,0;0,0;0,0;0,0;0,0;0,0;0,0;0,0;1,0;0,0;;;;;;;;;;;;;
202315740,0;2023-07-08;02:32:00;COM VÍTIMA;FINALIZADA;CAMPO GRANDE;EST DE BELEM;;RUA ODORICO MENDES;;CAMPO GRANDE;26,0;;CHOQUE;0,0;0,0;0,0;0,0;0,0;0,0;0,0;0,0;0,0;1,0;0,0;;;;;;;;;;;;;
202315746,0;2023-07-08;03:50:00;COM VÍTIMA;FINALIZADA;ESTANCIA;AV DR JOSE RUFINO;184;;LADO OPOSTO AO COLÉGIO VISÃO;ESTANCIA;;;COLISÃO TRANSVERSAL;1,0;1,0;0,0;0,0;0,0;0,0;0,0;0,0;0,0;1,0;0,0;;;;;;;;;;;;;
202315752,0;2023-07-08;04:33:00;SEM VÍTIMA;FINALIZADA;TORRE;RUA JORNALISTA LUIZ TEIXEIRA;28;RUA ZILDA S DE SANTANA;;TORRE;;SUBURBIO;COLISÃO TRANSVERSAL;1,0;0,0;0,0;0,0;0,0;0,0;0,0;1,0;0,0;0,0;0,0;;;;;;;;;;;;;
202315782,0;2023-07-09;01:38:00;SEM VÍTIMA;FINALIZADA;SAN MARTIN;RUA APULCRO DE ASSUNCAO;164;;PRÓXIMO AO MOTEL POUSADA DELÍRIO;SAN MARTIN;;;CHOQUE;0,0;0,0;0,0;0,0;0,0;0,0;0,0;0,0;0,0;0,0;0,0;;;;;;;;;;;;;
202315783,0;2023-07-09;02:46:00;COM VÍTIMA;FINALIZADA;PARNAMIRIM;RUA SEBASTIAO MALTA ARCOVERDE;;AV RUI BARBOSA;PRÓXIMO AO SHOPPING PARNAMIRIM;PARNAMIRIM;;;COLISÃO TRANSVERSAL;2,0;0,0;0,0;0,0;0,0;0,0;0,0;0,0;0,0;2,0;0,0;;;;;;;;;;;;;
202315802,0;2023-07-09;10:39:00;SEM VÍTIMA;FINALIZADA;SANTO AMARO;RUA DA AMIZADE;180;;;SANTO AMARO;;SUBURBIO;CHOQUE;1,0;0,0;0,0;0,0;0,0;0,0;0,0;0,0;0,0;0,0;0,0;;;;;;;;;;;;;
202315811,0;2023-07-09;12:09:00;COM VÍTIMA;FINALIZADA;BOA VIAGEM;RUA FRANCISCO DA CUNHA;;RUA TENENTE JOAO CICERO;EM FRENTE A LANCHONETE PARADA OBRIGATORIA;BOA VIAGEM;;;COLISÃO FRONTAL;1,0;1,0;0,0;0,0;0,0;0,0;0,0;0,0;0,0;1,0;0,0;;;;;;;;;;;;;
202315812,0;2023-07-09;12:15:00;COM VÍTIMA;FINALIZADA;CACOTE;AV RECIFE;;;ATACADAO;CACOTE;;;COLISÃO TRASEIRA;2,0;0,0;0,0;0,0;0,0;0,0;0,0;0,0;0,0;1,0;0,0;;;;;;;;;;;;;
202315848,0;2023-07-10;06:51:00;COM VÍTIMA;FINALIZADA;BOA VIAGEM;RUA ERNESTO DE PAULA SANTOS;1368;;PROX. AO POSTO BR E TAPÊ SUSHI;BOA VIAGEM;;;COLISÃO LATERAL;1,0;1,0;0,0;0,0;0,0;0,0;0,0;0,0;0,0;1,0;0,0;;;;;;;;;;;;;
202315851,0;2023-07-10;07:17:00;COM VÍTIMA;FINALIZADA;BAIRRO DO RECIFE;AV RIO BRANCO;;CAIS DO APOLO;EM FRENTE AO BANCO DO BRASIL;BAIRRO DO RECIFE;19,0;;ATROPELAMENTO DE PESSOA;0,0;0,0;0,0;0,0;1,0;1,0;0,0;0,0;0,0;1,0;0,0;;;;;;;;;;;;;
202315874,0;2023-07-10;11:28:00;COM VÍTIMA;FINALIZADA;MADALENA;AV BEIRA RIO;879;;EM FRENTE AO EDF. 4 ESTAÇÕES;MADALENA;;;COLISÃO LATERAL;1,0;1,0;0,0;0,0;0,0;0,0;0,0;0,0;0,0;1,0;0,0;;;;;;;;;;;;;
202315881,0;2023-07-10;01:19:00;SEM VÍTIMA;FINALIZADA;SANTO AMARO;AV GOVERNADOR AGAMENON MAGALHAES;;;SOB O SEMÁFORO Nº 049;SANTO AMARO;49,0;;;1,0;0,0;0,0;0,0;0,0;1,0;0,0;0,0;0,0;0,0;0,0;;;;;;;;;;;;;
202315885,0;2023-07-10;02:26:00;COM VÍTIMA;FINALIZADA;AREIAS;AV RECIFE;727;;LOGO APOS O CARREFOUR;AREIAS;;SUBURBIO;COLISÃO TRASEIRA;1,0;1,0;0,0;0,0;0,0;0,0;0,0;0,0;0,0;1,0;0,0;;;;;;;;;;;;;
202315901,0;2023-07-10;05:11:00;COM VÍTIMA;FINALIZADA;CORDEIRO;AV GENERAL SAN MARTIN;;;E/F AO HGV;CORDEIRO;;;COLISÃO COM CICLISTA;1,0;0,0;0,0;1,0;0,0;0,0;0,0;0,0;0,0;1,0;0,0;;;;;;;;;;;;;
202315913,0;2023-07-10;07:01:00;COM VÍTIMA;FINALIZADA;JAQUEIRA;AV RUI BARBOSA;;;EM FRENTE AO PARQUE DA JAQUEIRA;JAQUEIRA;;;COLISÃO LATERAL;1,0;1,0;0,0;0,0;0,0;0,0;0,0;0,0;0,0;1,0;0,0;;;;;;;;;;;;;
202315916,0;2023-07-10;10:13:00;COM VÍTIMA;FINALIZADA;MADALENA;RUA REAL DA TORRE;;RUA JOSE OSORIO;;MADALENA;;;COLISÃO LATERAL;0,0;2,0;0,0;0,0;0,0;0,0;0,0;0,0;0,0;2,0;0,0;;;;;;;;;;;;;
202315937,0;2023-07-11;07:41:00;COM VÍTIMA;FINALIZADA;BOA VISTA;RUA BARAO DE SAO BORJA;;RUA JOSE DE ALENCAR;PROX AO POSTO DE SAUDE GOUVEIA DE BARROS;BOA VISTA;;;COLISÃO LATERAL;2,0;0,0;0,0;0,0;0,0;0,0;0,0;0,0;0,0;3,0;0,0;;;;;;;;;;;;;
202315942,0;2023-07-11;08:10:00;COM VÍTIMA;FINALIZADA;IBURA;AV DOIS RIOS;889;;;IBURA;;;COLISÃO LATERAL;1,0;1,0;0,0;0,0;0,0;0,0;0,0;0,0;0,0;1,0;0,0;;;;;;;;;;;;;
202315945,0;2023-07-11;08:12:00;COM VÍTIMA;FINALIZADA;VARZEA;AV AFONSO OLINDENSE;1004;;EM FRENTE A LOJA TRES IRMÃS;VARZEA;;;COLISÃO COM CICLISTA;1,0;0,0;0,0;1,0;0,0;0,0;0,0;0,0;0,0;1,0;0,0;;;;;;;;;;;;;
202315947,0;2023-07-11;08:42:00;COM VÍTIMA;FINALIZADA;BEBERIBE;AV BEBERIBE;927;;EM FRENTE CONSSESIONARIA DE CARROS DISNOVE;BEBERIBE;;;COLISÃO LATERAL;1,0;1,0;0,0;0,0;0,0;0,0;0,0;0,0;0,0;1,0;0,0;;;;;;;;;;;;;
202315949,0;2023-07-11;09:08:00;SEM VÍTIMA;FINALIZADA;AFOGADOS;RUA PADRE TEOFILO TWORZ;;;PRÓXIMO A TUPAN;AFOGADOS;;CIDADE;COLISÃO TRASEIRA;2,0;0,0;0,0;0,0;0,0;0,0;0,0;0,0;0,0;0,0;0,0;;;;;;;;;;;;;
202315971,0;2023-07-11;11:05:00;COM VÍTIMA;FINALIZADA;AFOGADOS;RUA DA PAZ;388;;EM FRENTE A FIGUEIRAS CALÇADOS;AFOGADOS;;;ATROPELAMENTO DE PESSOA;0,0;1,0;0,0;0,0;2,0;0,0;0,0;0,0;0,0;2,0;0,0;;;;;;;;;;;;;
202315978,0;2023-07-11;11:32:00;COM VÍTIMA;FINALIZADA;TAMARINEIRA;AV NORTE MIGUEL ARRAES DE ALENCAR;;RUA DA MANGABEIRA;PROXIMO AO ESTACIONAMENTO SESC DE CASA AMARELA;TAMARINEIRA;;;COLISÃO LATERAL;0,0;1,0;0,0;0,0;0,0;0,0;1,0;0,0;0,0;1,0;0,0;;;;;;;;;;;;;
202315981,0;2023-07-11;12:13:00;COM VÍTIMA;FINALIZADA;IMBIRIBEIRA;RUA ARQUITETO LUIZ NUNES;;;AO LADO DA GALERIA CENTER ARACA /PROX A PADARIA MAGIA DOS PAES;IMBIRIBEIRA;;;COLISÃO FRONTAL;1,0;1,0;0,0;0,0;0,0;0,0;0,0;0,0;0,0;1,0;0,0;;;;;;;;;;;;;
202315982,0;2023-07-11;12:15:00;COM VÍTIMA;FINALIZADA;ARRUDA;RUA SETE PECADOS;169;;ESQUINA COM A LOCAPE ,NA RUA DO CANAL DA CONCTRUÇÃO;ARRUDA;;;COLISÃO LATERAL;0,0;1,0;0,0;0,0;0,0;0,0;0,0;0,0;0,0;1,0;0,0;;;;;;;;;;;;;
202315991,0;2023-07-11;01:34:00;COM VÍTIMA;FINALIZADA;BOA VISTA;AV JOAO DE BARROS;;AV VISCONDE DE SUASSUNA;PROX AO QUARTEL DOS BOMBEIROS;BOA VISTA;;;COLISÃO FRONTAL;1,0;1,0;0,0;0,0;0,0;0,0;0,0;0,0;0,0;2,0;0,0;;;;;;;;;;;;;
202316003,0;2023-07-11;05:03:00;COM VÍTIMA;FINALIZADA;ARRUDA;AV BEBERIBE;;;LOJA DE VEÍCULOS IPIRANGA;ARRUDA;;SUBURBIO;COLISÃO COM CICLISTA;0,0;1,0;0,0;1,0;0,0;0,0;0,0;0,0;0,0;1,0;0,0;;;;;;;;;;;;;
202316014,0;2023-07-11;05:42:00;COM VÍTIMA;FINALIZADA;MADALENA;AV CAXANGA;;;NO SEMAFORO 051 ENTRE A O BOMPREÇO E A  VERDE FRUTI;MADALENA;;;COLISÃO LATERAL;0,0;2,0;0,0;0,0;0,0;0,0;0,0;0,0;0,0;2,0;0,0;;;;;;;;;;;;;
202316020,0;2023-07-11;06:20:00;COM VÍTIMA;FINALIZADA;ENCRUZILHADA;AV NORTE MIGUEL ARRAES DE ALENCAR;;RUA DR JOSE MARIA;SEMÁFORO 045;ENCRUZILHADA;;;ATROPELAMENTO DE PESSOA;0,0;0,0;0,0;1,0;0,0;1,0;0,0;0,0;0,0;1,0;0,0;;;;;;;;;;;;;
202316027,0;2023-07-11;07:05:00;SEM VÍTIMA;FINALIZADA;SAO JOSE;PTE GIRATORIA;;;;SAO JOSE;;SUBURBIO;COLISÃO TRASEIRA;3,0;0,0;0,0;0,0;0,0;0,0;0,0;0,0;0,0;0,0;0,0;;;;;;;;;;;;;
202316064,0;2023-07-12;08:32:00;COM VÍTIMA;FINALIZADA;MUSTARDINHA;RUA NETO CAMPELO JUNIOR;34;;PROX A PRAÇA DO ABC;MUSTARDINHA;;;QUEDA;0,0;1,0;0,0;0,0;0,0;0,0;0,0;0,0;0,0;1,0;0,0;;;;;;;;;;;;;
202316070,0;2023-07-12;09:19:00;COM VÍTIMA;FINALIZADA;CABANGA;AV ANTONIO DE GOES;1334;;PROX IATE CLUBE CABANGA;CABANGA;;;;0,0;1,0;0,0;0,0;0,0;0,0;0,0;0,0;0,0;1,0;0,0;;;;;;;;;;;;;
202316072,0;2023-07-12;11:38:00;COM VÍTIMA;FINALIZADA;ARRUDA;RUA DA REGENERACAO;;;EM FRENTE AO EDIFICIO EL DOURADO / PROX AO PONTO DE RECICLAGEM;ARRUDA;;;COLISÃO LATERAL;0,0;2,0;0,0;0,0;0,0;0,0;0,0;0,0;0,0;2,0;0,0;;;;;;;;;;;;;
202316083,0;2023-07-12;11:45:00;COM VÍTIMA;FINALIZADA;BOA VIAGEM;AV ENGENHEIRO DOMINGOS FERREIRA;2589;;EMPRESARIAL ALEXANDRE DE CASTRO E SILVA;BOA VIAGEM;;;ATROPELAMENTO DE PESSOA;1,0;0,0;0,0;0,0;1,0;0,0;0,0;0,0;0,0;1,0;0,0;;;;;;;;;;;;;