Protocolo;data;hora;natureza;situacao;bairro;endereco;numero;detalhe_endereco_acidente;complemento;bairro_cruzamento;num_semaforo;sentido_via;tipo;auto;moto;ciclom;ciclista;pedestre;onibus;caminhao;viatura;outros;vitimas;vitimasfatais;acidente_verificado;tempo_clima;situacao_semaforo;sinalizacao;condicao_via;conservacao_via;ponto_controle;situacao_placa;velocidade_max_via;mao_direcao;divisao_via1;divisao_via2;divisao_via3
202316084,0;2023-07-12;11:45:00;SEM VÍTIMA;FINALIZADA;BOA VISTA;RUA BARAO DE SAO BORJA;308;RUA DA SOLEDADE;EM FRENTE A ESCOLA MUNICIPAL PEDRO AUGUSTO;BOA VISTA;;CIDADE;;1,0;0,0;0,0;0,0;0,0;1,0;0,0;0,0;0,0;0,0;0,0;;;;;;;;;;;;;
202316091,0;2023-07-12;01:06:00;SEM VÍTIMA;FINALIZADA;ESPINHEIRO;RUA VENEZUELA;85;;AO LADO DO CREA;ESPINHEIRO;;CIDADE;CHOQUE;2,0;0,0;0,0;0,0;0,0;0,0;0,0;0,0;0,0;0,0;0,0;;;;;;;;;;;;;
202316103,0;2023-07-12;03:08:00;COM VÍTIMA;FINALIZADA;CASA FORTE;AV DEZESSETE DE AGOSTO;452;;E/F A CONCESSIONARIA ALBUQUERQUE MOTO PROX AO AÇUDE;CASA FORTE;;;COLISÃO TRASEIRA;1,0;1,0;0,0;0,0;0,0;0,0;0,0;0,0;0,0;1,0;0,0;;;;;;;;;;;;;
202316118,0;2023-07-12;06:05:00;SEM VÍTIMA;FINALIZADA;SANTO AMARO;AV GOVERNADOR AGAMENON MAGALHAES;684;;SOB O SEMÁFORO 684;SANTO AMARO;684,0;SUBURBIO;COLISÃO TRASEIRA;1,0;0,0;0,0;0,0;0,0;0,0;0,0;1,0;0,0;0,0;0,0;;;;;;;;;;;;;
202316125,0;2023-07-12;07:47:00;COM VÍTIMA;FINALIZADA;MACAXEIRA;AV NORTE MIGUEL ARRAES DE ALENCAR;;;PROXIMO AO TERMINAL INTEGRADO DA MACAXEIRA;MACAXEIRA;;;COLISÃO LATERAL;0,0;0,0;0,0;0,0;0,0;0,0;0,0;0,0;0,0;1,0;0,0;;;;;;;;;;;;;
202316130,0;2023-07-12;09:47:00;COM VÍTIMA;FINALIZADA;ROSARINHO;AV SANTOS DUMONT;;RUA DR JOSE MARIA;PRÓXIMO A CASA ROSADA;ROSARINHO;;;COLISÃO LATERAL;1,0;1,0;0,0;0,0;0,0;0,0;0,0;0,0;0,0;1,0;0,0;;;;;;;;;;;;;
202316132,0;2023-07-13;12:45:00;COM VÍTIMA;FINALIZADA;SAO JOSE;AV DANTAS BARRETO;;RUA SIQUEIRA CAMPOS;PRÓXIMO AO ANTIGO INSS;SAO JOSE;;;COLISÃO LATERAL;0,0;0,0;0,0;0,0;0,0;2,0;0,0;0,0;0,0;3,0;0,0;;;;;;;;;;;;;
202316153,0;2023-07-13;07:42:00;COM VÍTIMA;FINALIZADA;ILHA JOANA BEZERRA;RUA AGUA DOCE;;;EM FRENTE A ACADEMIA DA CIDADE SENT. TERMINAL JOANA BEZERRA;ILHA JOANA BEZERRA;;;COLISÃO LATERAL;1,0;1,0;0,0;0,0;0,0;0,0;0,0;0,0;0,0;2,0;0,0;;;;;;;;;;;;;
202316158,0;2023-07-13;08:41:00;COM VÍTIMA;FINALIZADA;SAN MARTIN;AV ENGENHEIRO ABDIAS DE CARVALHO;;;AO LADO DO COMPAZ / E PROX AO ATACAREJO SUPERMRCADO;SAN MARTIN;;;QUEDA;0,0;1,0;0,0;0,0;0,0;0,0;0,0;0,0;0,0;1,0;0,0;;;;;;;;;;;;;
202316164,0;2023-07-13;09:50:00;COM VÍTIMA;FINALIZADA;IPUTINGA;AV CAXANGA;;;EM FRENTE A CAXANGA VEÍCULOS / AO LADO DA LOJA DA L2 AUTOMOVEIS;IPUTINGA;;;COLISÃO LATERAL;0,0;1,0;0,0;0,0;0,0;0,0;1,0;0,0;0,0;1,0;0,0;;;;;;;;;;;;;
202316168,0;2023-07-13;10:23:00;COM VÍTIMA;FINALIZADA;BOA VIAGEM;AV BOA VIAGEM;328;;PROX. AO HY BEACH FLATS;BOA VIAGEM;;;COLISÃO LATERAL;1,0;1,0;0,0;0,0;0,0;0,0;0,0;0,0;0,0;1,0;0,0;;;;;;;;;;;;;
202316172,0;2023-07-13;11:07:00;SEM VÍTIMA;CANCELADA;CABANGA;RUA CAMUTANGA;;;PROX AO SETIMO DSUP ( DEPOSITO DE SUPRIMENTO DO EXERCITO);CABANGA;;;CHOQUE;0,0;0,0;0,0;0,0;0,0;0,0;0,0;1,0;0,0;0,0;0,0;;;;;;;;;;;;;
202316185,0;2023-07-13;02:11:00;COM VÍTIMA;CANCELADA;IBURA;AV RECIFE;;;;IBURA;;;COLISÃO LATERAL;0,0;0,0;0,0;0,0;0,0;0,0;0,0;0,0;0,0;1,0;0,0;;;;;;;;;;;;;
202316189,0;2023-07-13;02:57:00;COM VÍTIMA;FINALIZADA;ARRUDA;AV PROFESSOR JOSE DOS ANJOS;;;NO SEMAFORO 642;ARRUDA;;;COLISÃO FRONTAL;1,0;0,0;0,0;0,0;0,0;0,0;0,0;1,0;0,0;2,0;0,0;;;;;;;;;;;;;
202316201,0;2023-07-13;05:58:00;COM VÍTIMA;FINALIZADA;BOA VIAGEM;AV ENGENHEIRO DOMINGOS FERREIRA;1000;RUA TOME GIBSON;EM FRENTE AO CALDINHO DO DEBE;BOA VIAGEM;;;COLISÃO COM CICLISTA;0,0;1,0;0,0;1,0;0,0;0,0;0,0;0,0;0,0;2,0;0,0;;;;;;;;;;;;;
202316202,0;2023-07-13;08:31:00;COM VÍTIMA;FINALIZADA;AGUA FRIA;EST VELHA DE AGUA FRIA;1540;;PRÓXIMO A ESQUINA DA BATATA;AGUA FRIA;;;COLISÃO FRONTAL;1,0;2,0;0,0;0,0;0,0;0,0;0,0;0,0;0,0;2,0;0,0;;;;;;;;;;;;;
202316214,0;2023-07-13;10:32:00;COM VÍTIMA;FINALIZADA;VARZEA;RUA MARIO CAMPELO;;RUA JOAO FRANCISCO LISBOA;CRUZAMENTO;VARZEA;;;COLISÃO TRANSVERSAL;1,0;1,0;0,0;0,0;0,0;0,0;0,0;0,0;0,0;1,0;0,0;;;;;;;;;;;;;
202316216,0;2023-07-14;06:21:00;COM VÍTIMA;CANCELADA;VASCO DA GAMA;AV NORTE MIGUEL ARRAES DE ALENCAR;;;COM A RUA VASCO DA GAMA;VASCO DA GAMA;;;COLISÃO TRANSVERSAL;1,0;1,0;0,0;0,0;0,0;0,0;0,0;0,0;0,0;1,0;0,0;;;;;;;;;;;;;
202316232,0;2023-07-14;08:55:00;SEM VÍTIMA;FINALIZADA;SAO JOSE;TRV DO FORTE;104;;LADO OPOSTO AO FORTE DAS CINCO PORTAS;SAO JOSE;199,0;SUBURBIO;COLISÃO TRASEIRA;1,0;1,0;0,0;0,0;0,0;0,0;0,0;0,0;0,0;0,0;0,0;;;;;;;;;;;;;
202316259,0;2023-07-14;01:04:00;COM VÍTIMA;FINALIZADA;BOA VISTA;RUA HENRIQUE DIAS;;;E/F A FARMACIA PAGUE MENOS;BOA VISTA;;;COLISÃO LATERAL;1,0;0,0;0,0;0,0;0,0;0,0;0,0;0,0;0,0;1,0;0,0;;;;;;;;;;;;;
202316270,0;2023-07-14;03:50:00;COM VÍTIMA;FINALIZADA;IBURA;AV DOIS RIOS;;RUA RIO XINGU;AO LADO DO POSTO DE GASOLINA;IBURA;;;ATROPELAMENTO DE PESSOA;0,0;1,0;0,0;0,0;1,0;0,0;0,0;0,0;0,0;1,0;0,0;;;;;;;;;;;;;
202316273,0;2023-07-14;05:03:00;SEM VÍTIMA;FINALIZADA;BOA VIAGEM;AV RECIFE;;RUA FRANCA PEREIRA;EM FRENTE AO EDIFICIO VENDOME;BOA VIAGEM;;;COLISÃO TRASEIRA;2,0;0,0;0,0;0,0;0,0;0,0;0,0;0,0;0,0;0,0;0,0;;;;;;;;;;;;;
202316281,0;2023-07-14;07:05:00;COM VÍTIMA;FINALIZADA;CAMPO GRANDE;RUA JERONIMO VILELA;413;;PRÓXIMO A PADARIA SANTO ANTÔNIO;CAMPO GRANDE;;;COLISÃO LATERAL;1,0;1,0;0,0;0,0;0,0;0,0;0,0;0,0;0,0;1,0;0,0;;;;;;;;;;;;;
202316286,0;2023-07-14;08:12:00;COM VÍTIMA;FINALIZADA;CAXANGA;AV CAXANGA;;;EM FRENTE AL CAXANGA GOLF CLUBE;CAXANGA;;;COLISÃO LATERAL;0,0;1,0;0,0;1,0;0,0;0,0;0,0;0,0;0,0;2,0;0,0;;;;;;;;;;;;;
202316288,0;2023-07-14;08:41:00;COM VÍTIMA;FINALIZADA;PARNAMIRIM;AV DEZESSETE DE AGOSTO;892;;EDIFICIO  CASA GRANDE DE SANT´ANNA;PARNAMIRIM;;;COLISÃO FRONTAL;2,0;1,0;0,0;0,0;0,0;0,0;0,0;0,0;0,0;1,0;0,0;;;;;;;;;;;;;
202316298,0;2023-07-15;12:51:00;COM VÍTIMA;FINALIZADA;TAMARINEIRA;EST DO ARRAIAL;;RUA CONEGO BARATA;;TAMARINEIRA;;;COLISÃO TRANSVERSAL;1,0;1,0;0,0;0,0;0,0;0,0;0,0;0,0;0,0;2,0;0,0;;;;;;;;;;;;;
202316299,0;2023-07-15;02:10:00;SEM VÍTIMA;FINALIZADA;SANTO AMARO;AV GOVERNADOR AGAMENON MAGALHAES;;AV DR JAYME DA FONTE;;SANTO AMARO;49,0;SUBURBIO;;2,0;0,0;0,0;0,0;0,0;0,0;0,0;0,0;0,0;0,0;0,0;;;;;;;;;;;;;
202316316,0;2023-07-15;07:03:00;COM VÍTIMA;FINALIZADA;AFOGADOS;RUA SAO MIGUEL;701;;PROX A IGREJA BATISTA DE AFOGADOS PROX AO QUARTEL EXERCITO 14;AFOGADOS;;;COLISÃO LATERAL;1,0;2,0;0,0;0,0;0,0;0,0;0,0;0,0;0,0;1,0;0,0;;;;;;;;;;;;;
202316323,0;2023-07-15;08:53:00;COM VÍTIMA;CANCELADA;SANTO AMARO;AV GOVERNADOR AGAMENON MAGALHAES;7165;;EM FRENTE AO 13 EM FRENTE AO 13 BATALHAO // SENTIDO BOA VIAGEM //;SANTO AMARO;;;;0,0;1,0;0,0;0,0;0,0;0,0;0,0;0,0;0,0;1,0;0,0;;;;;;;;;;;;;
202316341,0;2023-07-15;12:19:00;COM VÍTIMA;FINALIZADA;AFOGADOS;RUA SAO MIGUEL;1343;;EM FRENTE A CESAR MOTOS E PARAISO DOS PETS;AFOGADOS;;;COLISÃO LATERAL;1,0;1,0;0,0;0,0;0,0;0,0;0,0;0,0;0,0;1,0;0,0;;;;;;;;;;;;;
202316344,0;2023-07-15;04:43:00;SEM VÍTIMA;FINALIZADA;IMBIRIBEIRA;RUA PRESIDENTE NILO PECANHA;231;;(RESIDENCIAL BOA VIAGEM);IMBIRIBEIRA;;;;0,0;0,0;0,0;0,0;0,0;0,0;0,0;0,0;0,0;0,0;0,0;;;;;;;;;;;;;
202316363,0;2023-07-15;07:59:00;COM VÍTIMA;FINALIZADA;IPSEP;AV RECIFE;;;POSTO BR , SENTIDO  AEROPORTO;IPSEP;;;COLISÃO TRANSVERSAL;1,0;1,0;0,0;0,0;0,0;0,0;0,0;0,0;0,0;1,0;0,0;;;;;;;;;;;;;
202316364,0;2023-07-15;08:07:00;COM VÍTIMA;FINALIZADA;LINHA DO TIRO;RUA URIEL DE HOLANDA;914;;CHURASCARIA   CACHOEIRA;LINHA DO TIRO;;;COLISÃO LATERAL;1,0;1,0;0,0;0,0;0,0;0,0;0,0;0,0;0,0;1,0;0,0;;;;;;;;;;;;;
202316368,0;2023-07-15;08:42:00;COM VÍTIMA;CANCELADA;BOA VIAGEM;AV ENGENHEIRO DOMINGOS FERREIRA;2600;;COM A RUA  JOSÉ BRANDÃO FARMACIA INDEPENDENTE;BOA VIAGEM;550,0;;COLISÃO TRASEIRA;1,0;1,0;0,0;0,0;0,0;0,0;0,0;0,0;0,0;1,0;0,0;;;;;;;;;;;;;
202316371,0;2023-07-16;03:58:00;SEM VÍTIMA;FINALIZADA;SANTO AMARO;RUA ODORICO MENDES;;;INSTITUTO DE CRIMINALISTA;SANTO AMARO;;CIDADE;CHOQUE;1,0;0,0;0,0;0,0;0,0;0,0;0,0;0,0;0,0;0,0;0,0;;;;;;;;;;;;;
202316376,0;2023-07-16;06:02:00;COM VÍTIMA;CANCELADA;AFOGADOS;AV SUL;;;AVENIDA SUL SENTIDO PRAÇA DE AFOGADOS;AFOGADOS;;SUBURBIO;COLISÃO LATERAL;0,0;1,0;0,0;0,0;0,0;1,0;0,0;0,0;0,0;1,0;0,0;;;;;;;;;;;;;
202316377,0;2023-07-16;06:17:00;SEM VÍTIMA;FINALIZADA;BOA VIAGEM;AV ENGENHEIRO DOMINGOS FERREIRA;2574;;EDF RESIDENCIAL JK;BOA VIAGEM;550,0;SUBURBIO;CHOQUE;1,0;0,0;0,0;0,0;0,0;0,0;0,0;0,0;0,0;0,0;0,0;;;;;;;;;;;;;
202316396,0;2023-07-16;11:09:00;COM VÍTIMA;FINALIZADA;CAMPO GRANDE;RUA FARIAS NEVES;;;PROX A PRAÇA DO CAMPO DE ELITE;CAMPO GRANDE;;;COLISÃO TRANSVERSAL;1,0;1,0;0,0;0,0;0,0;0,0;0,0;0,0;0,0;2,0;0,0;;;;;;;;;;;;;
202316409,0;2023-07-16;03:16:00;SEM VÍTIMA;FINALIZADA;ALTO JOSE BONIFACIO;AV NORTE MIGUEL ARRAES DE ALENCAR;4703;;APÓS O  ARMAZEM CORAL;ALTO JOSE BONIFACIO;;CIDADE;COLISÃO TRASEIRA;1,0;0,0;0,0;0,0;0,0;0,0;0,0;1,0;0,0;0,0;0,0;;;;;;;;;;;;;
202316421,0;2023-07-16;06:32:00;COM VÍTIMA;FINALIZADA;ARRUDA;RUA DAS MOCAS;;RUA PETRONILA BOTELHO;POR TRÁS DO CAMPO DO ARRUDA;ARRUDA;;;COLISÃO LATERAL;1,0;1,0;0,0;0,0;0,0;0,0;0,0;0,0;0,0;2,0;0,0;;;;;;;;;;;;;
202316424,0;2023-07-16;07:39:00;COM VÍTIMA;FINALIZADA;CAMPINA DO BARRETO;RUA DAS MOCAS;;RUA ESPIRITO SANTO;;CAMPINA DO BARRETO;;;COLISÃO LATERAL;1,0;1,0;0,0;0,0;0,0;0,0;0,0;0,0;0,0;1,0;0,0;;;;;;;;;;;;;
202316426,0;2023-07-16;09:31:00;COM VÍTIMA;FINALIZADA;MUSTARDINHA;AV MANOEL GONCALVES DA LUZ;;;EM FRENTE AO CENTRO SOCIAL URBANO;MUSTARDINHA;;;COLISÃO FRONTAL;1,0;1,0;0,0;0,0;0,0;0,0;0,0;0,0;0,0;1,0;0,0;;;;;;;;;;;;;
202316428,0;2023-05-17;02:39:00;COM VÍTIMA;FINALIZADA;IMBIRIBEIRA;AV MARECHAL MASCARENHAS DE MORAES;;;EM FRENTE CONCESSIONÁRIA HONDA;IMBIRIBEIRA;;;ATROPELAMENTO DE PESSOA;0,0;1,0;0,0;0,0;1,0;0,0;0,0;0,0;0,0;3,0;0,0;;;;;;;;;;;;;
202316433,0;2023-07-17;07:33:00;COM VÍTIMA;FINALIZADA;IMBIRIBEIRA;AV MARECHAL MASCARENHAS DE MORAES;4536;;APOS O VIADUTO TANCREDO NEVES SENTIDO AEROPORTO;IMBIRIBEIRA;;;COLISÃO LATERAL;1,0;1,0;0,0;0,0;0,0;0,0;0,0;0,0;0,0;1,0;0,0;;;;;;;;;;;;;
202316435,0;2023-07-17;08:32:00;COM VÍTIMA;FINALIZADA;AFOGADOS;AV SUL;;;EM FRENTE AO HOTEL LUA DE MEL;AFOGADOS;;CIDADE;COLISÃO TRASEIRA;1,0;1,0;0,0;0,0;0,0;0,0;0,0;0,0;0,0;2,0;0,0;;;;;;;;;;;;;
202316438,0;2023-07-17;08:38:00;COM VÍTIMA;FINALIZADA;BOA VIAGEM;RUA ERNESTO DE PAULA SANTOS;;;PROX AO SHOPPING RECIFE / EM FRENTE AO POSTO D EGASOLINA BR;BOA VIAGEM;;;COLISÃO FRONTAL;1,0;1,0;0,0;0,0;0,0;0,0;0,0;0,0;0,0;1,0;0,0;;;;;;;;;;;;;
202316439,0;2023-07-17;08:39:00;COM VÍTIMA;CANCELADA;BAIRRO DO RECIFE;CAIS DO APOLO;594;;EM FRENTE AO TRIBUNAL FEDERAL;BAIRRO DO RECIFE;;;COLISÃO LATERAL;0,0;1,0;0,0;0,0;0,0;0,0;1,0;0,0;0,0;1,0;0,0;;;;;;;;;;;;;
202316441,0;2023-07-17;08:46:00;COM VÍTIMA;FINALIZADA;CASA FORTE;EST DAS UBAIAS;75;;NO ESTASCIONAMENTO DO SUPERMERCADO BOM DEMAIS;CASA FORTE;;;COLISÃO FRONTAL;1,0;1,0;0,0;0,0;0,0;0,0;0,0;0,0;0,0;1,0;0,0;;;;;;;;;;;;;
202316442,0;2023-07-17;08:48:00;COM VÍTIMA;FINALIZADA;ALTO JOSE DO PINHO;COR DO BARTOLOMEU;354;;NA RODINHA PROX A ALEX CAR;ALTO JOSE DO PINHO;;;COLISÃO FRONTAL;1,0;1,0;0,0;0,0;0,0;0,0;0,0;0,0;0,0;1,0;0,0;;;;;;;;;;;;;
202316446,0;2023-07-17;09:10:00;COM VÍTIMA;FINALIZADA;IPSEP;AV RECIFE;;;PROXIMO SAL E BRASA, NO CRUZAMENTO DO POSTO BR;IPSEP;;;COLISÃO LATERAL;0,0;2,0;0,0;0,0;0,0;0,0;0,0;0,0;0,0;2,0;0,0;;;;;;;;;;;;;
202316450,0;2023-07-17;09:38:00;COM VÍTIMA;FINALIZADA;CAXANGA;AV CAXANGA;;;EM FRENTE AO POSTO DE GASOLINA PETROBRAS /  CONCERCIONARIA IPUTINGA AUTOMOVEL;CAXANGA;;CIDADE;COLISÃO TRASEIRA;0,0;1,0;0,0;0,0;0,0;0,0;0,0;0,0;0,0;1,0;0,0;;;;;;;;;;;;;
202316455,0;2023-07-17;10:53:00;COM VÍTIMA;FINALIZADA;ARRUDA;AV BEBERIBE;1678;;EM FRENTRE AO MERCADÃO DO OLEO;ARRUDA;;;COLISÃO LATERAL;1,0;1,0;0,0;0,0;0,0;0,0;0,0;0,0;0,0;1,0;0,0;;;;;;;;;;;;;
202316478,0;2023-07-17;12:56:00;COM VÍTIMA;FINALIZADA;PINA;AV HERCULANO BANDEIRA;;;PROX A OFICINA GUERRA / PROX A IGREJA CATOLICA;PINA;;;COLISÃO FRONTAL;0,0;1,0;0,0;0,0;0,0;0,0;0,0;0,0;0,0;1,0;0,0;;;;;;;;;;;;;
202316481,0;2023-07-17;01:51:00;COM VÍTIMA;FINALIZADA;CAXANGA;AV CAXANGA;1592;;ESTAÇÃO GETULIO VARGAS;CAXANGA;;;ATROPELAMENTO DE PESSOA;0,0;1,0;0,0;0,0;1,0;0,0;0,0;0,0;0,0;1,0;0,0;;;;;;;;;;;;;
202316483,0;2023-07-17;02:47:00;COM VÍTIMA;CANCELADA;NOVA DESCOBERTA;AV VEREADOR OTACILIO AZEVEDO;854;;APOS A UPA  ANTES DO TERMINAL DO BREJO;NOVA DESCOBERTA;;;COLISÃO LATERAL;1,0;1,0;0,0;0,0;0,0;0,0;0,0;0,0;0,0;2,0;0,0;;;;;;;;;;;;;
202316486,0;2023-07-17;03:20:00;COM VÍTIMA;FINALIZADA;CORDEIRO;AV CAXANGA;2544;;AGRO UTIL;CORDEIRO;;;COLISÃO TRASEIRA;1,0;1,0;0,0;0,0;0,0;0,0;0,0;0,0;0,0;1,0;0,0;;;;;;;;;;;;;
202316491,0;2023-07-17;06:26:00;COM VÍTIMA;CANCELADA;VARZEA;RUA DELMIRO GOUVEIA;386;;EM FRENTE A ESTAÇAO DO BRT AREINHA E AO LADO DA CONCESSIONARIA YAMAHA;VARZEA;;;COLISÃO TRASEIRA;1,0;1,0;0,0;0,0;0,0;0,0;0,0;0,0;0,0;2,0;0,0;;;;;;;;;;;;;
202316492,0;2023-07-17;06:39:00;COM VÍTIMA;FINALIZADA;BARRO;RUA ANDRE DE ALBUQUERQUE;;RUA RATICLIFE;IGREJA DO BARRO;BARRO;;;COLISÃO FRONTAL;1,0;1,0;0,0;0,0;0,0;0,0;0,0;0,0;0,0;1,0;0,0;;;;;;;;;;;;;
202316501,0;2023-07-17;07:31:00;SEM VÍTIMA;CANCELADA;SANTO AMARO;RUA FREI CASSIMIRO;332;;EM FRENTE AO COMITE DE OSMAR RICARDO;SANTO AMARO;;;COLISÃO LATERAL;3,0;0,0;0,0;0,0;0,0;0,0;0,0;0,0;0,0;0,0;0,0;;;;;;;;;;;;;
202316504,0;2023-07-17;07:58:00;COM VÍTIMA;FINALIZADA;DOIS IRMAOS;RUA MANUEL DE MEDEIROS;;;AO LADO DA UFRPE;DOIS IRMAOS;;;COLISÃO LATERAL;0,0;0,0;0,0;0,0;0,0;0,0;0,0;0,0;0,0;2,0;0,0;;;;;;;;;;;;;
202316517,0;2023-07-18;07:36:00;COM VÍTIMA;FINALIZADA;BOA VIAGEM;RUA DOS NAVEGANTES;;;POR TRAZ DO CASTELINHO;BOA VIAGEM;;;COLISÃO LATERAL;1,0;1,0;0,0;0,0;0,0;0,0;0,0;0,0;0,0;1,0;0,0;;;;;;;;;;;;;
202316533,0;2023-07-18;09:23:00;COM VÍTIMA;FINALIZADA;IPUTINGA;EST DO BARBALHO;;AV MAURICIO DE NASSAU;PROXIMO AO DETRAN DA IPUTINGA;IPUTINGA;;;COLISÃO LATERAL;1,0;1,0;0,0;0,0;0,0;0,0;0,0;0,0;0,0;1,0;0,0;;;;;;;;;;;;;
202316534,0;2023-07-18;09:42:00;COM VÍTIMA;FINALIZADA;BOA VIAGEM;AV ENGENHEIRO DOMINGOS FERREIRA;890;;APOS O CLINICAL CENTER;BOA VIAGEM;;;COLISÃO LATERAL;1,0;1,0;0,0;0,0;0,0;0,0;0,0;0,0;0,0;2,0;0,0;;;;;;;;;;;;;
202316544,0;2023-07-18;11:10:00;COM VÍTIMA;FINALIZADA;PINA;AVENIDA CELSO FURTADO (VIA MANGUE);;;PROX AO PRIMEIRO RADAR SENTIDO BOA VIAGEM;PINA;;;COLISÃO TRASEIRA;1,0;1,0;0,0;0,0;0,0;0,0;0,0;0,0;0,0;1,0;0,0;;;;;;;;;;;;;
202316550,0;2023-07-18;11:53:00;COM VÍTIMA;FINALIZADA;ILHA DO RETIRO;AV ENGENHEIRO ABDIAS DE CARVALHO;;;EM FRENTE AO SPORT CLUBE DE RECIFE;ILHA DO RETIRO;;;COLISÃO LATERAL;1,0;1,0;0,0;0,0;0,0;0,0;0,0;0,0;0,0;1,0;0,0;;;;;;;;;;;;;
202316552,0;2023-07-18;12:45:00;COM VÍTIMA;FINALIZADA;CAXANGA;AV CAXANGA;1752;;E/F A CASA DE PRODUTO AGROPECUARIO RANCHO ALEGRE  S/T SUB;CAXANGA;;;COLISÃO LATERAL;0,0;2,0;0,0;0,0;0,0;0,0;0,0;0,0;0,0;3,0;0,0;;;;;;;;;;;;;
202316555,0;2023-07-18;01:19:00;SEM VÍTIMA;FINALIZADA;VARZEA;AV AFONSO OLINDENSE;1553;;EM FRENTE AO COLEGIO SALEZIANO MAZARELLO;VARZEA;;SUBURBIO;;1,0;1,0;0,0;0,0;0,0;0,0;0,0;0,0;0,0;0,0;0,0;;;;;;;;;;;;;
202316559,0;2023-07-18;01:48:00;COM VÍTIMA;FINALIZADA;AGUA FRIA;AV ANIBAL BENEVOLO;;;E/F A ESCOLA ROSA MAGALHAES;AGUA FRIA;;;COLISÃO LATERAL;0,0;0,0;0,0;0,0;0,0;0,0;0,0;0,0;0,0;1,0;0,0;;;;;;;;;;;;;
202316561,0;2023-07-18;02:18:00;COM VÍTIMA;FINALIZADA;TORRE;RUA JOSE BONIFACIO;;;E/F AO CARREFOUR;TORRE;;;COLISÃO LATERAL;0,0;0,0;0,0;0,0;0,0;0,0;0,0;0,0;0,0;1,0;0,0;;;;;;;;;;;;;
202316562,0;2023-07-18;02:25:00;COM VÍTIMA;FINALIZADA;MADALENA;AV VISCONDE DE ALBUQUERQUE;;;PROX A PRAÇA  EÇA DE QUEIROZ  EO HOSPITAL D´AVIL A;MADALENA;;;COLISÃO LATERAL;1,0;1,0;0,0;0,0;0,0;0,0;0,0;0,0;0,0;1,0;0,0;;;;;;;;;;;;;
202316569,0;2023-07-18;03:44:00;COM VÍTIMA;FINALIZADA;BONGI;AV ENGENHEIRO ABDIAS DE CARVALHO;1356;;E/F AO POSTO BR;BONGI;;;COLISÃO LATERAL;0,0;0,0;0,0;0,0;0,0;0,0;0,0;0,0;0,0;1,0;0,0;;;;;;;;;;;;;
202316570,0;2023-07-18;03:48:00;SEM VÍTIMA;FINALIZADA;SANTO ANTONIO;RUA IMPERADOR PEDRO SEGUNDO;167;;OPOSTO;SANTO ANTONIO;;;COLISÃO TRASEIRA;1,0;0,0;0,0;0,0;0,0;0,0;0,0;1,0;0,0;0,0;0,0;;;;;;;;;;;;;
202316571,0;2023-07-18;03:51:00;COM VÍTIMA;FINALIZADA;IMBIRIBEIRA;AV MARECHAL MASCARENHAS DE MORAES;27;;PROX AO LOCALIZA E O AEROPORTO;IMBIRIBEIRA;;;COLISÃO LATERAL;0,0;0,0;0,0;0,0;0,0;0,0;0,0;0,0;0,0;1,0;0,0;;;;;;;;;;;;;
202316573,0;2023-07-18;04:12:00;COM VÍTIMA;DUPLICIDADE;PRADO;AV ENGENHEIRO ABDIAS DE CARVALHO;1356;;OFICINA AUTO CENTER;PRADO;;;CHOQUE;0,0;1,0;0,0;0,0;0,0;0,0;0,0;0,0;0,0;1,0;0,0;;;;;;;;;;;;;
202316581,0;2023-07-18;02:59:00;COM VÍTIMA;FINALIZADA;ESTANCIA;RUA SAO MIGUEL;;RUA OLEGARIO MARIANO;;ESTANCIA;;;COLISÃO LATERAL;1,0;2,0;0,0;0,0;0,0;0,0;0,0;0,0;0,0;3,0;0,0;;;;;;;;;;;;;
202316583,0;2023-07-18;05:48:00;COM VÍTIMA;CANCELADA;JORDAO;AV JULIO CESAR;158;;JORDAO BAIXO  POR TRAS DA CAPELA JOAO BATISTA  E PROX A CEMOTEC;JORDAO;;;COLISÃO LATERAL;0,0;0,0;1,0;0,0;0,0;0,0;0,0;0,0;0,0;1,0;0,0;;;;;;;;;;;;;
202316586,0;2023-07-18;06:12:00;COM VÍTIMA;FINALIZADA;ARRUDA;RUA DAS MOCAS;;;AO LADO DO ARMAZEM CORAL;ARRUDA;;;COLISÃO LATERAL;1,0;2,0;0,0;0,0;0,0;0,0;0,0;0,0;0,0;1,0;0,0;;;;;;;;;;;;;
202316604,0;2023-07-18;08:51:00;COM VÍTIMA;FINALIZADA;DOIS UNIDOS;AV HILDEBRANDO DE VASCONCELOS;;;EM FRENTE A CELPE / NA ENTRADA DE DOIS UNIDOS;DOIS UNIDOS;;;COLISÃO LATERAL;1,0;1,0;0,0;0,0;0,0;0,0;0,0;0,0;0,0;2,0;0,0;;;;;;;;;;;;;
202316605,0;2023-07-18;10:46:00;COM VÍTIMA;FINALIZADA;ESTANCIA;AV DR JOSE RUFINO;548;;PRÓXIMO A GALERIA MARGARIDA;ESTANCIA;;;COLISÃO TRANSVERSAL;1,0;1,0;0,0;0,0;0,0;0,0;0,0;0,0;0,0;1,0;0,0;;;;;;;;;;;;;