Protocolo;data;hora;natureza;situacao;bairro;endereco;numero;detalhe_endereco_acidente;complemento;bairro_cruzamento;num_semaforo;sentido_via;tipo;auto;moto;ciclom;ciclista;pedestre;onibus;caminhao;viatura;outros;vitimas;vitimasfatais;acidente_verificado;tempo_clima;situacao_semaforo;sinalizacao;condicao_via;conservacao_via;ponto_controle;situacao_placa;velocidade_max_via;mao_direcao;divisao_via1;divisao_via2;divisao_via3
202316621,0;2023-07-19;07:00:00;COM VÍTIMA;FINALIZADA;BOA VIAGEM;RUA DEZ DE JULHO;210;;MAIZOM CRISTAL;BOA VIAGEM;;;COLISÃO LATERAL;2,0;0,0;0,0;0,0;0,0;0,0;0,0;0,0;0,0;1,0;0,0;;;;;;;;;;;;;
202316625,0;2023-07-19;07:50:00;COM VÍTIMA;FINALIZADA;GRACAS;AV RUI BARBOSA;;;EM FRENTE A CASA DOS FRIOS;GRACAS;;;COLISÃO FRONTAL;0,0;1,0;0,0;0,0;0,0;0,0;0,0;0,0;0,0;1,0;0,0;;;;;;;;;;;;;
202316638,0;2023-07-19;09:09:00;SEM VÍTIMA;FINALIZADA;NOVA DESCOBERTA;AV CHAGAS FERREIRA;163;;AO LADO DA  FABRICA DE AGUA MINERAL CEU AZUL;NOVA DESCOBERTA;;;COLISÃO FRONTAL;0,0;1,0;0,0;0,0;0,0;0,0;0,0;0,0;0,0;0,0;0,0;;;;;;;;;;;;;
202316645,0;2023-07-19;10:15:00;COM VÍTIMA;CANCELADA;BOA VISTA;RUA DO PRINCIPE;;;NA ESQUINA DA FACULDADE CATOLICA;BOA VISTA;;;COLISÃO FRONTAL;0,0;1,0;0,0;0,0;0,0;0,0;0,0;0,0;0,0;1,0;0,0;;;;;;;;;;;;;
202316652,0;2023-07-19;11:35:00;COM VÍTIMA;FINALIZADA;AFOGADOS;RUA SAO MIGUEL;553;;EM FRENTE MANU AUTO ELETRICA / PROX AO DELAGACIA DO DEPRATI;AFOGADOS;;;COLISÃO LATERAL;1,0;1,0;0,0;0,0;0,0;0,0;0,0;0,0;0,0;1,0;0,0;;;;;;;;;;;;;
202316654,0;2023-07-19;11:42:00;COM VÍTIMA;DUPLICIDADE;AFOGADOS;RUA SAO MIGUEL;553;;APOIS O DEPATRI;AFOGADOS;;;COLISÃO LATERAL;1,0;1,0;0,0;0,0;0,0;0,0;0,0;0,0;0,0;1,0;0,0;;;;;;;;;;;;;
202316657,0;2023-07-19;11:56:00;COM VÍTIMA;FINALIZADA;VASCO DA GAMA;RUA ALTO DO EUCALIPTO;;;PROX AO SUPERMECADO RENDE MAIS  / NA ENTRADA DA LADEIRA DO ALTO DO EUCALIPTO;VASCO DA GAMA;;;COLISÃO LATERAL;0,0;1,0;0,0;0,0;0,0;0,0;0,0;0,0;0,0;1,0;0,0;;;;;;;;;;;;;
202316664,0;2023-07-19;01:53:00;SEM VÍTIMA;FINALIZADA;AFOGADOS;RUA QUITERIO INACIO DE MELLO;234;;EM FRENTE AO Nº 234;AFOGADOS;;SUBURBIO;COLISÃO TRASEIRA;2,0;1,0;0,0;0,0;0,0;0,0;0,0;0,0;0,0;0,0;0,0;;;;;;;;;;;;;
202316676,0;2023-07-19;04:49:00;COM VÍTIMA;FINALIZADA;VASCO DA GAMA;RUA ALTO TREZE DE MAIO;35;;E/F A O MERCADINHO POLINARIO E PROX ASSOCIAÇAO MARCILIO DIAS;VASCO DA GAMA;;;COLISÃO LATERAL;0,0;0,0;0,0;0,0;0,0;0,0;0,0;0,0;0,0;1,0;0,0;;;;;;;;;;;;;
202316677,0;2023-07-19;06:05:00;COM VÍTIMA;FINALIZADA;SAO JOSE;AV DANTAS BARRETO;;;EM FRENTE AO BRADESCO;SAO JOSE;;;ATROPELAMENTO DE PESSOA;0,0;0,0;0,0;0,0;1,0;1,0;0,0;0,0;0,0;1,0;0,0;;;;;;;;;;;;;
202316684,0;2023-07-19;08:39:00;COM VÍTIMA;FINALIZADA;BOA VIAGEM;AV ENGENHEIRO DOMINGOS FERREIRA;2970;;PRÓXIMO AO CARREFOUR;BOA VIAGEM;;;COLISÃO TRANSVERSAL;1,0;1,0;0,0;0,0;0,0;0,0;0,0;0,0;0,0;1,0;0,0;;;;;;;;;;;;;
202316685,0;2023-07-20;01:15:00;COM VÍTIMA;FINALIZADA;LINHA DO TIRO;RUA SODRELANDIA;179;;NA SUBIDA DO CAMPO DO CAFÉ(DESCIDA DO CO,MPAZ;LINHA DO TIRO;;;COLISÃO LATERAL;1,0;1,0;0,0;0,0;0,0;0,0;0,0;0,0;0,0;1,0;0,0;;;;;;;;;;;;;
202316686,0;2023-07-20;01:50:00;SEM VÍTIMA;CANCELADA;ENCRUZILHADA;AV NORTE MIGUEL ARRAES DE ALENCAR;;RUA ALFREDO DE CASTRO;E/F À CONCESSIONÁRIA REGENCE SENTIDO;ENCRUZILHADA;665,0;;CHOQUE;1,0;0,0;0,0;0,0;0,0;0,0;0,0;0,0;0,0;0,0;0,0;;;;;;;;;;;;;
202316721,0;2023-07-20;11:32:00;COM VÍTIMA;FINALIZADA;BOA VIAGEM;RUA DEZ DE JULHO;248;;;BOA VIAGEM;;;CHOQUE;1,0;0,0;0,0;0,0;0,0;0,0;0,0;0,0;0,0;1,0;0,0;;;;;;;;;;;;;
202316729,0;2023-07-20;03:23:00;COM VÍTIMA;FINALIZADA;SANCHO;RUA APRIGIO GUIMARAES;347;;APOIS AO COLEGIO ANIBAL FALCAO  PROX A IGREJA TESTEMUNHA DE GEOVÁ;SANCHO;;;COLISÃO FRONTAL;1,0;1,0;0,0;0,0;0,0;0,0;0,0;0,0;0,0;1,0;0,0;;;;;;;;;;;;;
202316731,0;2023-07-20;06:33:00;COM VÍTIMA;FINALIZADA;IPUTINGA;RUA LEAL DE BARROS;232;;EM FRENTE AO COND. BAIRRO DOS ARTISTAS;IPUTINGA;;;COLISÃO FRONTAL;0,0;1,0;0,0;0,0;0,0;0,0;0,0;0,0;0,0;1,0;0,0;;;;;;;;;;;;;
202316737,0;2023-07-20;07:35:00;COM VÍTIMA;FINALIZADA;IMBIRIBEIRA;AV MARECHAL MASCARENHAS DE MORAES;841;;NA ENTRADA DA ILHA DE DEUS;IMBIRIBEIRA;;;COLISÃO FRONTAL;2,0;1,0;0,0;0,0;0,0;0,0;0,0;0,0;0,0;1,0;0,0;;;;;;;;;;;;;
202316747,0;2023-07-21;06:39:00;SEM VÍTIMA;FINALIZADA;IBURA;RUA CASSIANO LEITE;96;;;IBURA;;SUBURBIO;CHOQUE;0,0;0,0;0,0;0,0;0,0;0,0;1,0;0,0;0,0;0,0;0,0;;;;;;;;;;;;;
202316753,0;2023-07-21;07:18:00;COM VÍTIMA;FINALIZADA;IBURA;AV DOIS RIOS;;;EM FRENTE A IGREJA DOS MORMONS  / PROX A CLINICA ODONTO MEDICA;IBURA;;;COLISÃO FRONTAL;0,0;1,0;0,0;0,0;0,0;0,0;0,0;0,0;0,0;1,0;0,0;;;;;;;;;;;;;
202316786,0;2023-07-21;01:47:00;COM VÍTIMA;FINALIZADA;ILHA DO RETIRO;RUA BENFICA;9292;;AUTO ESCOLA  DO UNIÃO;ILHA DO RETIRO;;SUBURBIO;COLISÃO TRASEIRA;1,0;0,0;0,0;0,0;0,0;0,0;1,0;0,0;0,0;1,0;0,0;;;;;;;;;;;;;
202316795,0;2023-07-21;03:36:00;COM VÍTIMA;FINALIZADA;TAMARINEIRA;EST VELHA DE AGUA FRIA;655;;APÓS O DENOCS E EM FRENTE A MERCEARIA DEUS É FIEL;TAMARINEIRA;;;COLISÃO LATERAL;1,0;1,0;0,0;0,0;0,0;0,0;0,0;0,0;0,0;1,0;0,0;;;;;;;;;;;;;
202316799,0;2023-07-21;04:16:00;COM VÍTIMA;FINALIZADA;IPUTINGA;AV MAURICIO DE NASSAU;;;ALTINO VENTURA;IPUTINGA;;;ATROPELAMENTO DE PESSOA;1,0;0,0;0,0;0,0;1,0;0,0;0,0;0,0;0,0;0,0;0,0;;;;;;;;;;;;;
202316803,0;2023-07-21;05:14:00;COM VÍTIMA;FINALIZADA;IMBIRIBEIRA;RUA JOAQUIM BANDEIRA;811;;E/F A MITSUBISH  EA TARGENT BLIDAGEM;IMBIRIBEIRA;;;COLISÃO LATERAL;0,0;0,0;0,0;0,0;0,0;0,0;0,0;0,0;0,0;1,0;0,0;;;;;;;;;;;;;
202316814,0;2023-07-21;07:11:00;COM VÍTIMA;FINALIZADA;PINA;AV ANTONIO DE GOES;;;PISTA DA DIREITA - APÓS O TRADE CENTER JCPM;PINA;;;COLISÃO COM CICLISTA;1,0;0,0;0,0;1,0;0,0;0,0;0,0;0,0;0,0;1,0;0,0;;;;;;;;;;;;;
202316815,0;2023-07-21;07:24:00;COM VÍTIMA;FINALIZADA;VARZEA;RUA DONA INES CORREA DE ARAUJO;123;;PRÓXIMO AO EDFº TORRE DO MIRANTE;VARZEA;;;COLISÃO TRASEIRA;1,0;1,0;0,0;0,0;0,0;0,0;0,0;0,0;0,0;2,0;0,0;;;;;;;;;;;;;
202316816,0;2023-07-21;07:29:00;COM VÍTIMA;FINALIZADA;VARZEA;RUA DEPUTADO JOSE FRANCISCO DE MELO CAVALCANTI;70;;NA  PRAÇA DE NOVA  MORADA;VARZEA;;;COLISÃO FRONTAL;1,0;1,0;0,0;0,0;0,0;0,0;0,0;0,0;0,0;1,0;0,0;;;;;;;;;;;;;
202316826,0;2023-07-21;11:02:00;COM VÍTIMA;CANCELADA;MUSTARDINHA;AV MANOEL GONCALVES DA LUZ;380;;PRÓXIMO À PANIFICADORA FRATELLI;MUSTARDINHA;;;COLISÃO LATERAL;1,0;1,0;0,0;0,0;0,0;0,0;0,0;0,0;0,0;1,0;0,0;;;;;;;;;;;;;
202316840,0;2023-07-22;08:33:00;SEM VÍTIMA;FINALIZADA;TORRE;RUA DIANOPOLIS;;AV PROFESSOR ESTEVAO FRANCISCO DA COSTA;;TORRE;589,0;;;1,0;0,0;0,0;0,0;0,0;0,0;0,0;0,0;0,0;0,0;0,0;;;;;;;;;;;;;
202316844,0;2023-07-22;08:48:00;COM VÍTIMA;CANCELADA;BOMBA DO HEMETERIO;RUA CHA DE ALEGRIA;314;;EM FRENTE AO COLEGIO MARDONIO COELHO;BOMBA DO HEMETERIO;589,0;;COLISÃO LATERAL;0,0;0,0;1,0;0,0;0,0;0,0;0,0;0,0;0,0;1,0;0,0;;;;;;;;;;;;;
202316846,0;2023-07-22;08:54:00;COM VÍTIMA;FINALIZADA;CORDEIRO;AV INACIO MONTEIRO;1000;;O LADO DA LOJA DE CARRO BOXCAR E AO  ASSEMBLEIA DE DEUS;CORDEIRO;;;COLISÃO LATERAL;0,0;1,0;0,0;0,0;0,0;0,0;0,0;0,0;0,0;1,0;0,0;;;;;;;;;;;;;
202316850,0;2023-07-22;09:00:00;COM VÍTIMA;FINALIZADA;BOA VIAGEM;AVENIDA CELSO FURTADO (VIA MANGUE);;;FINAL DA VIA MANGUE;BOA VIAGEM;;CIDADE;ATROPELAMENTO DE PESSOA;1,0;0,0;0,0;0,0;1,0;0,0;0,0;0,0;0,0;1,0;0,0;;;;;;;;;;;;;
202316855,0;2023-07-22;09:58:00;COM VÍTIMA;CANCELADA;AREIAS;AV RECIFE;;RUA CAPITAO ESTEVAO FERNANDES;;AREIAS;85,0;;CHOQUE;1,0;0,0;0,0;0,0;0,0;0,0;0,0;0,0;0,0;1,0;0,0;;;;;;;;;;;;;
202316862,0;2023-07-22;11:51:00;COM VÍTIMA;FINALIZADA;JAQUEIRA;AV RUI BARBOSA;;;EM FRENTE AO PARQUE DA JAQUEIRA;JAQUEIRA;452,0;CIDADE;COLISÃO LATERAL;0,0;2,0;0,0;0,0;0,0;0,0;0,0;0,0;0,0;2,0;0,0;;;;;;;;;;;;;
202316863,0;2023-07-22;12:12:00;COM VÍTIMA;FINALIZADA;SAO JOSE;C SANTA RITA;1113;;NA SUBIDA DA PONTE GIRATORIA SENTIDO MARCO ZERO APOS AS TORRES DAS GEMEAS;SAO JOSE;;;COLISÃO LATERAL;0,0;1,0;0,0;0,0;0,0;0,0;0,0;0,0;0,0;1,0;0,0;;;;;;;;;;;;;
202316864,0;2023-07-22;12:21:00;COM VÍTIMA;FINALIZADA;VASCO DA GAMA;AV NORTE MIGUEL ARRAES DE ALENCAR;5237;;PROX AO BRADESCO  E A FARMACIA PAGUE MENOS  VT 07 JA ESTA NO LOCAL;VASCO DA GAMA;;;COLISÃO LATERAL;1,0;1,0;0,0;0,0;0,0;0,0;0,0;0,0;0,0;1,0;0,0;;;;;;;;;;;;;
202316865,0;2023-07-22;12:34:00;SEM VÍTIMA;FINALIZADA;SAN MARTIN;AV ENGENHEIRO ABDIAS DE CARVALHO;;;LADO OPOSTO A FUNASE CENIP;SAN MARTIN;687,0;CIDADE;COLISÃO TRASEIRA;1,0;1,0;0,0;0,0;0,0;0,0;0,0;0,0;0,0;0,0;0,0;;;;;;;;;;;;;
202316871,0;2023-07-22;02:36:00;COM VÍTIMA;FINALIZADA;ROSARINHO;RUA DR JOSE MARIA;1057;;E/F AO PORTAL DA PICANHA E A PADARIA E LANCHONETE PAO RECIFE;ROSARINHO;;;COLISÃO LATERAL;0,0;0,0;0,0;0,0;0,0;0,0;0,0;0,0;0,0;1,0;0,0;;;;;;;;;;;;;
202316876,0;2023-07-22;06:17:00;COM VÍTIMA;FINALIZADA;BOA VISTA;AV GOVERNADOR AGAMENON MAGALHAES;8883;;PROX AO BOM PREÇO DO PARQUE AMORIM E AO MC DONALDS  SENTIDO OLINDA;BOA VISTA;;SUBURBIO;COLISÃO LATERAL;0,0;1,0;0,0;0,0;0,0;0,0;0,0;0,0;0,0;1,0;0,0;;;;;;;;;;;;;
202316880,0;2023-07-22;07:10:00;SEM VÍTIMA;FINALIZADA;NOVA DESCOBERTA;RUA NOVA DESCOBERTA;1593;;LADO OPOSTO AO ULTRAGAZ;NOVA DESCOBERTA;;SUBURBIO;;0,0;0,0;0,0;0,0;0,0;0,0;1,0;1,0;0,0;0,0;0,0;;;;;;;;;;;;;
202316881,0;2023-07-22;07:54:00;COM VÍTIMA;FINALIZADA;MUSTARDINHA;RUA JOSE MOREIRA REIS;344;;RUA DO SESI DA MUSTARDINHA;MUSTARDINHA;;;COLISÃO LATERAL;0,0;1,0;0,0;0,0;0,0;0,0;0,0;0,0;0,0;1,0;0,0;;;;;;;;;;;;;
202316885,0;2023-07-22;09:37:00;COM VÍTIMA;FINALIZADA;IMBIRIBEIRA;AV MARECHAL MASCARENHAS DE MORAES;;;POSTO IPIRANGA E LOCALIZA;IMBIRIBEIRA;;;COLISÃO COM CICLISTA;1,0;0,0;0,0;1,0;0,0;0,0;0,0;0,0;0,0;1,0;0,0;;;;;;;;;;;;;
202316886,0;2023-07-22;09:37:00;COM VÍTIMA;FINALIZADA;IMBIRIBEIRA;AV MARECHAL MASCARENHAS DE MORAES;;;PRÓXIMO A GRILLO;IMBIRIBEIRA;;;COLISÃO LATERAL;2,0;0,0;0,0;0,0;0,0;0,0;0,0;0,0;0,0;1,0;0,0;;;;;;;;;;;;;
202316887,0;2023-07-22;10:02:00;COM VÍTIMA;FINALIZADA;AREIAS;AV DR JOSE RUFINO;1012;;PRÓXIMO AO SENAI E HONDA DE AREIAS;AREIAS;;;COLISÃO LATERAL;0,0;1,0;0,0;0,0;0,0;0,0;0,0;0,0;0,0;1,0;0,0;;;;;;;;;;;;;
202316888,0;2023-07-22;10:27:00;COM VÍTIMA;FINALIZADA;DERBY;RUA HENRIQUE DIAS;4904;;PRÓXIMO AO CINEMA DA FUNDAJ / COLÉGIO DA POLÍCIA;DERBY;;;COLISÃO LATERAL;0,0;1,0;0,0;0,0;0,0;0,0;0,0;0,0;0,0;1,0;0,0;;;;;;;;;;;;;
202316892,0;2023-07-23;12:56:00;COM VÍTIMA;FINALIZADA;CORDEIRO;RUA GOMES TABORDA;1703;;PRÓXIMO AO VAPOR 82;CORDEIRO;;;COLISÃO LATERAL;0,0;0,0;0,0;0,0;0,0;0,0;0,0;0,0;0,0;1,0;0,0;;;;;;;;;;;;;
202316916,0;2023-07-23;12:13:00;COM VÍTIMA;FINALIZADA;IBURA;RUA RIO XINGU;525;;PROXIMO A OFICINA CENTRAL DE MOTOS E EM FRENTE AO ARMAZEM ANTÃO COMERCIO;IBURA;;;COLISÃO LATERAL;0,0;0,0;0,0;0,0;0,0;0,0;0,0;0,0;0,0;1,0;0,0;;;;;;;;;;;;;
202316926,0;2023-07-23;03:26:00;COM VÍTIMA;FINALIZADA;IPSEP;RUA BLUMENAU;393;;PROXIMO AO BAR DE LUCIANO;IPSEP;;;COLISÃO LATERAL;1,0;1,0;0,0;0,0;0,0;0,0;0,0;0,0;0,0;1,0;0,0;;;;;;;;;;;;;
202316939,0;2023-07-23;06:43:00;COM VÍTIMA;FINALIZADA;SANTO AMARO;RUA DA AURORA;;;COM  A AV MARIO MELO (SEMAFORO Nº 090);SANTO AMARO;;;TOMBAMENTO;0,0;1,0;0,0;0,0;0,0;0,0;0,0;0,0;0,0;1,0;0,0;;;;;;;;;;;;;
202316941,0;2023-07-23;07:02:00;COM VÍTIMA;FINALIZADA;PAISSANDU;AV GOVERNADOR AGAMENON MAGALHAES;;;PONTE JOSE DE BARROS LIMA;PAISSANDU;;;COLISÃO TRANSVERSAL;1,0;1,0;0,0;0,0;0,0;0,0;0,0;0,0;0,0;1,0;0,0;;;;;;;;;;;;;
202316943,0;2023-07-23;07:10:00;COM VÍTIMA;CANCELADA;BARRO;AV DR JOSE RUFINO;1602;;E  IGREJA  EVANGELICA DE AREIAS;BARRO;;;COLISÃO LATERAL;1,0;1,0;0,0;0,0;0,0;0,0;0,0;0,0;0,0;1,0;0,0;;;;;;;;;;;;;
202316947,0;2023-07-23;08:49:00;SEM VÍTIMA;FINALIZADA;ALTO JOSE DO PINHO;COR DO BARTOLOMEU;532;;ESO CENTRO EDUCACIONAL;ALTO JOSE DO PINHO;;SUBURBIO;COLISÃO FRONTAL;1,0;0,0;0,0;0,0;0,0;1,0;0,0;0,0;0,0;0,0;0,0;;;;;;;;;;;;;
202316948,0;2023-07-23;09:45:00;COM VÍTIMA;FINALIZADA;GRACAS;RUA ALBERTO PAIVA;259;;PROXIMO A AVENIDA BEIRA RIO E AO MUSEU DO  ESTADO DE PERNAMBUCO;GRACAS;;;COLISÃO FRONTAL;1,0;1,0;0,0;0,0;0,0;0,0;0,0;0,0;0,0;1,0;0,0;;;;;;;;;;;;;
202316949,0;2023-07-24;01:21:00;COM VÍTIMA;CANCELADA;SAO JOSE;RUA BRACO DO NORTE;95;;;SAO JOSE;;;COLISÃO LATERAL;1,0;1,0;0,0;0,0;0,0;0,0;0,0;0,0;0,0;1,0;0,0;;;;;;;;;;;;;
202316950,0;2023-07-24;05:37:00;COM VÍTIMA;FINALIZADA;TOTO;RUA ONZE DE AGOSTO;;;EM FRENTE AO BIDÚ KRAUSE;TOTO;;;COLISÃO COM CICLISTA;0,0;0,0;0,0;1,0;0,0;1,0;0,0;0,0;0,0;1,0;0,0;;;;;;;;;;;;;
202316951,0;2023-07-24;06:37:00;COM VÍTIMA;FINALIZADA;SAO JOSE;RUA DO FORTE;;;PROX AO FORTE DAS CINCO PONTAS;SAO JOSE;;;CHOQUE;1,0;0,0;0,0;0,0;0,0;0,0;0,0;0,0;0,0;1,0;0,0;;;;;;;;;;;;;
202316953,0;2023-07-24;07:06:00;COM VÍTIMA;FINALIZADA;IMBIRIBEIRA;AV MARECHAL MASCARENHAS DE MORAES;;;EM FRENTE A ANAC;IMBIRIBEIRA;;;COLISÃO TRASEIRA;0,0;1,0;0,0;0,0;0,0;1,0;0,0;0,0;0,0;1,0;0,0;;;;;;;;;;;;;
202316958,0;2023-07-24;07:54:00;COM VÍTIMA;FINALIZADA;JOANA BEZERRA;AV ADVOGADO JOSE PAULO CAVALCANTI;;RUA DES OTILIO NEIVA;PROX AO CENTRO DA ACD / NA RUA DO CANAL;JOANA BEZERRA;;;COLISÃO LATERAL;1,0;1,0;0,0;0,0;0,0;0,0;0,0;0,0;0,0;2,0;0,0;;;;;;;;;;;;;
202316967,0;2023-07-24;09:04:00;COM VÍTIMA;FINALIZADA;IMBIRIBEIRA;AV MARECHAL MASCARENHAS DE MORAES;2871;;EM FRENTE A LOJA MARAVILHA MOTOS;IMBIRIBEIRA;;;COLISÃO LATERAL;0,0;2,0;0,0;0,0;0,0;0,0;0,0;0,0;0,0;2,0;0,0;;;;;;;;;;;;;
202316973,0;2023-07-24;11:25:00;COM VÍTIMA;FINALIZADA;CASA FORTE;RUA IRMA LUCIA;;;REF: EM FRENTE AO  EDIFÍCIO ENGENHO DA PRATA;CASA FORTE;;;ATROPELAMENTO DE PESSOA;1,0;0,0;0,0;0,0;1,0;0,0;0,0;0,0;0,0;1,0;0,0;;;;;;;;;;;;;
202316983,0;2023-07-24;02:00:00;COM VÍTIMA;FINALIZADA;NOVA DESCOBERTA;AV VEREADOR OTACILIO AZEVEDO;2551;;NA ENTRADA DA MUBECA  PROX A CRECHE MARCIA BEZERRA DA COSTA;NOVA DESCOBERTA;;;COLISÃO LATERAL;0,0;0,0;0,0;0,0;0,0;0,0;0,0;0,0;0,0;1,0;0,0;;;;;;;;;;;;;
202316984,0;2023-07-24;02:07:00;COM VÍTIMA;FINALIZADA;AFOGADOS;RUA SAO MIGUEL;553;;PROXIMO A IGREJA DA FÉ DO BRASIL E APOS O SÃO MIGUEL CENTER;AFOGADOS;;;COLISÃO TRASEIRA;1,0;1,0;0,0;0,0;0,0;0,0;0,0;0,0;0,0;1,0;0,0;;;;;;;;;;;;;
202316986,0;2023-07-24;02:13:00;COM VÍTIMA;FINALIZADA;BOA VIAGEM;RUA GENERAL EDSON AMANCIO RAMALHO;236;;PROXIMO A ENTRADA DO SHOPPING RECIFE;BOA VIAGEM;;;COLISÃO LATERAL;0,0;0,0;0,0;0,0;0,0;0,0;0,0;0,0;0,0;1,0;0,0;;;;;;;;;;;;;
202316990,0;2023-07-24;03:02:00;COM VÍTIMA;FINALIZADA;BREJO DE BEBERIBE;AV VEREADOR OTACILIO AZEVEDO;1170;;PRX A UPA DE NOVA DESCOBERTA;BREJO DE BEBERIBE;;;ATROPELAMENTO DE PESSOA;0,0;1,0;0,0;0,0;1,0;0,0;0,0;0,0;0,0;1,0;0,0;;;;;;;;;;;;;
202316992,0;2023-07-24;03:57:00;COM VÍTIMA;FINALIZADA;BAIRRO DO RECIFE;CAIS DO APOLO;;;EM FRENTE A PREFEITURA DO RECIFE / SENTIDO PORTO DO RECIFE;BAIRRO DO RECIFE;;;COLISÃO LATERAL;0,0;0,0;0,0;0,0;0,0;0,0;0,0;0,0;0,0;1,0;0,0;;;;;;;;;;;;;
202316995,0;2023-07-24;04:31:00;COM VÍTIMA;FINALIZADA;ESPINHEIRO;AV JOAO DE BARROS;3737;;PROXIMO A QUITANDARIA;ESPINHEIRO;;;COLISÃO LATERAL;0,0;0,0;0,0;0,0;0,0;0,0;0,0;0,0;0,0;1,0;0,0;;;;;;;;;;;;;
202316996,0;2023-07-24;05:19:00;SEM VÍTIMA;FINALIZADA;AFOGADOS;PTE DO MOTOCOLOMBO;;;EM CIMA DA PONTE / SENTIDO IMBIRIBEIRA;AFOGADOS;;;COLISÃO LATERAL;2,0;0,0;0,0;0,0;0,0;0,0;0,0;0,0;0,0;0,0;0,0;;;;;;;;;;;;;
202316999,0;2023-07-24;06:27:00;SEM VÍTIMA;FINALIZADA;AFOGADOS;RUA DA PAZ;;;APÓS A RECIFE GÁS, SOBRE A PONTE QUE DA ACESSO AO LARGO DA PAZ;AFOGADOS;;SUBURBIO;COLISÃO TRASEIRA;1,0;0,0;0,0;0,0;0,0;0,0;0,0;1,0;0,0;0,0;0,0;;;;;;;;;;;;;
202317003,0;2023-07-24;06:55:00;COM VÍTIMA;FINALIZADA;BOA VIAGEM;AV ENGENHEIRO DOMINGOS FERREIRA;2238;;LOJA AMARELO MEL;BOA VIAGEM;;;COLISÃO COM CICLISTA;1,0;0,0;0,0;1,0;0,0;0,0;0,0;0,0;0,0;1,0;0,0;;;;;;;;;;;;;
202317007,0;2023-07-24;07:45:00;COM VÍTIMA;FINALIZADA;AGUA FRIA;RUA DA REGENERACAO;989;;PROXIMO A POLICLINICA CAMPINA DO BARRETO;AGUA FRIA;;;COLISÃO FRONTAL;0,0;0,0;0,0;0,0;0,0;0,0;0,0;0,0;0,0;1,0;0,0;;;;;;;;;;;;;
202317013,0;2023-07-24;10:17:00;COM VÍTIMA;FINALIZADA;IMBIRIBEIRA;RUA JOAQUIM BANDEIRA;373;;ABAIXO DO PONTILHÃO DO METRÔ NA ESTAÇÃO ANTÔNIO FALCÃO;IMBIRIBEIRA;;;COLISÃO FRONTAL;1,0;1,0;0,0;0,0;0,0;0,0;0,0;0,0;0,0;1,0;0,0;;;;;;;;;;;;;
202317014,0;2023-07-24;10:22:00;COM VÍTIMA;FINALIZADA;IBURA;AV DOM HELDER CAMARA;;;NA ENTRADA DO IBURA EM FRENTE AO NÚCLEO POLICIAL;IBURA;;;COLISÃO FRONTAL;1,0;1,0;0,0;0,0;0,0;0,0;0,0;0,0;0,0;1,0;0,0;;;;;;;;;;;;;
202317015,0;2023-07-24;11:19:00;COM VÍTIMA;FINALIZADA;DOIS UNIDOS;RUA EPAMINONDAS MENDONCA;233;;PRÓXIMO AO TERMINAL DE DOIS UNIDOS;DOIS UNIDOS;;;COLISÃO LATERAL;0,0;0,0;0,0;0,0;0,0;1,0;0,0;0,0;0,0;1,0;0,0;;;;;;;;;;;;;
202317022,0;2023-07-25;07:28:00;COM VÍTIMA;FINALIZADA;CIDADE UNIVERSITARIA;AV DOS ECONOMISTAS;110;;DENTRO DA UFPE/ PROX A BIBLIOTECA;CIDADE UNIVERSITARIA;;;COLISÃO FRONTAL;0,0;1,0;0,0;0,0;0,0;0,0;0,0;0,0;0,0;1,0;0,0;;;;;;;;;;;;;
202317023,0;2023-07-25;07:42:00;COM VÍTIMA;FINALIZADA;JARDIM SAO PAULO;RUA LEANDRO BARRETO;2;;CRUZAMENTO DA RUA DA CAPELA / PROX A PADARIA LA ROQUE;JARDIM SAO PAULO;;;COLISÃO FRONTAL;0,0;1,0;0,0;0,0;0,0;0,0;0,0;0,0;0,0;1,0;0,0;;;;;;;;;;;;;
202317031,0;2023-07-25;09:56:00;SEM VÍTIMA;FINALIZADA;LINHA DO TIRO;RUA URIEL DE HOLANDA;1086;;DEPOIS DO CAMPO DO CAFE / PROX A ANTIGO CAFE DE BEBERIBE;LINHA DO TIRO;;;COLISÃO TRASEIRA;2,0;0,0;0,0;0,0;0,0;1,0;0,0;0,0;0,0;0,0;0,0;;;;;;;;;;;;;
202317036,0;2023-07-25;10:46:00;COM VÍTIMA;FINALIZADA;AREIAS;RUA CAPITAO ESTEVAO FERNANDES;261;AV RECIFE;CRUZAMENTO DA AV RECIFE / AO LADO DO LAVA JATO CARRACA JATO;AREIAS;;;COLISÃO LATERAL;1,0;1,0;0,0;0,0;0,0;0,0;0,0;0,0;0,0;2,0;0,0;;;;;;;;;;;;;