Protocolo;data;hora;natureza;situacao;bairro;endereco;numero;detalhe_endereco_acidente;complemento;bairro_cruzamento;num_semaforo;sentido_via;tipo;auto;moto;ciclom;ciclista;pedestre;onibus;caminhao;viatura;outros;vitimas;vitimasfatais;acidente_verificado;tempo_clima;situacao_semaforo;sinalizacao;condicao_via;conservacao_via;ponto_controle;situacao_placa;velocidade_max_via;mao_direcao;divisao_via1;divisao_via2;divisao_via3
202317840,0;2023-08-04;09:41:00;COM VÍTIMA;DUPLICIDADE;BAIRRO DO RECIFE;CAIS DO APOLO;;;APOS A PREFEITURA SENTIDO AV. NORTE;BAIRRO DO RECIFE;;;COLISÃO TRASEIRA;1,0;1,0;0,0;0,0;0,0;0,0;0,0;0,0;0,0;1,0;0,0;;;;;;;;;;;;;
202317858,0;2023-08-04;11:34:00;COM VÍTIMA;FINALIZADA;ROSARINHO;AV SANTOS DUMONT;;;EM FRENTE A CASA ROSADA / EM FRENTE AO COND CASA ROSADA;ROSARINHO;;;COLISÃO FRONTAL;0,0;1,0;0,0;0,0;0,0;0,0;0,0;0,0;0,0;1,0;0,0;;;;;;;;;;;;;
202317873,0;2023-08-04;02:41:00;COM VÍTIMA;FINALIZADA;BOA VISTA;AV CONDE DA BOA VISTA;;;POSTO BR;BOA VISTA;;;COLISÃO LATERAL;0,0;0,0;0,0;0,0;0,0;0,0;0,0;0,0;0,0;1,0;0,0;;;;;;;;;;;;;
202317878,0;2023-08-04;04:24:00;COM VÍTIMA;FINALIZADA;CASA AMARELA;RUA PADRE LEMOS;;;CENTRO COMERCIAL CASA AMARELA;CASA AMARELA;;;ATROPELAMENTO DE PESSOA;0,0;1,0;0,0;0,0;1,0;0,0;0,0;0,0;0,0;1,0;0,0;;;;;;;;;;;;;
202317884,0;2023-08-04;06:10:00;COM VÍTIMA;FINALIZADA;IMBIRIBEIRA;RUA GENERAL GOES MONTEIRO;182;;PADARIA PAN PINHEIROS;IMBIRIBEIRA;;;COLISÃO LATERAL;0,0;0,0;0,0;0,0;0,0;0,0;0,0;0,0;0,0;1,0;0,0;;;;;;;;;;;;;
202317885,0;2023-08-04;06:15:00;COM VÍTIMA;FINALIZADA;SOLEDADE;AV JOAO DE BARROS;915;;;SOLEDADE;;CIDADE;ATROPELAMENTO DE PESSOA;0,0;0,0;0,0;0,0;1,0;0,0;0,0;0,0;0,0;1,0;0,0;;;;;;;;;;;;;
202317886,0;2023-08-04;06:42:00;COM VÍTIMA;CANCELADA;BOA VIAGEM;AV ARMINDO MOURA;;;EM FRENTE AO POSTO BR  E A CHURRASCARIA CAIPIRA DRILL;BOA VIAGEM;;;COLISÃO LATERAL;1,0;1,0;0,0;0,0;0,0;0,0;0,0;0,0;0,0;1,0;0,0;;;;;;;;;;;;;
202317896,0;2023-08-04;09:32:00;COM VÍTIMA;FINALIZADA;IPUTINGA;AV CAXANGA;;;E/F À LANCHONETE SUBWAY - SENTIDO SUBURBIO;IPUTINGA;;;COLISÃO TRANSVERSAL;1,0;1,0;0,0;0,0;0,0;0,0;0,0;0,0;0,0;1,0;0,0;;;;;;;;;;;;;
202317897,0;2023-08-04;11:08:00;COM VÍTIMA;FINALIZADA;VARZEA;RUA GENERAL POLIDORO;161;;CLINICA VETERINARIA POLIVETI;VARZEA;;;COLISÃO FRONTAL;1,0;1,0;0,0;0,0;0,0;0,0;0,0;0,0;0,0;1,0;0,0;;;;;;;;;;;;;
202317898,0;2023-08-05;01:45:00;COM VÍTIMA;CANCELADA;VASCO DA GAMA;RUA VASCO DA GAMA;2284;;E/F À ARENA BOLA DE OURO;VASCO DA GAMA;;;COLISÃO LATERAL;0,0;1,0;0,0;0,0;0,0;0,0;0,0;0,0;0,0;1,0;0,0;;;;;;;;;;;;;
202317926,0;2023-08-05;10:24:00;COM VÍTIMA;CANCELADA;IMBIRIBEIRA;RUA DEZ DE JULHO;137;;PX AO AEROPORTO // PX A LOJA ALUGUE BRASIL // APOS O TI AEROPORTO;IMBIRIBEIRA;;;COLISÃO LATERAL;0,0;1,0;0,0;0,0;0,0;0,0;0,0;0,0;0,0;1,0;0,0;;;;;;;;;;;;;
202317929,0;2023-08-05;10:58:00;COM VÍTIMA;CANCELADA;TEJIPIO;AV DR JOSE RUFINO;4555;;EM FRENTRE A ESTAÇÃO DE METRO TEJIPIO;TEJIPIO;;;COLISÃO LATERAL;0,0;1,0;0,0;0,0;0,0;0,0;0,0;0,0;0,0;1,0;0,0;;;;;;;;;;;;;
202317938,0;2023-08-05;11:59:00;COM VÍTIMA;CANCELADA;MADALENA;RUA COMENDADOR BENTO AGUIAR;26;;AO LADO DO ANTIGO EXTRA DA BENFICA NA FRENTE DA MICROOFICE;MADALENA;;;COLISÃO LATERAL;0,0;1,0;0,0;0,0;0,0;0,0;0,0;0,0;0,0;1,0;0,0;;;;;;;;;;;;;
202317939,0;2023-08-05;11:59:00;COM VÍTIMA;FINALIZADA;CORDEIRO;AV CAXANGA;4399;;PX A REPUBLICA DO PAO PADARIA E RESTORUARANTE EXPOSIÇAO DE ANIMAIS;CORDEIRO;;;COLISÃO LATERAL;0,0;1,0;0,0;0,0;0,0;0,0;0,0;0,0;0,0;1,0;0,0;;;;;;;;;;;;;
202317946,0;2023-08-05;12:53:00;COM VÍTIMA;FINALIZADA;BEBERIBE;AV BEBERIBE;;;E/F A ELETRO  EO POSTO DE GASOILINA;BEBERIBE;;;COLISÃO LATERAL;0,0;0,0;0,0;0,0;0,0;0,0;0,0;0,0;0,0;1,0;0,0;;;;;;;;;;;;;
202317957,0;2023-08-05;03:43:00;COM VÍTIMA;FINALIZADA;CAMPO GRANDE;RUA FRANKLIN TAVORA;588;;APOS A PADARIA SANTO ANTONIO E O MERCADO SITIO NOVO;CAMPO GRANDE;;;COLISÃO LATERAL;0,0;0,0;0,0;0,0;0,0;0,0;0,0;0,0;0,0;1,0;0,0;;;;;;;;;;;;;
202317972,0;2023-08-05;06:16:00;COM VÍTIMA;FINALIZADA;TORRE;RUA JOSE BONIFACIO;4447;;EM CIMA DO VIADUTO AO LADO DO CARREFUR DA TORRE;TORRE;;;COLISÃO LATERAL;0,0;0,0;0,0;0,0;0,0;0,0;0,0;0,0;0,0;1,0;0,0;;;;;;;;;;;;;
202317974,0;2023-08-05;06:39:00;COM VÍTIMA;FINALIZADA;BOA VIAGEM;RUA DES JOAO PAES;;RUA CORONEL ANIZIO RODRIGUES COELHO;;BOA VIAGEM;;;COLISÃO FRONTAL;0,0;0,0;0,0;0,0;0,0;0,0;0,0;0,0;0,0;1,0;0,0;;;;;;;;;;;;;
202317997,0;2023-08-06;07:53:00;COM VÍTIMA;FINALIZADA;BOA VIAGEM;RUA RIBEIRO DE BRITO;;;EM CIMA DO VIADUTO TANCREDO NEVES;BOA VIAGEM;;;COLISÃO FRONTAL;0,0;1,0;0,0;0,0;0,0;0,0;0,0;0,0;0,0;1,0;0,0;;;;;;;;;;;;;
202317998,0;2023-08-06;08:22:00;COM VÍTIMA;FINALIZADA;TORRE;RUA CONDE DE IRAJA;;AV BEIRA RIO;DESCIDA DA PONTE DA TORRE;TORRE;;;COLISÃO LATERAL;2,0;0,0;0,0;0,0;0,0;0,0;0,0;0,0;0,0;1,0;0,0;;;;;;;;;;;;;
202318003,0;2023-08-06;09:34:00;COM VÍTIMA;FINALIZADA;VARZEA;RUA FRANCISCO TORRES;;;EM FRENTE A PRAÇA NOVA MORADA;VARZEA;;;COLISÃO FRONTAL;0,0;1,0;0,0;0,0;0,0;0,0;0,0;0,0;0,0;1,0;0,0;;;;;;;;;;;;;
202318022,0;2023-08-06;12:54:00;SEM VÍTIMA;FINALIZADA;JARDIM SAO PAULO;AV RECIFE;;;AO LADO DO ASSAI / SENTIDO BOA VIAGEM;JARDIM SAO PAULO;705,0;;COLISÃO TRASEIRA;2,0;0,0;0,0;0,0;0,0;0,0;0,0;1,0;0,0;0,0;0,0;;;;;;;;;;;;;
202318027,0;2023-08-06;03:03:00;COM VÍTIMA;FINALIZADA;COHAB;AV SAO PAULO;217;;TERMINAL DE ÔNIBUS DE TRÊS CARNEIROS;COHAB;;;TOMBAMENTO;0,0;0,0;0,0;0,0;0,0;0,0;0,0;0,0;0,0;1,0;0,0;;;;;;;;;;;;;
202318042,0;2023-08-06;06:06:00;SEM VÍTIMA;CANCELADA;ESTANCIA;AV DR JOSE RUFINO;;;IGREJA SANTA LUZIA / MAXIMUS SUPLEMENTOS;ESTANCIA;;;COLISÃO FRONTAL;2,0;0,0;0,0;0,0;0,0;0,0;0,0;0,0;0,0;0,0;0,0;;;;;;;;;;;;;
202318051,0;2023-08-06;07:10:00;COM VÍTIMA;CANCELADA;COQUEIRAL;RUA LINHA NOVA;14;;PROXIMO A ESTAÇÃO CONQUEIRAL;COQUEIRAL;;;COLISÃO FRONTAL;1,0;1,0;0,0;0,0;0,0;0,0;0,0;0,0;0,0;1,0;0,0;;;;;;;;;;;;;
202318054,0;2023-08-06;09:50:00;COM VÍTIMA;CANCELADA;PINA;AV ENGENHEIRO DOMINGOS FERREIRA;572;;PRÓXIMO À MEDICAL CENTER;PINA;;;COLISÃO LATERAL;1,0;1,0;0,0;0,0;0,0;0,0;0,0;0,0;0,0;1,0;0,0;;;;;;;;;;;;;
202318057,0;2023-08-06;10:29:00;COM VÍTIMA;CANCELADA;BOMBA DO HEMETERIO;RUA BOMBA DO HEMETERIO;247;;PRÍXIMO À SEDE DO CLUBE ABANADORES DO ARRUDA;BOMBA DO HEMETERIO;;;COLISÃO LATERAL;1,0;1,0;0,0;0,0;0,0;0,0;0,0;0,0;0,0;1,0;0,0;;;;;;;;;;;;;
202318058,0;2023-08-06;11:38:00;COM VÍTIMA;CANCELADA;IBURA;;;;RUA BARÃO DE TIMBAÚBA (NÃO CADASTRADA NA PLANILHA) ENTRANDO NA TERCEIRA RUA, APÓS O POSTO POLICIAL DA AV DOM HELDER CÂMARA;IBURA;;;COLISÃO LATERAL;1,0;1,0;0,0;0,0;0,0;0,0;0,0;0,0;0,0;1,0;0,0;;;;;;;;;;;;;
202318063,0;2023-08-07;07:03:00;COM VÍTIMA;FINALIZADA;CASA AMARELA;AV NORTE MIGUEL ARRAES DE ALENCAR;;;NA ENTRADA DA MANGABEIRA SENTIDO CIDADE;CASA AMARELA;;;COLISÃO LATERAL;0,0;1,0;0,0;0,0;0,0;0,0;0,0;0,0;0,0;1,0;0,0;;;;;;;;;;;;;
202318068,0;2023-08-07;07:45:00;COM VÍTIMA;FINALIZADA;JARDIM SAO PAULO;AV LIBERDADE;;;EM FRENTE AO COND VILA JARDIM E A VIDRAÇARIA;JARDIM SAO PAULO;;;COLISÃO TRANSVERSAL;0,0;1,0;0,0;0,0;0,0;0,0;0,0;0,0;0,0;1,0;0,0;;;;;;;;;;;;;
202318082,0;2023-08-07;08:47:00;COM VÍTIMA;FINALIZADA;BOA VIAGEM;AV BOA VIAGEM;;;HA 500 METROS DO HOSPITAL DA AERONAUTICA;BOA VIAGEM;;;COLISÃO TRASEIRA;1,0;1,0;0,0;0,0;0,0;0,0;0,0;0,0;0,0;1,0;0,0;;;;;;;;;;;;;
202318097,0;2023-08-07;10:37:00;COM VÍTIMA;FINALIZADA;IMBIRIBEIRA;AV MARECHAL MASCARENHAS DE MORAES;2931;;EM FRENTE A FACULDADE;IMBIRIBEIRA;;;ATROPELAMENTO DE PESSOA;1,0;0,0;0,0;0,0;1,0;0,0;0,0;0,0;0,0;1,0;0,0;;;;;;;;;;;;;
202318107,0;2023-08-07;11:54:00;COM VÍTIMA;FINALIZADA;IBURA;AV DOIS RIOS;836;;LABORATORIO GILSOM CIDRIM;IBURA;;;COLISÃO LATERAL;1,0;1,0;0,0;0,0;0,0;0,0;0,0;0,0;0,0;1,0;0,0;;;;;;;;;;;;;
202318127,0;2023-08-07;06:27:00;COM VÍTIMA;FINALIZADA;LINHA DO TIRO;RUA SANTA MERCEDES;133;;NA SUBIDA DA GONZAGA RECEPÇÕES, PX AO N144;LINHA DO TIRO;;;COLISÃO FRONTAL;0,0;1,0;0,0;0,0;0,0;0,0;0,0;0,0;0,0;1,0;0,0;;;;;;;;;;;;;
202318128,0;2023-08-07;06:42:00;COM VÍTIMA;FINALIZADA;IPSEP;RUA PROFESSOR JOSE VICENTE;600;;NA RUA DO CANAL PROX AO MERCADINHO CONVENÇÃO;IPSEP;;;COLISÃO FRONTAL;0,0;1,0;0,0;0,0;0,0;0,0;0,0;0,0;0,0;1,0;0,0;;;;;;;;;;;;;
202318135,0;2023-08-07;08:33:00;COM VÍTIMA;FINALIZADA;IPUTINGA;AV MAURICIO DE NASSAU;;EST DO BARBALHO;;IPUTINGA;246,0;;COLISÃO LATERAL;0,0;1,0;0,0;1,0;0,0;0,0;0,0;0,0;0,0;1,0;0,0;;;;;;;;;;;;;
202318149,0;2023-08-08;07:21:00;COM VÍTIMA;FINALIZADA;SAN MARTIN;AV GENERAL SAN MARTIN;;;PROX A CAVALARIA // NA LOMBADA ELETRONICA;SAN MARTIN;;;COLISÃO LATERAL;0,0;1,0;0,0;0,0;0,0;0,0;0,0;0,0;0,0;1,0;0,0;;;;;;;;;;;;;
202318155,0;2023-08-08;07:37:00;COM VÍTIMA;FINALIZADA;BOA VIAGEM;AVENIDA CELSO FURTADO (VIA MANGUE);;;;BOA VIAGEM;;;COLISÃO TRASEIRA;0,0;0,0;0,0;0,0;0,0;0,0;0,0;0,0;0,0;1,0;0,0;;;;;;;;;;;;;
202318156,0;2023-08-08;07:43:00;COM VÍTIMA;FINALIZADA;CASA FORTE;RUA LEONARDO BEZERRA CAVALCANTE;71;;HOSPITAL MARIA LUCINDA // PET SHOOP;CASA FORTE;;;COLISÃO LATERAL;1,0;1,0;0,0;0,0;0,0;0,0;0,0;0,0;0,0;1,0;0,0;;;;;;;;;;;;;
202318157,0;2023-08-08;07:55:00;COM VÍTIMA;FINALIZADA;SAN MARTIN;AV GENERAL SAN MARTIN;;;PROXIMO A CAVALARIA;SAN MARTIN;;;COLISÃO LATERAL;0,0;1,0;0,0;0,0;0,0;0,0;0,0;0,0;0,0;1,0;0,0;;;;;;;;;;;;;
202318160,0;2023-08-08;08:00:00;COM VÍTIMA;FINALIZADA;IBURA;AV DOIS RIOS;995;;PROXIMO A FARMACIA DIARIAMENTE E PROX A FARMACIA IDEPENDENTE;IBURA;;;COLISÃO LATERAL;0,0;1,0;0,0;0,0;0,0;0,0;0,0;0,0;0,0;1,0;0,0;;;;;;;;;;;;;
202318163,0;2023-08-08;08:15:00;COM VÍTIMA;FINALIZADA;PINA;AV ENGENHEIRO DOMINGOS FERREIRA;;;PROX AO MULTI POSTO / E AO HOTEL IBIS;PINA;;;COLISÃO LATERAL;1,0;1,0;0,0;0,0;0,0;0,0;0,0;0,0;0,0;1,0;0,0;;;;;;;;;;;;;
202318170,0;2023-08-08;10:07:00;COM VÍTIMA;FINALIZADA;BAIRRO DO RECIFE;AV BARBOSA LIMA;;;PROX AO SOF PET;BAIRRO DO RECIFE;;;COLISÃO LATERAL;0,0;1,0;0,0;0,0;0,0;0,0;0,0;0,0;0,0;1,0;0,0;;;;;;;;;;;;;
202318174,0;2023-08-08;10:06:00;COM VÍTIMA;FINALIZADA;SAN MARTIN;AV JOAO CABRAL DE MELO NETO;;RUA TENENTE MINDELO;;SAN MARTIN;250,0;;COLISÃO LATERAL;0,0;2,0;0,0;0,0;0,0;0,0;0,0;0,0;0,0;1,0;0,0;;;;;;;;;;;;;
202318206,0;2023-08-08;03:01:00;COM VÍTIMA;FINALIZADA;BEBERIBE;AV BEBERIBE;;;EM FRENTE A FERREIRA PINTO;BEBERIBE;;;COLISÃO LATERAL;0,0;1,0;0,0;0,0;0,0;0,0;0,0;0,0;0,0;1,0;0,0;;;;;;;;;;;;;
202318209,0;2023-08-08;04:20:00;COM VÍTIMA;FINALIZADA;BOA VISTA;RUA DA AURORA;;RUA PRINCESA IZABEL;;BOA VISTA;;;COLISÃO TRASEIRA;0,0;2,0;0,0;0,0;0,0;0,0;0,0;0,0;0,0;1,0;0,0;;;;;;;;;;;;;
202318210,0;2023-08-08;04:32:00;COM VÍTIMA;FINALIZADA;IBURA;AV DOIS RIOS;736;;PROX AO SESI E A CLINICA ODONTO MEDIC;IBURA;;;COLISÃO LATERAL;0,0;1,0;0,0;0,0;0,0;0,0;0,0;0,0;0,0;1,0;0,0;;;;;;;;;;;;;
202318211,0;2023-08-08;04:33:00;COM VÍTIMA;FINALIZADA;SAO JOSE;RUA IMPERADOR PEDRO SEGUNDO;216;;PROX A LOJA FERRO E AÇO;SAO JOSE;;;COLISÃO LATERAL;0,0;1,0;0,0;0,0;0,0;0,0;0,0;0,0;0,0;1,0;0,0;;;;;;;;;;;;;
202318212,0;2023-08-08;04:38:00;COM VÍTIMA;FINALIZADA;SAO JOSE;RUA IMPERIAL;;;PRÓXIMO A JUCEPE;SAO JOSE;510,0;;COLISÃO LATERAL;0,0;1,0;0,0;0,0;0,0;0,0;1,0;0,0;0,0;1,0;0,0;;;;;;;;;;;;;
202318215,0;2023-08-08;04:51:00;COM VÍTIMA;FINALIZADA;BOA VIAGEM;AV DOM JOAO VI;;RUA PEDRO PAES DE MENDONCA;PROX  AO BIG BOMPREÇO  FECHADO  E PROX AO NUMERO 200;BOA VIAGEM;;;COLISÃO LATERAL;1,0;1,0;0,0;0,0;0,0;0,0;0,0;0,0;0,0;1,0;0,0;;;;;;;;;;;;;
202318222,0;2023-08-08;06:10:00;COM VÍTIMA;FINALIZADA;GRACAS;RUA AMELIA;939;;EM FRENTE AO COLEGIO AGNES E A FARMACIA DROGASIL;GRACAS;;;COLISÃO LATERAL;0,0;1,0;0,0;0,0;0,0;0,0;0,0;0,0;0,0;1,0;0,0;;;;;;;;;;;;;
202318229,0;2023-08-08;06:48:00;COM VÍTIMA;FINALIZADA;IPSEP;AV RECIFE;;;EM FRENTE AO POSTO BR;IPSEP;393,0;;COLISÃO TRASEIRA;0,0;2,0;0,0;0,0;0,0;0,0;0,0;0,0;0,0;1,0;0,0;;;;;;;;;;;;;
202318241,0;2023-08-08;08:52:00;COM VÍTIMA;CANCELADA;BOA VIAGEM;RUA FELIX DE BRITO E MELO;214;;EM FRENTA A FARMACIA DEPENDENDE, PROXIMO AO CARRIFOUR;BOA VIAGEM;;;COLISÃO FRONTAL;1,0;1,0;0,0;0,0;0,0;0,0;0,0;0,0;0,0;1,0;0,0;;;;;;;;;;;;;
202318244,0;2023-08-08;10:49:00;COM VÍTIMA;FINALIZADA;TORROES;RUA IRANI;146;RUA ZUMBI DOS PALMARES;E/F AO MERCADINHO BEZERRA - AO LADO DA IGREJA BATISTA;TORROES;;;COLISÃO LATERAL;1,0;1,0;0,0;0,0;0,0;0,0;0,0;0,0;0,0;1,0;0,0;;;;;;;;;;;;;
202318253,0;2023-08-09;06:36:00;COM VÍTIMA;FINALIZADA;MACAXEIRA;AV NORTE MIGUEL ARRAES DE ALENCAR;;;INTEGRAÇÃO DA MACAXEIRA;MACAXEIRA;;;ATROPELAMENTO DE PESSOA;0,0;0,0;0,0;0,0;0,0;1,0;0,0;0,0;0,0;1,0;0,0;;;;;;;;;;;;;
202318259,0;2023-08-09;07:23:00;COM VÍTIMA;FINALIZADA;VARZEA;AV AFONSO OLINDENSE;966;;PROX A LOMBADA ELETRONICA EM FRENTE A ACADEMIA GREEN ATENDIDO PELA BASICA 17 RECIFE(ARLIENE);VARZEA;;;COLISÃO LATERAL;1,0;1,0;0,0;0,0;0,0;0,0;0,0;0,0;0,0;1,0;0,0;;;;;;;;;;;;;
202318260,0;2023-08-09;07:25:00;COM VÍTIMA;FINALIZADA;BONGI;AV ENGENHEIRO ABDIAS DE CARVALHO;1993;;EM FRENTE AO NOVO ATACAREJO;BONGI;;CIDADE;COLISÃO LATERAL;0,0;1,0;0,0;0,0;0,0;0,0;0,0;0,0;0,0;1,0;0,0;;;;;;;;;;;;;
202318261,0;2023-08-09;07:39:00;COM VÍTIMA;FINALIZADA;IPUTINGA;AV MARIO ALVARES PEREIRA DE LYRA;395;;PROX AO CANAL DO CAVOCO / PROX A ACADEMIA DA CIDADE;IPUTINGA;;;COLISÃO LATERAL;1,0;1,0;0,0;0,0;0,0;0,0;0,0;0,0;0,0;1,0;0,0;;;;;;;;;;;;;
202318274,0;2023-08-09;08:33:00;COM VÍTIMA;FINALIZADA;AREIAS;AV DR JOSE RUFINO;;;EM FRENTE A HONDA;AREIAS;;;COLISÃO LATERAL;0,0;1,0;0,0;0,0;0,0;0,0;0,0;0,0;0,0;1,0;0,0;;;;;;;;;;;;;
202318293,0;2023-08-09;10:55:00;SEM VÍTIMA;FINALIZADA;PINA;AV REPUBLICA DO LIBANO;;RUA NOGUEIRA DE SOUZA;;PINA;;;COLISÃO FRONTAL;1,0;0,0;0,0;0,0;0,0;0,0;1,0;0,0;0,0;0,0;0,0;;;;;;;;;;;;;
202318312,0;2023-08-09;12:32:00;COM VÍTIMA;FINALIZADA;SANTO AMARO;AV DR JAYME DA FONTE;12;;PROX A COMPESA / AO LADO LOJA RAIO BIKE;SANTO AMARO;;;ATROPELAMENTO DE PESSOA;1,0;0,0;0,0;0,0;1,0;0,0;0,0;0,0;0,0;1,0;0,0;;;;;;;;;;;;;
202318315,0;2023-08-09;12:52:00;COM VÍTIMA;FINALIZADA;ARRUDA;RUA DO MACHADO;;;PROX AO ESPERTINHO DO BIO / EM FRENTE IMPORIO DA CERVEJA;ARRUDA;;;COLISÃO FRONTAL;0,0;1,0;0,0;0,0;0,0;0,0;0,0;0,0;0,0;1,0;0,0;;;;;;;;;;;;;
202318320,0;2023-08-09;02:01:00;COM VÍTIMA;FINALIZADA;AFOGADOS;RUA SAO MIGUEL;1845;;E/F A  DISTRIBUIDORA RENASCER;AFOGADOS;;;COLISÃO LATERAL;1,0;1,0;0,0;0,0;0,0;0,0;0,0;0,0;0,0;1,0;0,0;;;;;;;;;;;;;
202318324,0;2023-08-09;02:39:00;COM VÍTIMA;FINALIZADA;BOA VIAGEM;RUA JOAO DIAS MARTINS;258;;PROIX AO EDIFICIO MIRELAE AO FRATELLI TURISMO;BOA VIAGEM;;;COLISÃO LATERAL;0,0;1,0;0,0;0,0;0,0;0,0;0,0;0,0;0,0;1,0;0,0;;;;;;;;;;;;;
202318326,0;2023-08-09;02:48:00;COM VÍTIMA;DUPLICIDADE;BOA VIAGEM;RUA JOAO DIAS MARTINS;255;;COLÉGIO SANTOS DUMMONT;BOA VIAGEM;;;COLISÃO FRONTAL;1,0;1,0;0,0;0,0;0,0;0,0;0,0;0,0;0,0;1,0;0,0;;;;;;;;;;;;;
202318359,0;2023-08-09;07:09:00;COM VÍTIMA;FINALIZADA;CABANGA;VIADUTO CAPITAO TEMUDO;;;SOBRE O VIADUTO;CABANGA;;;COLISÃO TRASEIRA;0,0;0,0;0,0;0,0;0,0;0,0;0,0;0,0;0,0;1,0;0,0;;;;;;;;;;;;;
202318361,0;2023-08-09;07:16:00;COM VÍTIMA;FINALIZADA;CORDEIRO;AV INACIO MONTEIRO;341;;ASSEMBLEIA DE DEUS;CORDEIRO;;;COLISÃO LATERAL;1,0;1,0;0,0;0,0;0,0;0,0;0,0;0,0;0,0;1,0;0,0;;;;;;;;;;;;;
202318364,0;2023-08-09;07:33:00;COM VÍTIMA;FINALIZADA;ILHA DO LEITE;RUA FRANCISCO ALVES;;;ESQUINA COM HOSPITAL ESPERANÇA;ILHA DO LEITE;;;COLISÃO FRONTAL;1,0;1,0;0,0;0,0;0,0;0,0;0,0;0,0;0,0;1,0;0,0;;;;;;;;;;;;;
202318409,0;2023-08-10;09:58:00;SEM VÍTIMA;FINALIZADA;SANTO AMARO;AV GOVERNADOR AGAMENON MAGALHAES;111;;PRÓXIMO A REITORIA;SANTO AMARO;;;COLISÃO LATERAL;1,0;0,0;0,0;0,0;0,0;0,0;0,0;1,0;0,0;0,0;0,0;;;;;;;;;;;;;
202318411,0;2023-08-10;10:02:00;COM VÍTIMA;FINALIZADA;SANTO ANTONIO;RUA FLORIANO PEIXOTO;3262;;AO LADO DA CASA DA CULTURA;SANTO ANTONIO;;;COLISÃO FRONTAL;0,0;1,0;0,0;0,0;0,0;0,0;0,0;0,0;0,0;1,0;0,0;;;;;;;;;;;;;
202318416,0;2023-08-10;11:23:00;COM VÍTIMA;FINALIZADA;TORRE;RUA REAL DA TORRE;;;EM FRENTE A ESCOLA DESPERTAR;TORRE;;;COLISÃO LATERAL;1,0;1,0;0,0;0,0;0,0;0,0;0,0;0,0;0,0;1,0;0,0;;;;;;;;;;;;;
202318429,0;2023-08-10;01:26:00;SEM VÍTIMA;FINALIZADA;CASA AMARELA;AV NORTE MIGUEL ARRAES DE ALENCAR;7368;;ACADEMIA DA SAÚDE;CASA AMARELA;;;COLISÃO LATERAL;0,0;0,0;0,0;0,0;0,0;0,0;1,0;1,0;0,0;0,0;0,0;;;;;;;;;;;;;
202318448,0;2023-08-10;04:08:00;COM VÍTIMA;FINALIZADA;TORROES;AV ENGENHEIRO ABDIAS DE CARVALHO;1387;;RETIFICA SÃO PEDRO;TORROES;;;COLISÃO LATERAL;1,0;2,0;0,0;0,0;0,0;0,0;0,0;0,0;0,0;2,0;0,0;;;;;;;;;;;;;
202318457,0;2023-08-10;06:03:00;COM VÍTIMA;FINALIZADA;IMBIRIBEIRA;AV MARECHAL MASCARENHAS DE MORAES;5241;;EM FRENTE A FOCUS LOCADORA DE VEICULOS E PROX AO AEROPORTO;IMBIRIBEIRA;;;COLISÃO LATERAL;0,0;1,0;0,0;0,0;0,0;0,0;0,0;0,0;0,0;1,0;0,0;;;;;;;;;;;;;
202318468,0;2023-08-10;08:02:00;COM VÍTIMA;FINALIZADA;AREIAS;AV DR JOSE RUFINO;2178;;PRÓXIMO À FARMÁCIA DROGASIL E POSTO SHELL;AREIAS;;;COLISÃO LATERAL;0,0;1,0;0,0;0,0;0,0;0,0;0,0;0,0;0,0;1,0;0,0;;;;;;;;;;;;;
202318469,0;2023-08-10;08:31:00;COM VÍTIMA;CANCELADA;ZUMBI;RUA TOMAZ GONZAGA;;;PROXIMO AO EDF TEMER;ZUMBI;;;COLISÃO LATERAL;0,0;1,0;0,0;0,0;0,0;0,0;0,0;0,0;0,0;1,0;0,0;;;;;;;;;;;;;
202318473,0;2023-08-11;03:59:00;SEM VÍTIMA;FINALIZADA;MADALENA;RUA MENEZES DRUMOND;98;;PROSSIMO DA PRAÇA DA MADALENA;MADALENA;;;COLISÃO TRASEIRA;3,0;0,0;0,0;0,0;0,0;0,0;0,0;1,0;0,0;0,0;0,0;;;;;;;;;;;;;
202318486,0;2023-08-11;07:55:00;COM VÍTIMA;FINALIZADA;IBURA;RUA DR BENIGNO JORDAO DE VASCONCELOS;;;PROX A UPA DE LAGOA ENCANTADA IBURA DE CIMA;IBURA;;;COLISÃO FRONTAL;0,0;1,0;0,0;0,0;0,0;0,0;0,0;0,0;0,0;1,0;0,0;;;;;;;;;;;;;