Protocolo;data;hora;natureza;situacao;bairro;endereco;numero;detalhe_endereco_acidente;complemento;bairro_cruzamento;num_semaforo;sentido_via;tipo;auto;moto;ciclom;ciclista;pedestre;onibus;caminhao;viatura;outros;vitimas;vitimasfatais;acidente_verificado;tempo_clima;situacao_semaforo;sinalizacao;condicao_via;conservacao_via;ponto_controle;situacao_placa;velocidade_max_via;mao_direcao;divisao_via1;divisao_via2;divisao_via3
202319441,0;2023-08-21;10:19:00;COM VÍTIMA;FINALIZADA;SANTO AMARO;AV CRUZ CABUGA;;;E/F ASSEMBLEIA DE DEUS;SANTO AMARO;;;COLISÃO TRASEIRA;1,0;1,0;0,0;0,0;0,0;0,0;0,0;0,0;0,0;1,0;0,0;;;;;;;;;;;;;
202319442,0;2023-08-21;10:23:00;COM VÍTIMA;FINALIZADA;PRADO;AV ENGENHEIRO ABDIAS DE CARVALHO;;;PROX. A HABIB´S;PRADO;;;COLISÃO LATERAL;0,0;1,0;0,0;0,0;0,0;0,0;0,0;0,0;0,0;1,0;0,0;;;;;;;;;;;;;
202319445,0;2023-08-21;10:56:00;COM VÍTIMA;FINALIZADA;TAMARINEIRA;AV CONS ROSA E SILVA;1108;;POSTO SHEL;TAMARINEIRA;;;COLISÃO LATERAL;1,0;0,0;0,0;1,0;0,0;0,0;0,0;0,0;0,0;1,0;0,0;;;;;;;;;;;;;
202319447,0;2023-08-21;11:06:00;COM VÍTIMA;FINALIZADA;IPUTINGA;AV CAXANGA;;;EM FRENTE A LOJA DE VEICULOS SM PRIME / EM FRENTE DA ESTAÇÃO BRT PARQUE DO CORDEIRO;IPUTINGA;;;COLISÃO FRONTAL;0,0;1,0;0,0;0,0;0,0;0,0;0,0;0,0;0,0;1,0;0,0;;;;;;;;;;;;;
202319458,0;2023-08-21;01:19:00;COM VÍTIMA;FINALIZADA;ILHA DO RETIRO;AV ENGENHEIRO ABDIAS DE CARVALHO;;;DE FRENTE A LOJA DO SPORT;ILHA DO RETIRO;;;COLISÃO TRASEIRA;1,0;1,0;0,0;0,0;0,0;0,0;0,0;0,0;0,0;1,0;0,0;;;;;;;;;;;;;
202319473,0;2023-08-21;04:34:00;COM VÍTIMA;FINALIZADA;AGUA FRIA;RUA NAZARE;64;;PROXIMO AO MERCADO PUBLICO DE ÁGUA FRIA E PROXIMO A NEXOS TELECON;AGUA FRIA;;;COLISÃO LATERAL;0,0;1,0;0,0;0,0;0,0;0,0;0,0;0,0;0,0;1,0;0,0;;;;;;;;;;;;;
202319475,0;2023-08-21;12:00:00;COM VÍTIMA;FINALIZADA;BONGI;AV ENGENHEIRO ABDIAS DE CARVALHO;2248;;PROXIMO AO TROCÃO E PROXIMO AO SR AUTO PEÇAS;BONGI;;;CHOQUE;1,0;0,0;0,0;0,0;0,0;0,0;0,0;0,0;0,0;1,0;0,0;;;;;;;;;;;;;
202319478,0;2023-08-21;06:25:00;COM VÍTIMA;FINALIZADA;BOA VIAGEM;AV CONSELHEIRO AGUIAR;;;SEMÁFORO 005;BOA VIAGEM;;;COLISÃO LATERAL;1,0;1,0;0,0;0,0;0,0;0,0;0,0;0,0;0,0;1,0;0,0;;;;;;;;;;;;;
202319481,0;2023-08-21;06:51:00;COM VÍTIMA;FINALIZADA;MANGABEIRA;AV NORTE MIGUEL ARRAES DE ALENCAR;;;SESC CASA AMARELA;MANGABEIRA;;;COLISÃO LATERAL;0,0;0,0;0,0;0,0;0,0;0,0;0,0;0,0;0,0;1,0;0,0;;;;;;;;;;;;;
202319489,0;2023-08-21;08:31:00;COM VÍTIMA;FINALIZADA;MADALENA;RUA REAL DA TORRE;;;PROXIMO À ESCOLA JOAQUIM TÁVORA E AO TÚNEL DA ABOLIÇÃO;MADALENA;;;COLISÃO LATERAL;1,0;1,0;0,0;0,0;0,0;0,0;0,0;0,0;0,0;1,0;0,0;;;;;;;;;;;;;
202319490,0;2023-08-21;08:31:00;COM VÍTIMA;FINALIZADA;BOA VISTA;RUA DOM BOSCO;1000;;PROXIMO AO SAMU;BOA VISTA;;;COLISÃO LATERAL;1,0;1,0;0,0;0,0;0,0;0,0;0,0;0,0;0,0;1,0;0,0;;;;;;;;;;;;;
202319492,0;2023-08-21;09:04:00;COM VÍTIMA;FINALIZADA;SANTO AMARO;AV GOVERNADOR AGAMENON MAGALHAES;7954;;PROX AO POSTO DE COMBUSTÍVEL DISLUB;SANTO AMARO;;SUBURBIO;COLISÃO LATERAL;0,0;2,0;0,0;0,0;0,0;0,0;0,0;0,0;0,0;1,0;0,0;;;;;;;;;;;;;
202319493,0;2023-08-21;09:18:00;COM VÍTIMA;FINALIZADA;BARRO;AV DR JOSE RUFINO;;;SOBRE O VIADUTO DA BR-101;BARRO;;;COLISÃO FRONTAL;0,0;0,0;0,0;0,0;0,0;0,0;0,0;0,0;0,0;1,0;0,0;;;;;;;;;;;;;
202319500,0;2023-08-22;03:16:00;SEM VÍTIMA;FINALIZADA;SAO JOSE;RUA REALEZA;5;;AO LADO DO NÚMERO 05;SAO JOSE;;CIDADE;CHOQUE;1,0;0,0;0,0;0,0;0,0;0,0;0,0;0,0;0,0;0,0;0,0;;;;;;;;;;;;;
202319503,0;2023-08-22;06:54:00;COM VÍTIMA;FINALIZADA;SAN MARTIN;AV JOAO CABRAL DE MELO NETO;134;;RESTAURANTE XODO;SAN MARTIN;;;COLISÃO LATERAL;1,0;1,0;0,0;0,0;0,0;0,0;0,0;0,0;0,0;1,0;0,0;;;;;;;;;;;;;
202319515,0;2023-08-22;07:16:00;COM VÍTIMA;FINALIZADA;IBURA;AV SANTOS;;;PX A COMPESA;IBURA;;;COLISÃO LATERAL;0,0;1,0;0,0;0,0;0,0;0,0;0,0;0,0;0,0;1,0;0,0;;;;;;;;;;;;;
202319521,0;2023-08-22;08:32:00;COM VÍTIMA;FINALIZADA;SAN MARTIN;AV GENERAL SAN MARTIN;;;PROX A PRAÇA GENERAL SAN MARTIN;SAN MARTIN;;;COLISÃO LATERAL;1,0;1,0;0,0;0,0;0,0;0,0;0,0;0,0;0,0;1,0;0,0;;;;;;;;;;;;;
202319526,0;2023-08-22;09:24:00;SEM VÍTIMA;FINALIZADA;SANTO AMARO;RUA TREZE DE MAIO;;;EM FRENTE A ESCOLA ESTADUAL JOSÉ MARIA;SANTO AMARO;;;COLISÃO;1,0;0,0;0,0;0,0;0,0;0,0;0,0;1,0;0,0;0,0;0,0;;;;;;;;;;;;;
202319545,0;2023-08-22;10:41:00;COM VÍTIMA;FINALIZADA;MADALENA;AV CAXANGA;;;EM FRENTE AO COMPAZ MIGUEL ARRAES / SENTIDO RECIFE  PROX AO SEMÁFORO;MADALENA;;;COLISÃO FRONTAL;0,0;1,0;0,0;0,0;0,0;0,0;0,0;0,0;0,0;1,0;0,0;;;;;;;;;;;;;
202319546,0;2023-08-22;10:49:00;SEM VÍTIMA;FINALIZADA;BOA VIAGEM;AV CONSELHEIRO AGUIAR;;RUA PADRE BERNADINO PESSOA;SEMÁFORO 125 / PROX A FARMACIA SANTA MARIA;BOA VIAGEM;;;COLISÃO FRONTAL;2,0;1,0;0,0;0,0;0,0;0,0;0,0;0,0;0,0;0,0;0,0;;;;;;;;;;;;;
202319560,0;2023-08-22;01:51:00;COM VÍTIMA;FINALIZADA;BOA VIAGEM;AV VINTE DE JANEIRO;651;;AO LADO DO ANTIGO  GAPAO DA SADIA E A  PROX AO COLEGIO DOURADO  EA FEIJOADA DO LEOPOLDO;BOA VIAGEM;;;COLISÃO LATERAL;0,0;1,0;0,0;0,0;0,0;0,0;0,0;0,0;0,0;1,0;0,0;;;;;;;;;;;;;
202319571,0;2023-08-22;03:34:00;COM VÍTIMA;FINALIZADA;SANTO AMARO;AV GOVERNADOR AGAMENON MAGALHAES;;;ENTRADA DO SHOP TACARUNA LADO DA AGAMENON;SANTO AMARO;;;COLISÃO LATERAL;1,0;1,0;0,0;0,0;0,0;0,0;1,0;0,0;0,0;1,0;0,0;;;;;;;;;;;;;
202319573,0;2023-08-22;04:15:00;SEM VÍTIMA;FINALIZADA;AFOGADOS;RUA NICOLAU PEREIRA;;;;AFOGADOS;73,0;CIDADE;COLISÃO;1,0;0,0;0,0;0,0;0,0;0,0;0,0;1,0;0,0;0,0;0,0;;;;;;;;;;;;;
202319574,0;2023-08-22;04:25:00;COM VÍTIMA;FINALIZADA;MADALENA;AV CAXANGA;409;;CENTRAL DAS BATERIAS;MADALENA;;;COLISÃO FRONTAL;2,0;1,0;0,0;1,0;0,0;0,0;0,0;0,0;0,0;1,0;0,0;;;;;;;;;;;;;
202319584,0;2023-08-22;06:31:00;COM VÍTIMA;FINALIZADA;BOA VIAGEM;RUA RIBEIRO DE BRITO;772;;PROX AO SHOP RECIFE/PADARIA RIO SERGIO;BOA VIAGEM;;;COLISÃO LATERAL;1,0;1,0;0,0;0,0;0,0;0,0;0,0;0,0;0,0;1,0;0,0;;;;;;;;;;;;;
202319597,0;2023-08-22;10:41:00;COM VÍTIMA;FINALIZADA;BOA VISTA;RUA DO PROGRESSO;269;RUA DAS NINFAS;;BOA VISTA;;;COLISÃO FRONTAL;2,0;0,0;0,0;0,0;0,0;0,0;0,0;0,0;0,0;1,0;0,0;;;;;;;;;;;;;
202319612,0;2023-08-23;08:10:00;COM VÍTIMA;FINALIZADA;AREIAS;AV DR JOSE RUFINO;2323;;NA FRENTE DA IGREJA PREBISTERIANA E COLEGIO INCENTIVO;AREIAS;;;COLISÃO LATERAL;0,0;1,0;0,0;0,0;0,0;0,0;0,0;0,0;0,0;1,0;0,0;;;;;;;;;;;;;
202319613,0;2023-08-23;08:11:00;COM VÍTIMA;FINALIZADA;CASA AMARELA;AV NORTE MIGUEL ARRAES DE ALENCAR;12396;;EM FRENTE A BARRO LIMA;CASA AMARELA;;;COLISÃO LATERAL;0,0;1,0;0,0;0,0;0,0;0,0;0,0;0,0;0,0;1,0;0,0;;;;;;;;;;;;;
202319614,0;2023-08-23;08:11:00;COM VÍTIMA;FINALIZADA;MACAXEIRA;AV NORTE MIGUEL ARRAES DE ALENCAR;10379;;APOS O PARQUE DA MACAXEIRA  PROXIMO A ESCOLA ESTADUAL MARIA AMALIA;MACAXEIRA;;;COLISÃO LATERAL;0,0;1,0;0,0;0,0;0,0;0,0;0,0;0,0;0,0;1,0;0,0;;;;;;;;;;;;;
202319628,0;2023-08-23;09:57:00;COM VÍTIMA;FINALIZADA;BEBERIBE;AV BEBERIBE;;;PROX A PIZZARIA REI DO ARUMADINHO PROX A MB RASTREAMENTO;BEBERIBE;;;COLISÃO LATERAL;0,0;1,0;0,0;0,0;0,0;0,0;0,0;0,0;0,0;1,0;0,0;;;;;;;;;;;;;
202319641,0;2023-08-23;12:57:00;COM VÍTIMA;FINALIZADA;CASA AMARELA;AV PEDRO ALLAIN;87;;PX RETIFICA PADRA E LOJAO DAS CLINICAS;CASA AMARELA;;;COLISÃO LATERAL;0,0;0,0;1,0;0,0;0,0;0,0;0,0;0,0;0,0;1,0;0,0;;;;;;;;;;;;;
202319644,0;2023-08-23;03:11:00;COM VÍTIMA;FINALIZADA;ILHA DO RETIRO;RUA TABAIARES;56;;POR TRAS DO GINASIO DO SPORT E PROXIMO AO SEBRAE;ILHA DO RETIRO;;;COLISÃO LATERAL;0,0;1,0;0,0;0,0;0,0;0,0;0,0;0,0;0,0;1,0;0,0;;;;;;;;;;;;;
202319645,0;2023-08-23;03:14:00;COM VÍTIMA;FINALIZADA;ILHA DO LEITE;RUA FRANCISCO ALVES;1460;;AO LADO DO HOSPITAL ESPERANÇA E EM FRENTE A CASA LUX OTICA;ILHA DO LEITE;;;COLISÃO LATERAL;0,0;1,0;0,0;0,0;0,0;0,0;0,0;0,0;0,0;1,0;0,0;;;;;;;;;;;;;
202319647,0;2023-08-23;04:31:00;COM VÍTIMA;FINALIZADA;IMBIRIBEIRA;VIADUTO TANCREDO NEVES;;;DESCIDA DO VIADUTO;IMBIRIBEIRA;;;COLISÃO FRONTAL;1,0;1,0;0,0;0,0;0,0;0,0;0,0;0,0;0,0;1,0;0,0;;;;;;;;;;;;;
202319653,0;2023-08-23;06:23:00;SEM VÍTIMA;FINALIZADA;BOA VIAGEM;RUA ERNESTO DE PAULA SANTOS;;RUA JONATHAS DE VASCONCELOS;EM FRENTE AO POSTO PETROBRAS;BOA VIAGEM;;CIDADE;COLISÃO;1,0;0,0;0,0;0,0;0,0;0,0;1,0;0,0;0,0;0,0;0,0;;;;;;;;;;;;;
202319661,0;2023-08-23;07:30:00;COM VÍTIMA;FINALIZADA;IPSEP;AV RECIFE;;;;IPSEP;393,0;;COLISÃO LATERAL;0,0;1,0;0,0;0,0;0,0;0,0;0,0;0,0;0,0;1,0;0,0;;;;;;;;;;;;;
202319662,0;2023-08-23;08:35:00;SEM VÍTIMA;FINALIZADA;SANTO AMARO;RUA ISRAEL FONSECA;93;;EM FRENTE AO Nº 93;SANTO AMARO;;SUBURBIO;COLISÃO;1,0;1,0;0,0;0,0;0,0;0,0;0,0;0,0;0,0;0,0;0,0;;;;;;;;;;;;;
202319665,0;2023-08-23;10:38:00;COM VÍTIMA;FINALIZADA;BOA VIAGEM;AV CONSELHEIRO AGUIAR;;RUA ATLANTICO;JHONY GASTROBAR;BOA VIAGEM;;;COLISÃO TRASEIRA;1,0;1,0;0,0;0,0;0,0;0,0;0,0;0,0;0,0;1,0;0,0;;;;;;;;;;;;;
202319668,0;2023-08-24;12:02:00;COM VÍTIMA;FINALIZADA;PINA;AV HERCULANO BANDEIRA;543;;PRÓXIMO AO ATACADO DOS PRESENTES;PINA;;;COLISÃO LATERAL;1,0;1,0;0,0;0,0;0,0;0,0;0,0;0,0;0,0;1,0;0,0;;;;;;;;;;;;;
202319672,0;2023-08-24;06:06:00;COM VÍTIMA;FINALIZADA;SANTO AMARO;AV MARIO MELO;;;;SANTO AMARO;171,0;;COLISÃO TRANSVERSAL;0,0;2,0;0,0;0,0;0,0;0,0;0,0;0,0;0,0;2,0;0,0;;;;;;;;;;;;;
202319707,0;2023-08-24;12:49:00;SEM VÍTIMA;FINALIZADA;SANTO AMARO;RUA DO POMBAL;;PRC DO CAMPO SANTO;SESC DE SANTO AMARO;SANTO AMARO;;SUBURBIO;COLISÃO;1,0;0,0;0,0;0,0;0,0;0,0;0,0;0,0;0,0;0,0;0,0;;;;;;;;;;;;;
202319709,0;2023-08-24;12:56:00;COM VÍTIMA;FINALIZADA;JORDAO;AV MARIA IRENE;;;ANTES DO ATACAREJO   EDF JAYME RAMALHO;JORDAO;;;COLISÃO FRONTAL;1,0;1,0;0,0;0,0;0,0;0,0;0,0;0,0;0,0;2,0;0,0;;;;;;;;;;;;;
202319711,0;2023-08-24;01:23:00;COM VÍTIMA;FINALIZADA;DOIS IRMAOS;RUA MANUEL DE MEDEIROS;252;;EM FRENTE A UFRPE E PROXIMO AO HOSPITAL VETERINARIO DA UFRPE;DOIS IRMAOS;;;COLISÃO LATERAL;0,0;1,0;0,0;0,0;0,0;0,0;0,0;0,0;0,0;1,0;0,0;;;;;;;;;;;;;
202319729,0;2023-08-24;06:07:00;COM VÍTIMA;CANCELADA;DOIS IRMAOS;AV DA RECUPERACAO;259;;EM FRENTE AO TRADICIONAL CALDO DE CANA / FONTE DA ÁGUA MINERAL NOVA ERA;DOIS IRMAOS;;;COLISÃO LATERAL;0,0;0,0;0,0;0,0;0,0;0,0;0,0;0,0;0,0;1,0;0,0;;;;;;;;;;;;;
202319731,0;2023-08-24;06:44:00;COM VÍTIMA;FINALIZADA;IMBIRIBEIRA;RUA ITAJAI;779;;MOTEL IMPERIO;IMBIRIBEIRA;;;COLISÃO LATERAL;0,0;1,0;0,0;0,0;0,0;0,0;0,0;0,0;0,0;1,0;0,0;;;;;;;;;;;;;
202319739,0;2023-08-24;07:18:00;COM VÍTIMA;FINALIZADA;CABANGA;AV ENGENHEIRO JOSE ESTELITA;879;;;CABANGA;;CIDADE;COLISÃO LATERAL;0,0;1,0;0,0;0,0;0,0;0,0;0,0;0,0;0,0;2,0;0,0;;;;;;;;;;;;;
202319746,0;2023-08-24;08:57:00;COM VÍTIMA;FINALIZADA;IBURA;AV DOIS RIOS;;RUA RIO XINGU;EM FRENTE AO POSTO BR;IBURA;;;COLISÃO FRONTAL;1,0;1,0;0,0;0,0;0,0;0,0;0,0;0,0;0,0;2,0;0,0;;;;;;;;;;;;;
202319749,0;2023-08-24;10:06:00;COM VÍTIMA;CANCELADA;IBURA;AV DOIS RIOS;301;;PRÓXIMO À CLÍNICA À CLÍNICA ARNALDO MARQUES;IBURA;;;COLISÃO LATERAL;0,0;1,0;0,0;0,0;0,0;0,0;0,0;0,0;0,0;1,0;0,0;;;;;;;;;;;;;
202319751,0;2023-08-25;12:21:00;COM VÍTIMA;CANCELADA;SANTO AMARO;AV GOVERNADOR AGAMENON MAGALHAES;;RUA ODORICO MENDES;PRÓXIMO AO IC E CEPLANC;SANTO AMARO;;;COLISÃO TRASEIRA;0,0;2,0;0,0;0,0;0,0;0,0;0,0;0,0;0,0;2,0;0,0;;;;;;;;;;;;;
202319752,0;2023-08-25;06:29:00;COM VÍTIMA;FINALIZADA;MACAXEIRA;AV NORTE MIGUEL ARRAES DE ALENCAR;;;PROX. AO PARQUE E INTEGRAÇÃO DA MACAXEIRA;MACAXEIRA;;;COLISÃO LATERAL;0,0;1,0;0,0;0,0;0,0;0,0;0,0;0,0;0,0;1,0;0,0;;;;;;;;;;;;;
202319763,0;2023-08-25;08:01:00;SEM VÍTIMA;FINALIZADA;DOIS UNIDOS;AV HILDEBRANDO DE VASCONCELOS;24;;PROX AO DEPOSITO DE BEBIDA ALBURQUEQUE;DOIS UNIDOS;;;COLISÃO LATERAL;1,0;0,0;0,0;0,0;0,0;1,0;0,0;0,0;0,0;0,0;0,0;;;;;;;;;;;;;
202319768,0;2023-08-25;08:30:00;COM VÍTIMA;FINALIZADA;CASA AMARELA;AV NORTE MIGUEL ARRAES DE ALENCAR;4895;;IGREJA DO AMOR;CASA AMARELA;;;COLISÃO LATERAL;1,0;0,0;0,0;1,0;0,0;0,0;0,0;0,0;0,0;1,0;0,0;;;;;;;;;;;;;
202319770,0;2023-08-25;08:56:00;SEM VÍTIMA;FINALIZADA;BOA VISTA;RUA DA SAUDADE;;;AO LADO DO EDIFÍCIO MARAJÓ;BOA VISTA;308,0;;COLISÃO TRASEIRA;3,0;0,0;0,0;0,0;0,0;0,0;0,0;0,0;0,0;0,0;0,0;;;;;;;;;;;;;
202319780,0;2023-08-25;11:16:00;COM VÍTIMA;FINALIZADA;BOA VIAGEM;RUA ANTONIO FALCAO;80;;EMBAIXO DO VIADUTO DA VIA MANGUE;BOA VIAGEM;;;COLISÃO LATERAL;0,0;1,0;0,0;0,0;0,0;0,0;0,0;0,0;0,0;1,0;0,0;;;;;;;;;;;;;
202319784,0;2023-08-25;11:31:00;COM VÍTIMA;FINALIZADA;IMBIRIBEIRA;RUA DUQUE ESTRADA;59;;CRUZAMENTO COM A RUA BARAO DE AGUA BRANCA , PROX AO LE PARK;IMBIRIBEIRA;;;COLISÃO LATERAL;0,0;1,0;0,0;0,0;0,0;0,0;0,0;0,0;0,0;1,0;0,0;;;;;;;;;;;;;
202319801,0;2023-08-25;01:50:00;COM VÍTIMA;FINALIZADA;BOA VISTA;RUA PRINCESA IZABEL;107;;E/F A CAMARA  MUNICIPAL DOS VEREADORES;BOA VISTA;;;COLISÃO LATERAL;1,0;1,0;0,0;0,0;0,0;0,0;0,0;0,0;0,0;1,0;0,0;;;;;;;;;;;;;
202319807,0;2023-08-25;02:26:00;COM VÍTIMA;FINALIZADA;IMBIRIBEIRA;RUA ITAJUBA;243;;PROX AO PANDEIRÃO E AO ARMAZEM ALICERPE;IMBIRIBEIRA;;;COLISÃO LATERAL;0,0;1,0;0,0;0,0;0,0;0,0;0,0;0,0;0,0;1,0;0,0;;;;;;;;;;;;;
202319814,0;2023-08-25;04:26:00;COM VÍTIMA;FINALIZADA;AFOGADOS;AV SUL;1880;;MARMOARIA;AFOGADOS;;;COLISÃO LATERAL;1,0;0,0;0,0;1,0;0,0;0,0;0,0;0,0;0,0;1,0;0,0;;;;;;;;;;;;;
202319819,0;2023-08-25;05:58:00;COM VÍTIMA;FINALIZADA;NOVA DESCOBERTA;AV VEREADOR OTACILIO AZEVEDO;366;;PROXIMO A FABRICA DA KINITOS E PROXIMO AO PSF DA VILA DA BOA VISTA;NOVA DESCOBERTA;;;COLISÃO LATERAL;0,0;1,0;0,0;0,0;0,0;0,0;0,0;0,0;0,0;1,0;0,0;;;;;;;;;;;;;
202319821,0;2023-08-25;06:12:00;COM VÍTIMA;FINALIZADA;SANTO AMARO;AV GOVERNADOR AGAMENON MAGALHAES;8659;;JEEP / SENTIDO OLINDA;SANTO AMARO;;;COLISÃO LATERAL;0,0;0,0;0,0;0,0;0,0;0,0;0,0;0,0;0,0;1,0;0,0;;;;;;;;;;;;;
202319822,0;2023-08-25;06:25:00;COM VÍTIMA;FINALIZADA;ARRUDA;AV BEBERIBE;;;DE FRENTE AO ESTÁDIO DO SANTA CRUZ;ARRUDA;;;COLISÃO LATERAL;0,0;0,0;0,0;1,0;0,0;1,0;0,0;0,0;0,0;1,0;0,0;;;;;;;;;;;;;
202319827,0;2023-08-25;07:25:00;COM VÍTIMA;FINALIZADA;MADALENA;RUA JOSE OSORIO;680;;TEXEIRA PRIME;MADALENA;;;COLISÃO FRONTAL;0,0;2,0;0,0;0,0;0,0;0,0;0,0;0,0;0,0;2,0;0,0;;;;;;;;;;;;;
202319832,0;2023-08-25;08:30:00;COM VÍTIMA;CANCELADA;VASCO DA GAMA;RUA DOIS DE FEVEREIRO;368;;;VASCO DA GAMA;;;COLISÃO LATERAL;0,0;1,0;0,0;0,0;0,0;0,0;0,0;0,0;0,0;1,0;0,0;;;;;;;;;;;;;
202319835,0;2023-08-25;08:36:00;SEM VÍTIMA;FINALIZADA;LINHA DO TIRO;AV ANIBAL BENEVOLO;952;;BORRACHARIA DO BURRO ANÃ;LINHA DO TIRO;;CIDADE;COLISÃO;0,0;1,0;0,0;0,0;0,0;0,0;0,0;1,0;0,0;0,0;0,0;;;;;;;;;;;;;
202319839,0;2023-08-25;11:27:00;COM VÍTIMA;CANCELADA;BARRO;AV DR JOSE RUFINO;3276;;EM FRENTE AO QUARTEL DO QUARTO BATALHÃO;BARRO;;;COLISÃO TRANSVERSAL;0,0;1,0;0,0;0,0;0,0;0,0;0,0;0,0;0,0;1,0;0,0;;;;;;;;;;;;;
202319846,0;2023-08-26;05:09:00;COM VÍTIMA;FINALIZADA;CAMPO GRANDE;AV GOVERNADOR AGAMENON MAGALHAES;;;PRÓXIMO A CENTRAL DE FLAGRANTES;CAMPO GRANDE;;CIDADE;COLISÃO FRONTAL;1,0;1,0;0,0;0,0;0,0;0,0;0,0;0,0;0,0;1,0;0,0;;;;;;;;;;;;;
202319859,0;2023-08-26;07:17:00;COM VÍTIMA;FINALIZADA;ESPINHEIRO;AV GOVERNADOR AGAMENON MAGALHAES;;;EMPRESARIAL AGAMENON MAGALHAES;ESPINHEIRO;;;COLISÃO TRASEIRA;1,0;1,0;0,0;0,0;0,0;0,0;0,0;0,0;0,0;1,0;0,0;;;;;;;;;;;;;
202319865,0;2023-08-26;08:16:00;COM VÍTIMA;FINALIZADA;SANTO AMARO;AV GOVERNADOR AGAMENON MAGALHAES;;;EM FRENTE A DELEGACIA DE FLAGRANTE;SANTO AMARO;49,0;;COLISÃO LATERAL;1,0;1,0;0,0;0,0;0,0;0,0;0,0;0,0;0,0;1,0;0,0;;;;;;;;;;;;;
202319879,0;2023-08-26;12:00:00;SEM VÍTIMA;FINALIZADA;AFLITOS;AV CONS ROSA E SILVA;1086;;ESTACIONAMENTO INTERNO DO CLUBE NÁUTICO;AFLITOS;;SUBURBIO;COLISÃO;1,0;0,0;0,0;0,0;0,0;0,0;0,0;1,0;0,0;0,0;0,0;;;;;;;;;;;;;
202319882,0;2023-08-26;12:09:00;COM VÍTIMA;FINALIZADA;ENCRUZILHADA;AV NORTE MIGUEL ARRAES DE ALENCAR;8956;;AO LADO DA CONCESSIONARIA RENAULT;ENCRUZILHADA;;;COLISÃO TRASEIRA;1,0;2,0;0,0;0,0;0,0;0,0;0,0;0,0;0,0;2,0;0,0;;;;;;;;;;;;;
202319899,0;2023-08-26;03:22:00;COM VÍTIMA;FINALIZADA;JARDIM SAO PAULO;RUA DR DEVALDO BORGES;106;;EM FRENTE A FARMACIA PAGUE MENOS E AO CAMPO EL SALVADOR;JARDIM SAO PAULO;;;COLISÃO LATERAL;0,0;1,0;0,0;0,0;0,0;0,0;0,0;0,0;0,0;1,0;0,0;;;;;;;;;;;;;
202319902,0;2023-08-26;03:59:00;COM VÍTIMA;FINALIZADA;AFOGADOS;RUA SAO MIGUEL;268;;DEPATRI DELEGACIA;AFOGADOS;;;COLISÃO FRONTAL;1,0;1,0;0,0;0,0;0,0;0,0;0,0;0,0;0,0;1,0;0,0;;;;;;;;;;;;;
202319903,0;2023-08-26;04:03:00;SEM VÍTIMA;FINALIZADA;SANTO AMARO;AV GOVERNADOR AGAMENON MAGALHAES;;;REITORIA DA UPE;SANTO AMARO;465,0;SUBURBIO;COLISÃO;1,0;0,0;0,0;0,0;0,0;0,0;0,0;1,0;0,0;0,0;0,0;;;;;;;;;;;;;
202319913,0;2023-08-26;06:18:00;COM VÍTIMA;FINALIZADA;AGUA FRIA;RUA CORONEL URBANO RIBEIRO DE SENA;522;;COMPESA;AGUA FRIA;;;COLISÃO LATERAL;0,0;0,0;0,0;0,0;0,0;0,0;0,0;0,0;0,0;1,0;0,0;;;;;;;;;;;;;
202319924,0;2023-08-26;07:22:00;COM VÍTIMA;FINALIZADA;SANTO AMARO;RUA DOS PALMARES;194;;E/F AO POSTO MÉDICO JULIÃO - PROXIMO AO PROCAP;SANTO AMARO;;;COLISÃO LATERAL;1,0;1,0;0,0;0,0;0,0;0,0;0,0;0,0;0,0;1,0;0,0;;;;;;;;;;;;;
202319932,0;2023-08-27;12:44:00;COM VÍTIMA;CANCELADA;BOMBA DO HEMETERIO;RUA BOMBA DO HEMETERIO;;;EM FRENTE A FARMACIA;BOMBA DO HEMETERIO;;;COLISÃO LATERAL;0,0;1,0;0,0;0,0;0,0;0,0;0,0;0,0;0,0;1,0;0,0;;;;;;;;;;;;;
202319959,0;2023-08-27;10:31:00;COM VÍTIMA;FINALIZADA;IPSEP;AV RECIFE;;;EM FRENTE AO RESTAURANTE SAL E BRASA (REGISTRO DA SAMU)/// ANTES DO SEMAFORO DA SAL E BRASA;IPSEP;393,0;;COLISÃO LATERAL;1,0;1,0;0,0;0,0;0,0;0,0;0,0;0,0;0,0;1,0;0,0;;;;;;;;;;;;;
202319965,0;2023-08-27;11:52:00;COM VÍTIMA;FINALIZADA;IMBIRIBEIRA;AV MARECHAL MASCARENHAS DE MORAES;2712;;EM FRENTE A CONCESSIONARIA CHEVROLET, SENT. AEROPORTO // SENTIDO PRAZERES PROX A FACULDADE UNIVERSO EM FRENTE A CHEVROLET TAMBÉM;IMBIRIBEIRA;;;COLISÃO LATERAL;1,0;1,0;0,0;0,0;0,0;0,0;0,0;0,0;0,0;1,0;0,0;;;;;;;;;;;;;