Protocolo;data;hora;natureza;situacao;bairro;endereco;numero;detalhe_endereco_acidente;complemento;bairro_cruzamento;num_semaforo;sentido_via;tipo;auto;moto;ciclom;ciclista;pedestre;onibus;caminhao;viatura;outros;vitimas;vitimasfatais;acidente_verificado;tempo_clima;situacao_semaforo;sinalizacao;condicao_via;conservacao_via;ponto_controle;situacao_placa;velocidade_max_via;mao_direcao;divisao_via1;divisao_via2;divisao_via3
202321700,0;2023-09-19;07:18:00;COM VÍTIMA;FINALIZADA;TORROES;AV ENGENHEIRO ABDIAS DE CARVALHO;;;PROX. AO POSTO DE GASOLINA BR, AO LADO DO ANTIGO YOKI;TORROES;;;COLISÃO LATERAL;0,0;1,0;0,0;0,0;0,0;0,0;0,0;0,0;0,0;1,0;0,0;;;;;;;;;;;;;
202321703,0;2023-09-19;07:38:00;COM VÍTIMA;FINALIZADA;TAMARINEIRA;EST VELHA DE AGUA FRIA;;;PROX. AO DENOX;TAMARINEIRA;;;COLISÃO LATERAL;0,0;1,0;0,0;0,0;0,0;0,0;0,0;0,0;0,0;1,0;0,0;;;;;;;;;;;;;
202321708,0;2023-09-19;08:29:00;COM VÍTIMA;FINALIZADA;TORREAO;AV GOVERNADOR AGAMENON MAGALHAES;;;PROX. AO HOSPITAL HAP VIDA SENT. BOA VIAGEM;TORREAO;;;COLISÃO LATERAL;0,0;1,0;0,0;0,0;0,0;0,0;0,0;0,0;0,0;1,0;0,0;;;;;;;;;;;;;
202321710,0;2023-09-19;08:53:00;COM VÍTIMA;FINALIZADA;MADALENA;RUA JOSE OSORIO;865;;PROX. A MORAIS MULTIMARCAS VEICULOS;MADALENA;;;COLISÃO LATERAL;1,0;1,0;0,0;0,0;0,0;0,0;0,0;0,0;0,0;2,0;0,0;;;;;;;;;;;;;
202321711,0;2023-09-19;08:59:00;COM VÍTIMA;FINALIZADA;SAN MARTIN;RUA COMENDADOR FRANCO FERREIRA;;;AO LADO DA CAVALARIA E PROX A PRAÇA DE EVENTOS DE SAN MARTINS;SAN MARTIN;;;COLISÃO;1,0;1,0;0,0;0,0;0,0;0,0;0,0;0,0;0,0;1,0;0,0;;;;;;;;;;;;;
202321713,0;2023-09-19;09:05:00;COM VÍTIMA;FINALIZADA;CASA AMARELA;AV DR EURICO CHAVES;;;PROX. AO BREGOSO BURGUER E BARBEARIA NAVALHA;CASA AMARELA;;;COLISÃO LATERAL;0,0;1,0;0,0;0,0;0,0;0,0;0,0;0,0;0,0;1,0;0,0;;;;;;;;;;;;;
202321719,0;2023-09-19;10:11:00;COM VÍTIMA;FINALIZADA;CASA AMARELA;RUA CONS PERETTI;106;;PROX A TRATORIA DA DANI / PROX A BARBEARIA LA ROSA /;CASA AMARELA;;;COLISÃO;0,0;1,0;0,0;0,0;0,0;0,0;0,0;0,0;0,0;1,0;0,0;;;;;;;;;;;;;
202321738,0;2023-09-19;12:40:00;COM VÍTIMA;FINALIZADA;SANTO AMARO;RUA DO HOSPICIO;;;EM FRENTE A CÂMARA DE VEREADORES;SANTO AMARO;;;COLISÃO LATERAL;1,0;1,0;0,0;0,0;0,0;0,0;0,0;0,0;0,0;1,0;0,0;;;;;;;;;;;;;
202321741,0;2023-09-19;01:06:00;COM VÍTIMA;FINALIZADA;ENGENHO DO MEIO;RUA ANTONIO CURADO;892;;EM FRENTE AO CLUBE DA SUDENE;ENGENHO DO MEIO;;;COLISÃO;0,0;1,0;0,0;0,0;0,0;0,0;0,0;0,0;0,0;1,0;0,0;;;;;;;;;;;;;
202321742,0;2023-09-19;01:10:00;COM VÍTIMA;FINALIZADA;ILHA DO LEITE;RUA MARQUES AMORIM;30;;EM FRENTE AO EMPRESARIAL ILHA DO LEITE;ILHA DO LEITE;;;COLISÃO LATERAL;1,0;1,0;0,0;0,0;0,0;0,0;0,0;0,0;0,0;1,0;0,0;;;;;;;;;;;;;
202321746,0;2023-09-19;01:44:00;COM VÍTIMA;FINALIZADA;BOA VIAGEM;AV ENGENHEIRO DOMINGOS FERREIRA;;RUA BRUNO VELOSO;REALIZAR VARREDURA;BOA VIAGEM;;;COLISÃO TRASEIRA;0,0;0,0;0,0;0,0;0,0;0,0;0,0;0,0;0,0;1,0;0,0;;;;;;;;;;;;;
202321747,0;2023-09-19;02:05:00;COM VÍTIMA;FINALIZADA;ENCRUZILHADA;AV BEBERIBE;;;EM FRENTE A ESCOLA NUCLEO ATITUDE E A FERREIRA PINTO;ENCRUZILHADA;;;QUEDA;0,0;1,0;0,0;0,0;0,0;0,0;0,0;0,0;0,0;1,0;0,0;;;;;;;;;;;;;
202321756,0;2023-09-19;03:57:00;COM VÍTIMA;FINALIZADA;BOA VIAGEM;RUA ANTONIO FALCAO;;;NO SEMAFORO 006  E/F AO EMPRESARIAL OTAVIANO DIAS;BOA VIAGEM;;;COLISÃO LATERAL;1,0;1,0;0,0;0,0;0,0;0,0;0,0;0,0;0,0;1,0;0,0;;;;;;;;;;;;;
202321777,0;2023-09-19;08:22:00;COM VÍTIMA;FINALIZADA;CASA FORTE;AV DEZESSETE DE AGOSTO;;;EM FRENTE AO POSTO DE SAUDE ERMILIO DE MORAES E AO POSTO DE COMBUSTIVEL AMIGÃO;CASA FORTE;;;COLISÃO LATERAL;0,0;1,0;0,0;0,0;0,0;0,0;0,0;0,0;0,0;1,0;0,0;;;;;;;;;;;;;
202321779,0;2023-09-19;09:34:00;COM VÍTIMA;CANCELADA;IBURA;RUA JOSE LEONCIO GALVAO;108;AV RIO LARGO;PRÓXIMO À ECO ESTAÇÃO DA PREFEITURA;IBURA;;;COLISÃO;0,0;1,0;0,0;0,0;0,0;0,0;0,0;0,0;0,0;1,0;0,0;;;;;;;;;;;;;
202321780,0;2023-09-19;11:18:00;COM VÍTIMA;FINALIZADA;AREIAS;AV RECIFE;;;E/F AO CONDOMINIO INGNEZ ANDREAZA - SENTIDO AEROPORTO;AREIAS;;;ATROPELAMENTO DE PESSOA;0,0;0,0;0,0;0,0;1,0;0,0;1,0;0,0;0,0;1,0;0,0;;;;;;;;;;;;;
202321781,0;2023-09-19;11:21:00;COM VÍTIMA;CANCELADA;IMBIRIBEIRA;AV MARECHAL MASCARENHAS DE MORAES;30;;PRÓXIMO ÀS LOJAS FERREIRA COSTA E CASAS BAHIA;IMBIRIBEIRA;;;COLISÃO;0,0;1,0;0,0;0,0;0,0;0,0;0,0;0,0;0,0;1,0;0,0;;;;;;;;;;;;;
202321798,0;2023-09-20;07:17:00;COM VÍTIMA;FINALIZADA;AREIAS;AV RECIFE;;;EM FRENTE AO ATACADÃO / E O ANTIGO MACRO;AREIAS;;;COLISÃO;0,0;1,0;0,0;0,0;0,0;0,0;0,0;0,0;0,0;1,0;0,0;;;;;;;;;;;;;
202321799,0;2023-09-20;07:17:00;COM VÍTIMA;FINALIZADA;VARZEA;RUA EDUARDO PRADO;54;;AO LADO DA INTEGRAÇÃO COSME DAMIÃO / PROX A FARMACIA PRIMAVERA;VARZEA;;;COLISÃO LATERAL;2,0;0,0;0,0;0,0;0,0;0,0;0,0;0,0;0,0;1,0;0,0;;;;;;;;;;;;;
202321801,0;2023-09-20;07:38:00;COM VÍTIMA;FINALIZADA;IMBIRIBEIRA;AV MARECHAL MASCARENHAS DE MORAES;;;EM FRENTE AO AEROPORTO / PROX A LOCADORA DE AUTOMOVEL UNIDAS;IMBIRIBEIRA;;;COLISÃO;0,0;1,0;0,0;0,0;0,0;0,0;0,0;0,0;0,0;1,0;0,0;;;;;;;;;;;;;
202321802,0;2023-09-20;07:38:00;COM VÍTIMA;FINALIZADA;JAQUEIRA;RUA PADRE ROMA;;;PROX. AO BAR DO NENO E CIRURGICA MEDINI;JAQUEIRA;;;COLISÃO LATERAL;0,0;1,0;0,0;0,0;0,0;0,0;0,0;0,0;0,0;1,0;0,0;;;;;;;;;;;;;
202321805,0;2023-09-20;07:53:00;COM VÍTIMA;FINALIZADA;ESPINHEIRO;VDO INDEPENDENCIA;;;NA DESCIDA DO VIADUTO QUE PASSA POR CIMA DA AVENIDA NORTE - SENTIDO BOA VIAGEM;ESPINHEIRO;;;COLISÃO TRANSVERSAL;0,0;1,0;0,0;0,0;0,0;1,0;0,0;0,0;0,0;1,0;0,0;;;;;;;;;;;;;
202321806,0;2023-09-20;07:57:00;COM VÍTIMA;DUPLICIDADE;SANTO AMARO;AV GOVERNADOR AGAMENON MAGALHAES;;;EM CIMA DO VIADUTO JOÃO DE BARROS / SENTIDO DERBY;SANTO AMARO;;;COLISÃO;0,0;1,0;0,0;0,0;0,0;0,0;0,0;0,0;0,0;1,0;0,0;;;;;;;;;;;;;
202321811,0;2023-09-20;08:31:00;COM VÍTIMA;FINALIZADA;JORDAO;AV MARIA IRENE;;;NA SAIDA DO TUNEL FELIPE CAMARÃO, SENT. JORDAO;JORDAO;;;COLISÃO COM CICLISTA;0,0;1,0;0,0;1,0;0,0;0,0;0,0;0,0;0,0;2,0;0,0;;;;;;;;;;;;;
202321813,0;2023-09-20;08:34:00;COM VÍTIMA;FINALIZADA;CAXANGA;AV JOAQUIM RIBEIRO;;;ENCIMA DA PONTE DA CAXANGA / PROX A UPA;CAXANGA;;;COLISÃO;0,0;1,0;0,0;0,0;0,0;0,0;0,0;0,0;0,0;1,0;0,0;;;;;;;;;;;;;
202321828,0;2023-09-20;09:58:00;COM VÍTIMA;FINALIZADA;AGUA FRIA;AV BEBERIBE;2352;;EM FRENTE A ACADEMIA  CIA DO CORPO, PROX. AO SUPERMERCADO DOIS IRMÃOS;AGUA FRIA;;;ATROPELAMENTO DE PESSOA;0,0;1,0;0,0;0,0;1,0;0,0;0,0;0,0;0,0;1,0;0,0;;;;;;;;;;;;;
202321829,0;2023-09-20;10:06:00;SEM VÍTIMA;FINALIZADA;BOA VIAGEM;RUA COSMORAMA;;;EM FRENTE A ESCOLA ESTADUAL AUGUSTO SEVERO;BOA VIAGEM;;;COLISÃO FRONTAL;1,0;0,0;0,0;0,0;0,0;0,0;0,0;1,0;0,0;0,0;0,0;;;;;;;;;;;;;
202321852,0;2023-09-20;01:27:00;COM VÍTIMA;FINALIZADA;PONTO DE PARADA;RUA PORCIUNCULA;12;;;PONTO DE PARADA;;;COLISÃO;0,0;0,0;0,0;0,0;0,0;0,0;0,0;0,0;0,0;1,0;0,0;;;;;;;;;;;;;
202321854,0;2023-09-20;01:52:00;COM VÍTIMA;FINALIZADA;BOA VISTA;RUA JOAQUIM FELIPE;104;;;BOA VISTA;;;COLISÃO;0,0;0,0;0,0;0,0;0,0;0,0;0,0;0,0;0,0;1,0;0,0;;;;;;;;;;;;;
202321870,0;2023-09-20;06:19:00;COM VÍTIMA;FINALIZADA;DERBY;AV GOVERNADOR AGAMENON MAGALHAES;1593;;EM FRENTE AO HR;DERBY;;;COLISÃO;0,0;1,0;0,0;0,0;0,0;0,0;0,0;0,0;0,0;1,0;0,0;;;;;;;;;;;;;
202321877,0;2023-09-20;08:51:00;COM VÍTIMA;FINALIZADA;ARRUDA;AV BEBERIBE;;;EM FRENTE AO CAMPO DO SANTA CRUZ;ARRUDA;;;ATROPELAMENTO DE PESSOA;0,0;1,0;0,0;0,0;1,0;0,0;0,0;0,0;0,0;1,0;0,0;;;;;;;;;;;;;
202321878,0;2023-09-20;07:50:00;COM VÍTIMA;FINALIZADA;BOA VISTA;RUA DO HOSPICIO;176;;EM FRENTE A FIGUEIRA CLAÇADOS;BOA VISTA;;;COLISÃO;0,0;0,0;0,0;0,0;0,0;0,0;0,0;0,0;0,0;1,0;0,0;;;;;;;;;;;;;
202321879,0;2023-09-20;07:50:00;COM VÍTIMA;FINALIZADA;AFOGADOS;EST DOS REMEDIOS;10;;PRÓXIMO À FARMACIA DO TRABALHADOR E DA IGREJA CATÓLICA;AFOGADOS;;;COLISÃO;0,0;0,0;0,0;0,0;0,0;0,0;0,0;0,0;0,0;1,0;0,0;;;;;;;;;;;;;
202321880,0;2023-09-20;09:21:00;SEM VÍTIMA;FINALIZADA;IMBIRIBEIRA;AV MARECHAL MASCARENHAS DE MORAES;;;PRÓXIMO AO AEROPORTO;IMBIRIBEIRA;;;CHOQUE;0,0;0,0;0,0;0,0;0,0;0,0;0,0;0,0;0,0;0,0;0,0;;;;;;;;;;;;;
202321894,0;2023-09-21;07:44:00;COM VÍTIMA;FINALIZADA;DOIS IRMAOS;RUA RIBEIRO PESSOA;345;;PROX A UPA DA CAXANGA / EM FRENTE AO PINTO FORMOSO;DOIS IRMAOS;;;COLISÃO FRONTAL;1,0;1,0;0,0;0,0;0,0;0,0;0,0;0,0;0,0;1,0;0,0;;;;;;;;;;;;;
202321895,0;2023-09-21;08:05:00;COM VÍTIMA;FINALIZADA;SAN MARTIN;AV GENERAL SAN MARTIN;;;PROX AO RESTAURANTE CHO DAN NORDESTINO / PROX AO GIRADOURO DE SAN MARTINS SENTIDO AV RECIFE;SAN MARTIN;;;COLISÃO FRONTAL;1,0;1,0;0,0;0,0;0,0;0,0;0,0;0,0;0,0;2,0;0,0;;;;;;;;;;;;;
202321900,0;2023-09-21;08:45:00;COM VÍTIMA;CANCELADA;PRADO;AV ENGENHEIRO ABDIAS DE CARVALHO;;;EM FRENTE KANTAM / PROX A ENGEFRIO;PRADO;;;COLISÃO;0,0;1,0;0,0;0,0;0,0;0,0;0,0;0,0;0,0;1,0;0,0;;;;;;;;;;;;;
202321904,0;2023-09-21;08:57:00;SEM VÍTIMA;FINALIZADA;AFOGADOS;AV SUL;;;TERMINAL INTEGRADO DE AFOGADOS;AFOGADOS;;CIDADE;COLISÃO LATERAL;1,0;0,0;0,0;0,0;0,0;0,0;1,0;0,0;0,0;0,0;0,0;;;;;;;;;;;;;
202321905,0;2023-09-21;09:00:00;COM VÍTIMA;FINALIZADA;CORDEIRO;AV GENERAL SAN MARTIN;;;CRUZAMENTO COM A GOMES TABORDA, ANTIGA RUA DA LAMA / PROX A FARMACIA PAGUE MENOS / PROX AO SUPERMERCADO IDEAL ATACAREJO;CORDEIRO;;;COLISÃO;0,0;1,0;0,0;0,0;0,0;0,0;0,0;0,0;0,0;1,0;0,0;;;;;;;;;;;;;
202321907,0;2023-09-21;09:31:00;COM VÍTIMA;FINALIZADA;ARRUDA;AV PROFESSOR JOSE DOS ANJOS;;;PROX. AO BOMPREÇO E O CAMPO DO ARRUDA;ARRUDA;;;COLISÃO LATERAL;0,0;1,0;0,0;0,0;0,0;0,0;0,0;0,0;0,0;1,0;0,0;;;;;;;;;;;;;
202321916,0;2023-09-21;11:44:00;SEM VÍTIMA;FINALIZADA;MADALENA;AV VISCONDE DE ALBUQUERQUE;;RUA BARTOLOMEU DE GUSMAO;NA DESCIDA DA PONTE DA CAPUNGA;MADALENA;;;COLISÃO TRANSVERSAL;0,0;0,0;0,0;0,0;0,0;0,0;0,0;0,0;0,0;0,0;0,0;;;;;;;;;;;;;
202321931,0;2023-09-21;03:30:00;SEM VÍTIMA;FINALIZADA;PARNAMIRIM;AV PARNAMIRIM;196;RUA TITO ROSAS;EM FRENTE AO POSTO SHELL;PARNAMIRIM;10,0;CIDADE;COLISÃO TRASEIRA;1,0;0,0;0,0;0,0;0,0;1,0;0,0;0,0;0,0;0,0;0,0;;;;;;;;;;;;;
202321934,0;2023-09-21;04:16:00;COM VÍTIMA;FINALIZADA;CASA AMARELA;AV NORTE MIGUEL ARRAES DE ALENCAR;;;PROX YAMAHA E A MATARNIDADE BARROS LIMA;CASA AMARELA;;CIDADE;COLISÃO TRASEIRA;1,0;1,0;0,0;0,0;0,0;0,0;0,0;0,0;0,0;2,0;0,0;;;;;;;;;;;;;
202321935,0;2023-09-21;04:21:00;SEM VÍTIMA;FINALIZADA;SAO JOSE;RUA IMPERIAL;1911;;;SAO JOSE;;SUBURBIO;COLISÃO TRASEIRA;1,0;0,0;0,0;0,0;0,0;0,0;0,0;1,0;0,0;0,0;0,0;;;;;;;;;;;;;
202321936,0;2023-09-21;04:47:00;COM VÍTIMA;FINALIZADA;CAMPO GRANDE;RUA ODORICO MENDES;681;;EM FRENTE AO CLUBE DAS PÁS;CAMPO GRANDE;;;COLISÃO LATERAL;0,0;1,0;0,0;0,0;0,0;0,0;0,0;0,0;0,0;1,0;0,0;;;;;;;;;;;;;
202321938,0;2023-09-21;04:57:00;COM VÍTIMA;FINALIZADA;IPSEP;AV RECIFE;1386;;EM FRENTE A RECIFE MOTOS E AO LADO DO DEPOSITO RECURSO NATURAL;IPSEP;;;COLISÃO LATERAL;0,0;1,0;0,0;0,0;0,0;0,0;0,0;0,0;0,0;1,0;0,0;;;;;;;;;;;;;
202321940,0;2023-09-21;05:11:00;COM VÍTIMA;FINALIZADA;IMBIRIBEIRA;AV MARECHAL MASCARENHAS DE MORAES;12;;PROXIMO A LASER ELETRO;IMBIRIBEIRA;;;COLISÃO LATERAL;0,0;1,0;0,0;0,0;0,0;0,0;0,0;0,0;0,0;1,0;0,0;;;;;;;;;;;;;
202321942,0;2023-09-21;05:38:00;COM VÍTIMA;FINALIZADA;LINHA DO TIRO;RUA PROFESSOR JOSE AMARINO DOS REIS;314;;APÓS A ASSEMBLEIA DE DEUS;LINHA DO TIRO;;;COLISÃO LATERAL;0,0;1,0;0,0;0,0;0,0;0,0;0,0;0,0;0,0;1,0;0,0;;;;;;;;;;;;;
202321944,0;2023-09-21;05:47:00;COM VÍTIMA;FINALIZADA;SANTO AMARO;AV NORTE MIGUEL ARRAES DE ALENCAR;654;;POUCO ANTES DO SEMAFORO 036;SANTO AMARO;;SUBURBIO;COLISÃO TRASEIRA;1,0;1,0;0,0;0,0;0,0;0,0;0,0;0,0;0,0;1,0;0,0;;;;;;;;;;;;;
202321957,0;2023-09-21;08:34:00;COM VÍTIMA;FINALIZADA;JARDIM SAO PAULO;RUA LEOBINA PEREIRA;;RUA LEANDRO BARRETO;;JARDIM SAO PAULO;;;COLISÃO;0,0;1,0;0,0;0,0;0,0;0,0;0,0;0,0;0,0;1,0;0,0;;;;;;;;;;;;;
202321958,0;2023-09-21;09:51:00;COM VÍTIMA;FINALIZADA;SANTO AMARO;AV CRUZ CABUGA;;;LADO OPOSTO À ACADEMIA HAVANNA - E/ F À ESTAÇÃO BRT - SENTIDO SUBURBIO;SANTO AMARO;;;COLISÃO COM CICLISTA;0,0;1,0;0,0;1,0;0,0;0,0;0,0;0,0;0,0;2,0;0,0;;;;;;;;;;;;;
202321959,0;2023-09-22;12:59:00;COM VÍTIMA;CANCELADA;BOA VIAGEM;AV BOA VIAGEM;462;;PRÓXIMO AO PRIMEIRO JARDIM;BOA VIAGEM;;;COLISÃO;0,0;1,0;0,0;0,0;0,0;0,0;0,0;0,0;0,0;1,0;0,0;;;;;;;;;;;;;
202321973,0;2023-09-22;07:31:00;COM VÍTIMA;FINALIZADA;IMBIRIBEIRA;AV MARECHAL MASCARENHAS DE MORAES;;;PROX EM FRENTE AO POSTO DE GASOLINA BR /PROX AO GERALDÃO SENTIDO AEROPORTO;IMBIRIBEIRA;;;COLISÃO TRASEIRA;0,0;1,0;0,0;0,0;0,0;0,0;0,0;0,0;0,0;1,0;0,0;;;;;;;;;;;;;
202321974,0;2023-09-22;07:34:00;COM VÍTIMA;FINALIZADA;AREIAS;AV DR JOSE RUFINO;;;APOS O SENAI VINDO DE AFOGADOS RECIFE E VINDO DE JABOATAO APOS LINHA FERREA;AREIAS;;;COLISÃO LATERAL;1,0;1,0;0,0;0,0;0,0;0,0;0,0;0,0;0,0;1,0;0,0;;;;;;;;;;;;;
202321978,0;2023-09-22;08:53:00;COM VÍTIMA;FINALIZADA;JORDAO;AV MARIA IRENE;;;EM FRENTE AO QUARTEL DA AERONAUTICA;JORDAO;;;COLISÃO LATERAL;0,0;1,0;0,0;0,0;0,0;0,0;0,0;0,0;0,0;1,0;0,0;;;;;;;;;;;;;
202321981,0;2023-09-22;09:14:00;COM VÍTIMA;FINALIZADA;PINA;AVENIDA CELSO FURTADO (VIA MANGUE);;;SENTIDO BOA VIAGEM NA SUBIDA DO VIADUTO;PINA;;;COLISÃO;0,0;1,0;0,0;0,0;0,0;0,0;0,0;0,0;0,0;1,0;0,0;;;;;;;;;;;;;
202321997,0;2023-09-22;10:42:00;SEM VÍTIMA;FINALIZADA;AFOGADOS;RUA SANTO ANGELO;;RUA SANTOS ARAUJO;AO LADO DA ANTIGA SOUZA CRUZ;AFOGADOS;;;COLISÃO LATERAL;1,0;0,0;0,0;0,0;0,0;0,0;1,0;0,0;0,0;0,0;0,0;;;;;;;;;;;;;
202321998,0;2023-09-22;11:08:00;COM VÍTIMA;FINALIZADA;CAJUEIRO;AV CIDADE DE MONTEIRO;375;;PROX AO ARMAZEM CORAL;CAJUEIRO;;;COLISÃO;0,0;1,0;0,0;0,0;0,0;0,0;0,0;0,0;0,0;1,0;0,0;;;;;;;;;;;;;
202322002,0;2023-09-22;11:32:00;COM VÍTIMA;FINALIZADA;IPUTINGA;AV MAURICIO DE NASSAU;;EST DO BARBALHO;PROX A CASA DE PLACAS;IPUTINGA;;;COLISÃO;1,0;1,0;0,0;0,0;0,0;0,0;0,0;0,0;0,0;1,0;0,0;;;;;;;;;;;;;
202322010,0;2023-09-22;12:43:00;COM VÍTIMA;FINALIZADA;BREJO DA GUABIRABA;COR JOSE IDALINO;;;PACTE DENTRO DO CENTRO DE CIDADANIA DO BAIRRO / EM FRENTE AO ARMAZEM BARATAÇO;BREJO DA GUABIRABA;;;COLISÃO;0,0;1,0;0,0;0,0;0,0;0,0;0,0;0,0;0,0;1,0;0,0;;;;;;;;;;;;;
202322013,0;2023-09-22;01:30:00;COM VÍTIMA;FINALIZADA;CAJUEIRO;AV BEBERIBE;;;PROXIMO A PRAÇA DO FUNDÃO E A HORTFRUT NOSSA SENHORA APARECIDA;CAJUEIRO;;;COLISÃO LATERAL;0,0;1,0;0,0;0,0;0,0;0,0;0,0;0,0;0,0;1,0;0,0;;;;;;;;;;;;;
202322016,0;2023-09-22;02:28:00;COM VÍTIMA;FINALIZADA;PINA;AV DR DIRCEU VELLOSO TOSCANO DE BRITO;356;;PROXIMO AO 19º BATALHÃO E AO SHOPPING RIO MAR;PINA;;;ATROPELAMENTO DE PESSOA;0,0;1,0;0,0;0,0;1,0;0,0;0,0;0,0;0,0;1,0;0,0;;;;;;;;;;;;;
202322020,0;2023-09-22;02:44:00;COM VÍTIMA;FINALIZADA;CAMPO GRANDE;RUA MARIO SETE;575;;PROXIMO A IGREJA DO BOM PARTO;CAMPO GRANDE;;;COLISÃO LATERAL;2,0;1,0;0,0;0,0;0,0;0,0;0,0;0,0;0,0;1,0;0,0;;;;;;;;;;;;;
202322026,0;2023-09-22;03:37:00;COM VÍTIMA;FINALIZADA;CABANGA;AV ENGENHEIRO JOSE ESTELITA;;;PROXIMO AO CABANGA IATE CLUBE;CABANGA;;;COLISÃO LATERAL;0,0;1,0;0,0;0,0;0,0;0,0;0,0;0,0;0,0;1,0;0,0;;;;;;;;;;;;;
202322030,0;2023-09-22;04:32:00;COM VÍTIMA;FINALIZADA;BRASILIA TEIMOSA;RUA FRANCISCO VALPASSOS;58;;EM FRENTE A REFIBRA TELECON;BRASILIA TEIMOSA;;;COLISÃO LATERAL;0,0;1,0;0,0;0,0;0,0;1,0;0,0;0,0;0,0;1,0;0,0;;;;;;;;;;;;;
202322044,0;2023-09-23;02:08:00;COM VÍTIMA;FINALIZADA;BOA VIAGEM;AV ENGENHEIRO DOMINGOS FERREIRA;;RUA PROFESSOR JOSE BRANDAO;;BOA VIAGEM;550,0;;COLISÃO;2,0;0,0;0,0;0,0;0,0;0,0;0,0;0,0;0,0;2,0;0,0;;;;;;;;;;;;;
202322048,0;2023-09-23;03:30:00;COM VÍTIMA;FINALIZADA;PINA;AV BOA VIAGEM;980;;EM FRENTE AS QUADRAS DE TENIS;PINA;;;CHOQUE;2,0;0,0;0,0;0,0;0,0;0,0;0,0;0,0;0,0;1,0;0,0;;;;;;;;;;;;;
202322049,0;2023-09-23;05:33:00;COM VÍTIMA;FINALIZADA;IPSEP;AV RECIFE;;RUA JEAN EMILE FAVRE;;IPSEP;;;QUEDA;1,0;1,0;0,0;0,0;0,0;0,0;0,0;0,0;0,0;2,0;0,0;;;;;;;;;;;;;
202322090,0;2023-09-23;11:38:00;COM VÍTIMA;CANCELADA;JAQUEIRA;AV RUI BARBOSA;;;APOIS PARQUE DA JAQUEIRA / PROX AO COLEGIO DAMAS;JAQUEIRA;;;COLISÃO;0,0;1,0;0,0;0,0;0,0;0,0;0,0;0,0;0,0;1,0;0,0;;;;;;;;;;;;;
202322092,0;2023-09-23;11:38:00;COM VÍTIMA;FINALIZADA;CASA AMARELA;RUA PADRE LEMOS;;;EM FRENTE AO POSTO DE GASOLINA BR / NA ENTRADA DO VASCO DA GAMA;CASA AMARELA;;;COLISÃO;1,0;1,0;0,0;0,0;0,0;0,0;0,0;0,0;0,0;1,0;0,0;;;;;;;;;;;;;
202322097,0;2023-09-23;12:03:00;COM VÍTIMA;FINALIZADA;MADALENA;EST DOS REMEDIOS;;AV ENGENHEIRO ABDIAS DE CARVALHO;PROX A MADALENA;MADALENA;;;COLISÃO TRASEIRA;1,0;1,0;0,0;0,0;0,0;0,0;0,0;0,0;0,0;1,0;0,0;;;;;;;;;;;;;
202322100,0;2023-09-23;12:47:00;SEM VÍTIMA;FINALIZADA;IMBIRIBEIRA;RUA ALVARO AMORIM;208;RUA ARQUITETO LUIZ NUNES;EM FRENTE AO NÚMERO 208;IMBIRIBEIRA;;SUBURBIO;COLISÃO TRASEIRA;2,0;0,0;0,0;0,0;0,0;0,0;0,0;0,0;0,0;0,0;0,0;;;;;;;;;;;;;
202322103,0;2023-09-23;01:38:00;COM VÍTIMA;FINALIZADA;BARRO;RUA BARAO DE LADARIO;127;;PROXIMO AO HOTEL OLYMPIKUS;BARRO;;;COLISÃO;0,0;1,0;0,0;0,0;0,0;0,0;0,0;0,0;0,0;1,0;0,0;;;;;;;;;;;;;
202322111,0;2023-09-23;05:04:00;COM VÍTIMA;FINALIZADA;AREIAS;AV RECIFE;4841;;EM FRENTE AO CARREFOUR /SENTIDO CEASA;AREIAS;;;QUEDA;0,0;1,0;0,0;0,0;0,0;0,0;0,0;0,0;0,0;1,0;0,0;;;;;;;;;;;;;
202322116,0;2023-09-23;05:35:00;COM VÍTIMA;FINALIZADA;ESTANCIA;RUA MORAIS E SILVA;548;;EM FRENTE A GALERIA MARGARIDA;ESTANCIA;;;COLISÃO LATERAL;1,0;1,0;0,0;0,0;0,0;0,0;0,0;0,0;0,0;2,0;0,0;;;;;;;;;;;;;
202322119,0;2023-09-23;06:26:00;COM VÍTIMA;FINALIZADA;ARRUDA;AV BEBERIBE;;;ESTADIO CLUBE  DO SANTA CRUZ;ARRUDA;;;COLISÃO;0,0;1,0;0,0;0,0;0,0;0,0;0,0;0,0;0,0;1,0;0,0;;;;;;;;;;;;;
202322127,0;2023-09-23;06:42:00;COM VÍTIMA;CANCELADA;IMBIRIBEIRA;AV MARECHAL MASCARENHAS DE MORAES;18;;ANTES DO ATACADÃO SENTIDO AEROPORTO;IMBIRIBEIRA;;;COLISÃO;0,0;1,0;0,0;0,0;0,0;0,0;0,0;0,0;0,0;1,0;0,0;;;;;;;;;;;;;