Protocolo;data;hora;natureza;situacao;bairro;endereco;numero;detalhe_endereco_acidente;complemento;bairro_cruzamento;num_semaforo;sentido_via;tipo;auto;moto;ciclom;ciclista;pedestre;onibus;caminhao;viatura;outros;vitimas;vitimasfatais;acidente_verificado;tempo_clima;situacao_semaforo;sinalizacao;condicao_via;conservacao_via;ponto_controle;situacao_placa;velocidade_max_via;mao_direcao;divisao_via1;divisao_via2;divisao_via3
202322128,0;2023-09-23;07:04:00;COM VÍTIMA;FINALIZADA;MADALENA;RUA REAL DA TORRE;;;APÓS O PONTO DO AÇAI, EM FRENTE AO POSTO DE GASOLINA SETA;MADALENA;;;COLISÃO;0,0;1,0;0,0;0,0;0,0;0,0;0,0;0,0;0,0;1,0;0,0;;;;;;;;;;;;;
202322132,0;2023-09-23;07:39:00;SEM VÍTIMA;CANCELADA;MADALENA;RUA BENFICA;;;COM A ESTRADA DOS REMENDIOS;MADALENA;;;COLISÃO;1,0;1,0;0,0;0,0;0,0;0,0;0,0;0,0;0,0;0,0;0,0;;;;;;;;;;;;;
202322135,0;2023-09-23;07:56:00;COM VÍTIMA;FINALIZADA;PORTO DA MADEIRA;AV BEBERIBE;;;E/F AO BAR DALVA D'OLIVEIRA;PORTO DA MADEIRA;;;COLISÃO;0,0;1,0;0,0;0,0;0,0;0,0;0,0;0,0;0,0;1,0;0,0;;;;;;;;;;;;;
202322140,0;2023-09-23;08:32:00;COM VÍTIMA;CANCELADA;AFOGADOS;RUA JOSE MIRANDA;2;;EM FRENTE A TABACARIA VINTE DE ABRIL, ANTES DO BAR ARRETADO DE BOM;AFOGADOS;;;COLISÃO;0,0;1,0;0,0;0,0;0,0;0,0;0,0;0,0;0,0;1,0;0,0;;;;;;;;;;;;;
202322141,0;2023-09-23;08:58:00;COM VÍTIMA;CANCELADA;CASA FORTE;AV DEZESSETE DE AGOSTO;;;E/F AO SHOPPING PLAZA E BANCO DO BRASIL;CASA FORTE;;SUBURBIO;QUEDA;0,0;1,0;0,0;0,0;0,0;0,0;0,0;0,0;0,0;1,0;0,0;;;;;;;;;;;;;
202322143,0;2023-09-23;09:39:00;COM VÍTIMA;FINALIZADA;MANGABEIRA;AV NORTE MIGUEL ARRAES DE ALENCAR;4607;;PRÓXIMO À ENTRADA DA MANGABEIRA;MANGABEIRA;;;COLISÃO TRASEIRA;1,0;1,0;0,0;0,0;0,0;0,0;0,0;0,0;0,0;1,0;0,0;;;;;;;;;;;;;
202322146,0;2023-09-23;10:05:00;COM VÍTIMA;CANCELADA;IBURA;AV DOIS RIOS;578;;PRÓXIMO A FREVO  E IGREJA EVANGELICA EL SHADAI;IBURA;;;COLISÃO;1,0;1,0;0,0;0,0;0,0;0,0;0,0;0,0;0,0;1,0;0,0;;;;;;;;;;;;;
202322148,0;2023-09-23;11:00:00;COM VÍTIMA;CANCELADA;BOA VIAGEM;AV BOA VIAGEM;560;;EM FRENTE AO RESTAURANTE CASQUINHO DO TIO;BOA VIAGEM;;;COLISÃO TRASEIRA;2,0;1,0;0,0;0,0;0,0;0,0;0,0;0,0;0,0;1,0;0,0;;;;;;;;;;;;;
202322149,0;2023-09-23;11:30:00;COM VÍTIMA;FINALIZADA;BOA VIAGEM;RUA JOAO DIAS MARTINS;255;;APÓS O MAR HOTEL;BOA VIAGEM;;;COLISÃO LATERAL;2,0;0,0;0,0;0,0;0,0;0,0;0,0;0,0;0,0;1,0;0,0;;;;;;;;;;;;;
202322150,0;2023-09-23;11:40:00;SEM VÍTIMA;FINALIZADA;SANTO AMARO;AV CRUZ CABUGA;;;MERCADO DE SANTO AMARO;SANTO AMARO;;SUBURBIO;CHOQUE;1,0;0,0;0,0;0,0;0,0;0,0;0,0;0,0;0,0;0,0;0,0;;;;;;;;;;;;;
202322151,0;2023-09-24;12:32:00;COM VÍTIMA;CANCELADA;DOIS UNIDOS;AV HILDEBRANDO DE VASCONCELOS;1619;;NA ENTRADA DE DOIS UNIDOS, NA PONTE;DOIS UNIDOS;;;COLISÃO;0,0;0,0;0,0;0,0;0,0;0,0;0,0;0,0;0,0;1,0;0,0;;;;;;;;;;;;;
202322156,0;2023-09-24;06:12:00;COM VÍTIMA;FINALIZADA;IBURA;AV PERNAMBUCO;;;UR 3 / NA CURVA ANTES DA HAMBURGUERIA TITANIUM / PX AO COLEGIO POLE VALENTE;IBURA;;;COLISÃO LATERAL;0,0;1,0;0,0;0,0;0,0;0,0;0,0;0,0;0,0;1,0;0,0;;;;;;;;;;;;;
202322168,0;2023-09-24;09:10:00;COM VÍTIMA;FINALIZADA;AREIAS;AV DR JOSE RUFINO;1495;;EM  FRENTE A IGREJA PRESBITERIANA;AREIAS;;;COLISÃO LATERAL;1,0;1,0;0,0;0,0;0,0;0,0;0,0;0,0;0,0;1,0;0,0;;;;;;;;;;;;;
202322169,0;2023-09-24;09:17:00;COM VÍTIMA;FINALIZADA;CABANGA;RUA NOVA DA CABANGA;;;PROX AO CAMPO DE FUTEBOL E AO VIADUTO CAPITAO TEMUDO;CABANGA;;;COLISÃO LATERAL;0,0;1,0;0,0;0,0;0,0;0,0;0,0;0,0;0,0;1,0;0,0;;;;;;;;;;;;;
202322187,0;2023-09-24;01:41:00;COM VÍTIMA;FINALIZADA;FUNDAO;RUA CORONEL URBANO RIBEIRO DE SENA;2696;;AO ALDO A PADARIA SUBLIME PÃO;FUNDAO;;;ATROPELAMENTO DE PESSOA;0,0;0,0;0,0;0,0;1,0;0,0;1,0;0,0;0,0;1,0;0,0;;;;;;;;;;;;;
202322200,0;2023-09-24;04:58:00;COM VÍTIMA;FINALIZADA;BOA VIAGEM;AV ENGENHEIRO DOMINGOS FERREIRA;2284;;E/F A FARMACIA PAGUE MENOS;BOA VIAGEM;;;COLISÃO TRASEIRA;1,0;1,0;0,0;0,0;0,0;0,0;0,0;0,0;0,0;1,0;0,0;;;;;;;;;;;;;
202322202,0;2023-09-24;05:03:00;COM VÍTIMA;FINALIZADA;BAIRRO DO RECIFE;CAIS DO APOLO;;AV MILITAR;PROXIMO A PCR;BAIRRO DO RECIFE;;;COLISÃO;1,0;0,0;0,0;0,0;0,0;0,0;0,0;0,0;0,0;1,0;0,0;;;;;;;;;;;;;
202322210,0;2023-09-24;08:07:00;COM VÍTIMA;FINALIZADA;CASA AMARELA;RUA PROFESSOR ALVARO LIMA;1284;;EST DO ENCANAMENTO;CASA AMARELA;;;COLISÃO LATERAL;1,0;1,0;0,0;0,0;0,0;0,0;0,0;0,0;0,0;1,0;0,0;;;;;;;;;;;;;
202322232,0;2023-09-25;06:55:00;COM VÍTIMA;FINALIZADA;CAXANGA;AV CAXANGA;5034;;PROX. A IGREJA ASSEMBLEIA DE DEUS  NOVAS DE PAZ;CAXANGA;;;COLISÃO LATERAL;0,0;1,0;0,0;0,0;0,0;0,0;0,0;1,0;0,0;1,0;0,0;;;;;;;;;;;;;
202322233,0;2023-09-25;07:09:00;COM VÍTIMA;FINALIZADA;SANTO AMARO;AV DR JAYME DA FONTE;;;AO LADO DA COMPESA;SANTO AMARO;;;COLISÃO LATERAL;1,0;1,0;0,0;0,0;0,0;0,0;0,0;0,0;0,0;1,0;0,0;;;;;;;;;;;;;
202322241,0;2023-09-25;09:10:00;COM VÍTIMA;FINALIZADA;JAQUEIRA;RUA MUNIZ TAVARES;;;PROX. A PRAÇA FLEMING E PET SHOP CÃO Q RI;JAQUEIRA;;;COLISÃO LATERAL;0,0;1,0;0,0;0,0;0,0;0,0;0,0;0,0;0,0;1,0;0,0;;;;;;;;;;;;;
202322250,0;2023-09-25;10:11:00;COM VÍTIMA;FINALIZADA;SAO JOSE;AV SUL;;;PROX AO QUARTEL DA ROCAN;SAO JOSE;;;COLISÃO TRASEIRA;0,0;1,0;0,0;0,0;0,0;0,0;0,0;0,0;0,0;1,0;0,0;;;;;;;;;;;;;
202322256,0;2023-09-25;10:58:00;SEM VÍTIMA;FINALIZADA;SANTO AMARO;AV CRUZ CABUGA;767;;LADO OPOSTO A CASA DA INDÚSTRIA;SANTO AMARO;;SUBURBIO;CHOQUE;0,0;0,0;0,0;0,0;0,0;0,0;0,0;0,0;1,0;0,0;0,0;;;;;;;;;;;;;
202322263,0;2023-09-25;12:09:00;COM VÍTIMA;FINALIZADA;IMBIRIBEIRA;RUA ARQUITETO LUIZ NUNES;;;AO LADO ESCOLA ANITA GARIBALDA / PROX A LAGOA DO ARAÇA;IMBIRIBEIRA;632,0;;COLISÃO TRASEIRA;0,0;1,0;0,0;0,0;0,0;0,0;0,0;0,0;0,0;1,0;0,0;;;;;;;;;;;;;
202322267,0;2023-09-25;12:35:00;COM VÍTIMA;FINALIZADA;BOA VIAGEM;RUA DOS NAVEGANTES;;;PROX AO EDIFICIO ANDA LUCIA;BOA VIAGEM;;;COLISÃO;0,0;1,0;0,0;0,0;0,0;0,0;0,0;0,0;0,0;1,0;0,0;;;;;;;;;;;;;
202322269,0;2023-09-25;12:58:00;COM VÍTIMA;FINALIZADA;BOA VIAGEM;AV CONSELHEIRO AGUIAR;;RUA FELIX DE BRITO E MELO;POR TRAS DA PADARIA BOA VIAGEM;BOA VIAGEM;;;ATROPELAMENTO DE PESSOA;1,0;0,0;0,0;0,0;1,0;0,0;0,0;0,0;0,0;1,0;0,0;;;;;;;;;;;;;
202322272,0;2023-09-25;01:22:00;COM VÍTIMA;FINALIZADA;SAO JOSE;RUA FLORIANO PEIXOTO;3128;;AO LADO DA CASA DA CULTURA / PROXIMO A ESTAÇÃO DO METRO DO RECIFE;SAO JOSE;;;COLISÃO FRONTAL;1,0;1,0;0,0;0,0;0,0;0,0;0,0;0,0;0,0;1,0;0,0;;;;;;;;;;;;;
202322274,0;2023-09-25;01:56:00;COM VÍTIMA;FINALIZADA;BEBERIBE;RUA COMPOSITOR VINICIUS DE MORAIS;189;;POR TRAS DO MERCADO DE BEBERIBE NA PISTA NOVA;BEBERIBE;;;COLISÃO;0,0;1,0;0,0;0,0;0,0;0,0;0,0;0,0;0,0;1,0;0,0;;;;;;;;;;;;;
202322278,0;2023-09-25;02:17:00;COM VÍTIMA;FINALIZADA;CORDEIRO;AV MAURICIO DE NASSAU;685;;PROXIMO AO GOE;CORDEIRO;;;COLISÃO LATERAL;1,0;1,0;0,0;0,0;0,0;0,0;0,0;0,0;0,0;1,0;0,0;;;;;;;;;;;;;
202322280,0;2023-09-25;02:40:00;COM VÍTIMA;FINALIZADA;MADALENA;RUA REAL DA TORRE;256;;DEPOIS DO MERCADO DA MADALENA E PROX A MARCOS EQUIPADORA  ANTES DO TUNEL DA ABOLIÇÃO;MADALENA;;;COLISÃO;2,0;0,0;0,0;0,0;0,0;0,0;0,0;0,0;0,0;1,0;0,0;;;;;;;;;;;;;
202322283,0;2023-09-25;03:54:00;COM VÍTIMA;FINALIZADA;PRADO;RUA RICARDO SALAZAR;178;;GIRADOURO PROXIMO AO SALÃO DE BELEZA NETO;PRADO;;;COLISÃO;0,0;1,0;0,0;0,0;0,0;0,0;0,0;0,0;0,0;1,0;0,0;;;;;;;;;;;;;
202322289,0;2023-09-25;05:07:00;COM VÍTIMA;FINALIZADA;IMBIRIBEIRA;AV MARECHAL MASCARENHAS DE MORAES;4561;;AO LADO DA TOYOTA S/T AFOGADOS;IMBIRIBEIRA;;;COLISÃO LATERAL;1,0;1,0;0,0;0,0;0,0;0,0;0,0;0,0;0,0;1,0;0,0;;;;;;;;;;;;;
202322295,0;2023-09-25;05:47:00;COM VÍTIMA;FINALIZADA;BONGI;AV ENGENHEIRO ABDIAS DE CARVALHO;1264;;FACULDADE ESTACIO;BONGI;;;COLISÃO;0,0;1,0;0,0;0,0;0,0;0,0;0,0;0,0;0,0;1,0;0,0;;;;;;;;;;;;;
202322296,0;2023-09-25;06:11:00;COM VÍTIMA;FINALIZADA;HIPODROMO;RUA MARQUES DE BAIPENDI;140;;PROXIMO AO CALDINHO DA ZEZE;HIPODROMO;;;COLISÃO;0,0;1,0;0,0;0,0;0,0;0,0;0,0;0,0;0,0;1,0;0,0;;;;;;;;;;;;;
202322300,0;2023-09-25;06:22:00;COM VÍTIMA;FINALIZADA;PAISSANDU;AV GOVERNADOR AGAMENON MAGALHAES;2209;;MEMORIAL SÃO JOSE;PAISSANDU;;;COLISÃO;0,0;1,0;0,0;0,0;0,0;0,0;0,0;0,0;0,0;1,0;0,0;;;;;;;;;;;;;
202322308,0;2023-09-25;06:46:00;COM VÍTIMA;CANCELADA;ARRUDA;AV BEBERIBE;;;FEIRA NOVA DE AGUA FRIA;ARRUDA;;;COLISÃO;0,0;1,0;0,0;0,0;0,0;0,0;0,0;0,0;0,0;1,0;0,0;;;;;;;;;;;;;
202322314,0;2023-09-25;11:38:00;COM VÍTIMA;CANCELADA;JIQUIA;RUA SAO MIGUEL;;;PRÓXIMO AO BODE DO NÔ;JIQUIA;;;COLISÃO TRANSVERSAL;1,0;1,0;0,0;0,0;0,0;0,0;0,0;0,0;0,0;2,0;0,0;;;;;;;;;;;;;
202322317,0;2023-09-26;01:14:00;COM VÍTIMA;FINALIZADA;DERBY;PRC PROFESSOR AGAMENON MAGALHAES;;;COM A AV GOV CARLOS DE LIMA  CAVALCANTI;DERBY;;;COLISÃO TRANSVERSAL;0,0;2,0;0,0;0,0;0,0;0,0;0,0;0,0;0,0;1,0;0,0;;;;;;;;;;;;;
202322326,0;2023-09-26;06:19:00;COM VÍTIMA;FINALIZADA;BOA VIAGEM;AV ENGENHEIRO DOMINGOS FERREIRA;;RUA PADRE BERNADINO PESSOA;NO SEMAFORO 144;BOA VIAGEM;;;COLISÃO COM CICLISTA;1,0;0,0;0,0;1,0;0,0;0,0;0,0;0,0;0,0;1,0;0,0;;;;;;;;;;;;;
202322345,0;2023-09-26;07:47:00;COM VÍTIMA;FINALIZADA;DERBY;AV GOVERNADOR AGAMENON MAGALHAES;;RUA JOAQUIM NABUCO;;DERBY;174,0;;COLISÃO TRANSVERSAL;1,0;1,0;0,0;0,0;0,0;0,0;0,0;0,0;0,0;1,0;0,0;;;;;;;;;;;;;
202322348,0;2023-09-26;08:14:00;COM VÍTIMA;FINALIZADA;TORROES;RUA ZUMBI DOS PALMARES;;;PROX AO MERCADINHO VEM QUE TEM / PROX AO DEPOSITO BRASIL GÁS;TORROES;;;COLISÃO;0,0;1,0;0,0;0,0;0,0;0,0;0,0;0,0;0,0;1,0;0,0;;;;;;;;;;;;;
202322357,0;2023-09-26;08:50:00;COM VÍTIMA;FINALIZADA;IPUTINGA;AV MAURICIO DE NASSAU;;;PROX AO SUPERMERCADO RENDE MAIS;IPUTINGA;;;COLISÃO;1,0;1,0;0,0;0,0;1,0;0,0;0,0;0,0;0,0;1,0;0,0;;;;;;;;;;;;;
202322380,0;2023-09-26;01:14:00;COM VÍTIMA;FINALIZADA;BAIRRO DO RECIFE;AV MILITAR;550;;POSTO DE GASOLINA // PREFEITURA DO RECIFE;BAIRRO DO RECIFE;;;COLISÃO;0,0;1,0;0,0;0,0;0,0;0,0;0,0;0,0;0,0;1,0;0,0;;;;;;;;;;;;;
202322386,0;2023-09-26;01:55:00;COM VÍTIMA;FINALIZADA;CAMPO GRANDE;EST DE BELEM;848;;PX AO POSTO PETRONAC // PX A MULTIBOM // EM FRENTE A CLÍNICA CENTRAL;CAMPO GRANDE;;;COLISÃO;2,0;0,0;0,0;0,0;0,0;0,0;0,0;0,0;0,0;1,0;0,0;;;;;;;;;;;;;
202322387,0;2023-09-26;02:01:00;COM VÍTIMA;FINALIZADA;PAISSANDU;AV GOVERNADOR AGAMENON MAGALHAES;;;EM FRENTE AO HOSPITAL PORTUGUES;PAISSANDU;;;COLISÃO LATERAL;1,0;1,0;0,0;0,0;0,0;0,0;0,0;0,0;0,0;1,0;0,0;;;;;;;;;;;;;
202322394,0;2023-09-26;02:48:00;COM VÍTIMA;FINALIZADA;IBURA;RUA FRANCISCO BELTRAO;474;;CONSELHO TUTELAR // SUBINDO A LADEIRA;IBURA;;;COLISÃO;0,0;1,0;0,0;0,0;0,0;0,0;0,0;0,0;0,0;1,0;0,0;;;;;;;;;;;;;
202322395,0;2023-09-26;02:48:00;COM VÍTIMA;FINALIZADA;MACAXEIRA;AV NORTE MIGUEL ARRAES DE ALENCAR;5797;;PROX A PRAÇA DA MACAXEIRA;MACAXEIRA;;;COLISÃO;0,0;1,0;0,0;0,0;0,0;0,0;0,0;0,0;0,0;1,0;0,0;;;;;;;;;;;;;
202322397,0;2023-09-26;02:52:00;SEM VÍTIMA;FINALIZADA;DOIS UNIDOS;RUA ALTO DO MARACANA;400;;PADARIA ALTO DO MARACANA;DOIS UNIDOS;;;COLISÃO;2,0;0,0;0,0;0,0;0,0;0,0;0,0;0,0;0,0;0,0;0,0;;;;;;;;;;;;;
202322402,0;2023-09-26;03:58:00;COM VÍTIMA;FINALIZADA;IMBIRIBEIRA;RUA SARGENTO SILVINO DE MACEDO;378;;POR TRAZ DO VIA CLUBE // MOTEL FANTASY;IMBIRIBEIRA;;;COLISÃO;0,0;1,0;0,0;0,0;0,0;0,0;0,0;0,0;0,0;1,0;0,0;;;;;;;;;;;;;
202322404,0;2023-09-26;04:22:00;COM VÍTIMA;FINALIZADA;PINA;AV REPUBLICA DO LIBANO;419;;SHOOPING RIO MAR;PINA;;;COLISÃO;0,0;1,0;0,0;0,0;0,0;0,0;0,0;0,0;0,0;1,0;0,0;;;;;;;;;;;;;
202322405,0;2023-09-26;04:28:00;COM VÍTIMA;FINALIZADA;SANTO AMARO;AV CRUZ CABUGA;1899;;PRAÇA TACARUNA OPOSTO A ESTACAO BRT;SANTO AMARO;;;COLISÃO;1,0;1,0;0,0;0,0;0,0;0,0;0,0;0,0;0,0;1,0;0,0;;;;;;;;;;;;;
202322416,0;2023-09-26;07:29:00;COM VÍTIMA;FINALIZADA;ROSARINHO;AV NORTE MIGUEL ARRAES DE ALENCAR;;AV SANTOS DUMONT;PRÓXIMO A PADARIA ROSARINHO;ROSARINHO;;;COLISÃO;0,0;0,0;0,0;0,0;0,0;0,0;0,0;0,0;0,0;1,0;0,0;;;;;;;;;;;;;
202322421,0;2023-09-26;09:28:00;COM VÍTIMA;FINALIZADA;DOIS IRMAOS;RUA MANUEL DE MEDEIROS;93;;APÓS A UNIVERSIDADE RURAL;DOIS IRMAOS;;;COLISÃO;0,0;1,0;0,0;0,0;0,0;0,0;0,0;0,0;0,0;1,0;0,0;;;;;;;;;;;;;
202322445,0;2023-09-27;07:28:00;COM VÍTIMA;FINALIZADA;IMBIRIBEIRA;AV MARECHAL MASCARENHAS DE MORAES;;;EM FRENTE A POSTO DE COMBUSTIVEL IPIRANGA SENTIDO AEROPORTO / EM FRENTE A LOJA GRILO;IMBIRIBEIRA;;;QUEDA;0,0;1,0;0,0;0,0;0,0;0,0;0,0;0,0;0,0;1,0;0,0;;;;;;;;;;;;;
202322446,0;2023-09-27;07:43:00;COM VÍTIMA;FINALIZADA;CAMPO GRANDE;RUA SAO CAETANO;;RUA PROFESSOR FRANCISCO DA TRINDADE;PROX. AO CLUBE DAS PAS;CAMPO GRANDE;;;COLISÃO LATERAL;0,0;1,0;0,0;0,0;0,0;0,0;0,0;0,0;0,0;1,0;0,0;;;;;;;;;;;;;
202322447,0;2023-09-27;07:46:00;COM VÍTIMA;FINALIZADA;VARZEA;AV AFONSO OLINDENSE;;;PROX. A SECRETARIA DE EDUCAÇÃO;VARZEA;;;COLISÃO LATERAL;0,0;1,0;0,0;0,0;0,0;0,0;0,0;0,0;0,0;1,0;0,0;;;;;;;;;;;;;
202322454,0;2023-09-27;08:49:00;COM VÍTIMA;DUPLICIDADE;SANTO AMARO;RUA DOS PALMARES;;;;SANTO AMARO;;;COLISÃO LATERAL;0,0;0,0;0,0;0,0;0,0;0,0;0,0;0,0;0,0;1,0;0,0;;;;;;;;;;;;;
202322455,0;2023-09-27;08:52:00;COM VÍTIMA;FINALIZADA;SANTO AMARO;AV MARIO MELO;;;PRÓX A ESQUINA DO CEMITÉRIO DE SANTO AMARO;SANTO AMARO;;;COLISÃO;1,0;1,0;0,0;0,0;0,0;0,0;0,0;0,0;0,0;1,0;0,0;;;;;;;;;;;;;
202322462,0;2023-09-27;10:08:00;COM VÍTIMA;FINALIZADA;IPUTINGA;EST DO BARBALHO;;;PARALELA COM ANTIGO BOMPREÇO DA CAXANGA;IPUTINGA;;;COLISÃO;1,0;1,0;0,0;0,0;0,0;0,0;0,0;0,0;0,0;1,0;0,0;;;;;;;;;;;;;
202322470,0;2023-09-27;11:37:00;COM VÍTIMA;FINALIZADA;AFOGADOS;RUA QUITERIO INACIO DE MELLO;234;;EM FRENTE A LOJA BRASIL;AFOGADOS;;;QUEDA;0,0;1,0;0,0;0,0;0,0;0,0;0,0;0,0;0,0;1,0;0,0;;;;;;;;;;;;;
202322478,0;2023-09-27;12:50:00;COM VÍTIMA;FINALIZADA;IPUTINGA;AV MAURICIO DE NASSAU;;RUA N S DA SAUDE;PROX AO PARQUE DO CAIARA;IPUTINGA;88,0;;COLISÃO COM CICLISTA;0,0;1,0;0,0;1,0;0,0;0,0;0,0;0,0;0,0;1,0;0,0;;;;;;;;;;;;;
202322482,0;2023-09-27;01:36:00;COM VÍTIMA;FINALIZADA;BOA VIAGEM;RUA JOAQUIM BANDEIRA;10;;E/F A MARFEMA MATERIAIS  ELETRICOS    E A ESTAÇAO ANTONIO FALCAO;BOA VIAGEM;;;COLISÃO TRASEIRA;1,0;1,0;0,0;0,0;0,0;0,0;0,0;0,0;0,0;1,0;0,0;;;;;;;;;;;;;
202322490,0;2023-09-27;02:16:00;COM VÍTIMA;FINALIZADA;BOA VISTA;RUA DOM BOSCO;;;EM FRENTE AO ESTACIONAMENTO SANPARK;BOA VISTA;;;COLISÃO;1,0;1,0;0,0;0,0;0,0;0,0;0,0;0,0;0,0;1,0;0,0;;;;;;;;;;;;;
202322491,0;2023-09-27;02:21:00;COM VÍTIMA;FINALIZADA;IMBIRIBEIRA;AV RECIFE;14603;;CHURRASCARIA SAL E BRASA // VIADUTO TRANQUEDO NEVES;IMBIRIBEIRA;;;COLISÃO LATERAL;0,0;1,0;0,0;0,0;0,0;0,0;0,0;0,0;0,0;1,0;0,0;;;;;;;;;;;;;
202322504,0;2023-09-27;04:43:00;COM VÍTIMA;FINALIZADA;VARZEA;RUA ANTONIO PEREIRA;315;;PROXIMO AO TIP;VARZEA;;;COLISÃO FRONTAL;0,0;1,0;0,0;0,0;0,0;1,0;0,0;0,0;0,0;2,0;0,0;;;;;;;;;;;;;
202322514,0;2023-09-27;05:52:00;COM VÍTIMA;FINALIZADA;VARZEA;RUA GASTAO VIDIGAL;;;UPA DA CAXANGÁ;VARZEA;;;COLISÃO COM CICLISTA;1,0;0,0;0,0;1,0;0,0;0,0;0,0;0,0;0,0;1,0;0,0;;;;;;;;;;;;;
202322516,0;2023-09-27;06:06:00;COM VÍTIMA;FINALIZADA;IMBIRIBEIRA;AV MARECHAL MASCARENHAS DE MORAES;291;;IDRA IPV;IMBIRIBEIRA;;;COLISÃO;0,0;1,0;0,0;1,0;0,0;0,0;0,0;0,0;0,0;1,0;0,0;;;;;;;;;;;;;
202322519,0;2023-09-27;06:13:00;COM VÍTIMA;FINALIZADA;AFOGADOS;EST DOS REMEDIOS;372;;E/F NOVO ATACAREJO;AFOGADOS;;;COLISÃO;0,0;1,0;0,0;0,0;0,0;0,0;0,0;0,0;0,0;1,0;0,0;;;;;;;;;;;;;
202322536,0;2023-09-27;08:21:00;COM VÍTIMA;CANCELADA;MADALENA;RUA JOSE BONIFACIO;;;EM FRENTE AO RESTAURANTE JOÃO DA CARNE DE SOL;MADALENA;;;COLISÃO TRASEIRA;1,0;1,0;0,0;0,0;0,0;0,0;0,0;0,0;0,0;1,0;0,0;;;;;;;;;;;;;
202322537,0;2023-09-27;09:05:00;COM VÍTIMA;FINALIZADA;ARRUDA;RUA DAS MOCAS;;RUA ZEFERINO AGRA;E/F AO RESTAURANTE KA COLÉ;ARRUDA;;;COLISÃO LATERAL;1,0;1,0;0,0;0,0;0,0;0,0;0,0;0,0;0,0;1,0;0,0;;;;;;;;;;;;;
202322571,0;2023-09-28;07:27:00;COM VÍTIMA;FINALIZADA;ESPINHEIRO;AV GOVERNADOR AGAMENON MAGALHAES;;;PROX. AO CLUBE PORTUGUES E MC´DONALD;ESPINHEIRO;;;COLISÃO LATERAL;0,0;1,0;0,0;0,0;0,0;0,0;0,0;0,0;0,0;1,0;0,0;;;;;;;;;;;;;
202322607,0;2023-09-28;11:25:00;COM VÍTIMA;FINALIZADA;ESPINHEIRO;RUA DR FERNANDO ALLAIN;;RUA MARQUES DO PARANA;POR TRÁS DO MINISTERIO DO TRABALHO / PROX AO MARTELINHO DE OURO;ESPINHEIRO;;;COLISÃO;1,0;1,0;0,0;0,0;0,0;0,0;0,0;0,0;0,0;1,0;0,0;;;;;;;;;;;;;
202322609,0;2023-09-28;12:14:00;COM VÍTIMA;FINALIZADA;ENCRUZILHADA;AV JOAO DE BARROS;1629;;EM FRENTE A FEDERAÇÃO ESPÍRITA PERNAMBUCANA;ENCRUZILHADA;;;COLISÃO;1,0;1,0;0,0;0,0;0,0;0,0;0,0;0,0;0,0;1,0;0,0;;;;;;;;;;;;;
202322610,0;2023-09-28;12:35:00;COM VÍTIMA;DUPLICIDADE;VARZEA;AV PROFESSOR ARTUR DE SA;;;PROXIMO AO SEMITERIO DA VARZEA;VARZEA;;;COLISÃO FRONTAL;1,0;0,0;0,0;0,0;0,0;0,0;0,0;0,0;0,0;1,0;0,0;;;;;;;;;;;;;
202322612,0;2023-09-28;12:43:00;COM VÍTIMA;FINALIZADA;CIDADE UNIVERSITARIA;AV PROFESSOR ARTUR DE SA;1134;;PROXIMO AO BAR DA KELLY E AO CEMITERIO DA VARZEA;CIDADE UNIVERSITARIA;;;COLISÃO LATERAL;0,0;1,0;0,0;0,0;0,0;0,0;0,0;0,0;0,0;1,0;0,0;;;;;;;;;;;;;
202322620,0;2023-09-28;01:42:00;COM VÍTIMA;FINALIZADA;BOA VIAGEM;RUA BALTAZAR PASSOS;383;;PROXIMO A CULTURA INGLEZA // PADARIA PAN JOVEM;BOA VIAGEM;;;COLISÃO;0,0;1,0;0,0;0,0;0,0;0,0;0,0;0,0;0,0;1,0;0,0;;;;;;;;;;;;;
202322634,0;2023-09-28;03:33:00;COM VÍTIMA;FINALIZADA;BOA VIAGEM;RUA PROFESSOR JOSE BRANDAO;269;;E/F AO EDF RIO SENA  ESQUINA DA  CLINICA ARMINDO MOURA;BOA VIAGEM;;;ATROPELAMENTO DE PESSOA;1,0;0,0;0,0;0,0;3,0;0,0;0,0;0,0;0,0;1,0;0,0;;;;;;;;;;;;;
202322636,0;2023-09-28;03:50:00;COM VÍTIMA;FINALIZADA;IMBIRIBEIRA;AV SUL;S/N;;EM BAIXO DO VIADUTO TANCREDO NEVES E PROXIMO A ESTAÇÃO TANCREDO NEVES;IMBIRIBEIRA;;;COLISÃO FRONTAL;0,0;1,0;0,0;0,0;0,0;1,0;0,0;0,0;0,0;1,0;0,0;;;;;;;;;;;;;
202322638,0;2023-09-28;04:00:00;COM VÍTIMA;FINALIZADA;TORRE;RUA REAL DA TORRE;S/N;;PROXIMO A LOJA DA SHINERAY;TORRE;;;COLISÃO;0,0;1,0;0,0;0,0;0,0;0,0;0,0;0,0;0,0;1,0;0,0;;;;;;;;;;;;;