Protocolo;data;hora;natureza;situacao;bairro;endereco;numero;detalhe_endereco_acidente;complemento;bairro_cruzamento;num_semaforo;sentido_via;tipo;auto;moto;ciclom;ciclista;pedestre;onibus;caminhao;viatura;outros;vitimas;vitimasfatais;acidente_verificado;tempo_clima;situacao_semaforo;sinalizacao;condicao_via;conservacao_via;ponto_controle;situacao_placa;velocidade_max_via;mao_direcao;divisao_via1;divisao_via2;divisao_via3
202322641,0;2023-09-28;04:36:00;COM VÍTIMA;FINALIZADA;SANTO AMARO;AV CRUZ CABUGA;;;EMBAIXO DO VIADUTO  DO TACARUNA ENGENHEIRO ROBERTO  PEREIRA DE CARVALHO;SANTO AMARO;;;COLISÃO TRASEIRA;1,0;1,0;0,0;0,0;0,0;0,0;0,0;0,0;0,0;1,0;0,0;;;;;;;;;;;;;
202322653,0;2023-09-28;07:06:00;COM VÍTIMA;FINALIZADA;JOANA BEZERRA;PTE JOAQUIM CARDOSO;;TRV DO RAPOSO;;JOANA BEZERRA;;;COLISÃO;1,0;1,0;0,0;0,0;0,0;0,0;0,0;0,0;0,0;1,0;0,0;;;;;;;;;;;;;
202322655,0;2023-09-28;07:32:00;COM VÍTIMA;FINALIZADA;JOANA BEZERRA;VIADUTO CAPITAO TEMUDO;;;;JOANA BEZERRA;;;QUEDA;0,0;1,0;0,0;0,0;0,0;0,0;0,0;0,0;0,0;1,0;0,0;;;;;;;;;;;;;
202322679,0;2023-09-29;07:15:00;COM VÍTIMA;FINALIZADA;CABANGA;PTE GOVERNADOR PAULO GUERRA;;;APÓS AO CABANGA / SOBRE O VIADUTO DO PAULO GUERRA;CABANGA;;;QUEDA;0,0;1,0;0,0;0,0;0,0;0,0;0,0;0,0;0,0;2,0;0,0;;;;;;;;;;;;;
202322688,0;2023-09-29;08:27:00;COM VÍTIMA;FINALIZADA;ENCRUZILHADA;AV BEBERIBE;335;;EM FRENTE AO BANCO DO BRASIL;ENCRUZILHADA;;;COLISÃO LATERAL;0,0;2,0;0,0;0,0;0,0;0,0;0,0;0,0;0,0;2,0;0,0;;;;;;;;;;;;;
202322695,0;2023-09-29;09:34:00;COM VÍTIMA;FINALIZADA;CASA AMARELA;RUA PADRE LEMOS;;;EM FRENTE A MATIAS PEÇAS;CASA AMARELA;;;COLISÃO LATERAL;1,0;1,0;0,0;0,0;0,0;0,0;0,0;0,0;0,0;1,0;0,0;;;;;;;;;;;;;
202322701,0;2023-09-29;10:27:00;COM VÍTIMA;FINALIZADA;DOIS IRMAOS;RUA MANUEL DE MEDEIROS;300;;PROX. AO RESTAURANTE GUARIBA;DOIS IRMAOS;;;COLISÃO COM CICLISTA;1,0;0,0;0,0;1,0;0,0;0,0;0,0;0,0;0,0;1,0;0,0;;;;;;;;;;;;;
202322703,0;2023-09-29;10:44:00;COM VÍTIMA;FINALIZADA;SANTO AMARO;RUA DA AURORA;1027;;PROX AO BANCO CENTRAL;SANTO AMARO;;;COLISÃO TRASEIRA;1,0;1,0;0,0;0,0;0,0;0,0;0,0;0,0;0,0;1,0;0,0;;;;;;;;;;;;;
202322711,0;2023-09-29;12:00:00;COM VÍTIMA;FINALIZADA;MADALENA;AV CAXANGA;;;EM FRENTE AO COMPAZ / SENTIDO CAMARAGIBE;MADALENA;;;COLISÃO;0,0;1,0;0,0;0,0;0,0;0,0;0,0;0,0;0,0;1,0;0,0;;;;;;;;;;;;;
202322726,0;2023-09-29;02:02:00;COM VÍTIMA;FINALIZADA;MUSTARDINHA;AV MANOEL GONCALVES DA LUZ;489;;E/F AO SUPERMERCADO TEM;MUSTARDINHA;;;COLISÃO LATERAL;0,0;2,0;0,0;0,0;0,0;0,0;0,0;0,0;0,0;1,0;0,0;;;;;;;;;;;;;
202322743,0;2023-09-29;04:39:00;COM VÍTIMA;FINALIZADA;TORRE;AV BEIRA RIO;1305;;AO LADO DO MARTELINHO DE OURO  E/F AO EDF AVA GARDNER;TORRE;;;COLISÃO;1,0;1,0;0,0;0,0;0,0;0,0;0,0;0,0;0,0;1,0;0,0;;;;;;;;;;;;;
202322761,0;2023-09-29;07:06:00;COM VÍTIMA;FINALIZADA;SANTO AMARO;AV GOVERNADOR AGAMENON MAGALHAES;;;APÓS O SEMÁFORO 378;SANTO AMARO;;;COLISÃO;1,0;1,0;0,0;0,0;0,0;0,0;0,0;0,0;0,0;1,0;0,0;;;;;;;;;;;;;
202322770,0;2023-09-29;08:53:00;COM VÍTIMA;FINALIZADA;VARZEA;AV CAXANGA;;;EM FRENTE A DROGRASIL;VARZEA;;;COLISÃO;0,0;1,0;0,0;0,0;0,0;0,0;0,0;0,0;0,0;3,0;0,0;;;;;;;;;;;;;
202322774,0;2023-09-29;09:37:00;COM VÍTIMA;FINALIZADA;ESPINHEIRO;RUA DO ESPINHEIRO;;;COM RUA SANTO ELIAS;ESPINHEIRO;;;COLISÃO TRANSVERSAL;1,0;1,0;0,0;0,0;0,0;0,0;0,0;0,0;0,0;1,0;0,0;;;;;;;;;;;;;
202322776,0;2023-09-29;11:51:00;COM VÍTIMA;CANCELADA;ILHA DO RETIRO;RUA JOAO ELISIO RAMOS;204;;AO LADO DO ESTÁDIO DA ILHA DO RETIRO;ILHA DO RETIRO;;;COLISÃO;0,0;1,0;0,0;0,0;0,0;0,0;0,0;0,0;0,0;1,0;0,0;;;;;;;;;;;;;
202322781,0;2023-09-30;05:50:00;COM VÍTIMA;FINALIZADA;BONGI;RUA COSME VIANA;;;COM  A RUA ALFRELDO BUARQUE;BONGI;430,0;;COLISÃO;0,0;2,0;0,0;0,0;0,0;0,0;0,0;0,0;0,0;3,0;0,0;;;;;;;;;;;;;
202322782,0;2023-09-30;06:56:00;COM VÍTIMA;FINALIZADA;IMBIRIBEIRA;AV MARECHAL MASCARENHAS DE MORAES;;;EM FRENTE A FERREIRA COSTA, SENT. AFOGADOS;IMBIRIBEIRA;;;COLISÃO LATERAL;0,0;1,0;0,0;0,0;0,0;0,0;0,0;0,0;0,0;1,0;0,0;;;;;;;;;;;;;
202322789,0;2023-09-30;06:59:00;COM VÍTIMA;FINALIZADA;TORROES;AV ENGENHEIRO ABDIAS DE CARVALHO;;;FRENTE UPA DA ABDIAS;TORROES;;;;1,0;1,0;0,0;0,0;0,0;0,0;0,0;0,0;0,0;1,0;0,0;;;;;;;;;;;;;
202322800,0;2023-09-30;07:45:00;COM VÍTIMA;FINALIZADA;JOANA BEZERRA;AV GOVERNADOR AGAMENON MAGALHAES;;;APOS HOSPITAL PORTUGUES;JOANA BEZERRA;;;COLISÃO;1,0;1,0;0,0;0,0;0,0;0,0;0,0;0,0;0,0;1,0;0,0;;;;;;;;;;;;;
202322801,0;2023-09-30;07:46:00;COM VÍTIMA;FINALIZADA;ROSARINHO;AV NORTE MIGUEL ARRAES DE ALENCAR;3287;;PROX A PADARIA DO ROSARINHO;ROSARINHO;;;ATROPELAMENTO DE PESSOA;0,0;1,0;0,0;0,0;1,0;0,0;0,0;0,0;0,0;1,0;0,0;;;;;;;;;;;;;
202322802,0;2023-09-30;08:03:00;COM VÍTIMA;FINALIZADA;AREIAS;AV DR JOSE RUFINO;;;EM FRENTE AO TREINAMENTO DA HONDA, APOS O SENAI  SENT.  CIDADE;AREIAS;;;COLISÃO LATERAL;0,0;1,0;0,0;0,0;0,0;0,0;0,0;0,0;0,0;1,0;0,0;;;;;;;;;;;;;
202322807,0;2023-09-30;08:45:00;COM VÍTIMA;DUPLICIDADE;AREIAS;AV DR JOSE RUFINO;;;PROX. AO COLEGIO JOSE MARIANO E VIADUTO SANTA LUZIA;AREIAS;;;COLISÃO LATERAL;0,0;1,0;0,0;0,0;0,0;0,0;0,0;0,0;0,0;1,0;0,0;;;;;;;;;;;;;
202322811,0;2023-09-30;09:10:00;COM VÍTIMA;FINALIZADA;IMBIRIBEIRA;AV MARECHAL MASCARENHAS DE MORAES;;;EM FRENTE A TUPAN, SENT. CIDADE, PROX. AO VIADUTO TANCREDO NEVES;IMBIRIBEIRA;;;COLISÃO LATERAL;0,0;1,0;0,0;0,0;0,0;0,0;0,0;0,0;0,0;1,0;0,0;;;;;;;;;;;;;
202322813,0;2023-09-30;09:29:00;COM VÍTIMA;FINALIZADA;BOA VIAGEM;AV ENGENHEIRO DOMINGOS FERREIRA;;;EM FRENTE A DELEGACIA DE BOA VIAGEM;BOA VIAGEM;;;COLISÃO LATERAL;0,0;1,0;0,0;0,0;0,0;0,0;0,0;0,0;0,0;1,0;0,0;;;;;;;;;;;;;
202322814,0;2023-09-30;09:39:00;COM VÍTIMA;FINALIZADA;IMBIRIBEIRA;RUA JOAQUIM BANDEIRA;;;EMBAIXO DO PONTILHÃO DA ESTAÇÃO ANTONIO FALCAO;IMBIRIBEIRA;;;COLISÃO LATERAL;0,0;1,0;0,0;0,0;0,0;0,0;0,0;0,0;0,0;1,0;0,0;;;;;;;;;;;;;
202322820,0;2023-09-30;10:01:00;COM VÍTIMA;FINALIZADA;SAO JOSE;AV SUL;;;EM FRENTE A EMPRESA PORTELA, SENT. CAIS DE SANTA RITA;SAO JOSE;;;COLISÃO LATERAL;0,0;1,0;0,0;0,0;0,0;0,0;0,0;0,0;0,0;1,0;0,0;;;;;;;;;;;;;
202322821,0;2023-09-30;10:03:00;COM VÍTIMA;FINALIZADA;IBURA;AV RIO SAO FRANCISCO;;;PROX. AO COLEGIO POLIVALENTE , E PARAD DAS IGREJAS;IBURA;;;COLISÃO LATERAL;0,0;1,0;0,0;0,0;0,0;0,0;0,0;0,0;0,0;1,0;0,0;;;;;;;;;;;;;
202322823,0;2023-09-30;10:32:00;COM VÍTIMA;FINALIZADA;PORTO DA MADEIRA;AV BEBERIBE;;;EM FRENTE AO REI DO ARRUMADINHO E O CONJUNTO JOAO PAULO II;PORTO DA MADEIRA;;;COLISÃO LATERAL;0,0;1,0;0,0;0,0;0,0;0,0;0,0;0,0;0,0;1,0;0,0;;;;;;;;;;;;;
202322826,0;2023-09-30;10:41:00;COM VÍTIMA;FINALIZADA;CORDEIRO;AV GENERAL SAN MARTIN;;;EM FRENTE AO HOSPITAL GETULIO VARGAS;CORDEIRO;;;COLISÃO LATERAL;0,0;1,0;0,0;0,0;0,0;0,0;0,0;0,0;0,0;1,0;0,0;;;;;;;;;;;;;
202322830,0;2023-09-30;11:19:00;COM VÍTIMA;FINALIZADA;TORROES;EST DO FORTE DO ARRAIAL N. DO B. JESUS;1592;;PROX AO ARMAZÉM CASA MODERNA;TORROES;;;COLISÃO;1,0;1,0;0,0;0,0;0,0;0,0;0,0;0,0;0,0;1,0;0,0;;;;;;;;;;;;;
202322831,0;2023-09-30;11:19:00;COM VÍTIMA;FINALIZADA;MACAXEIRA;AV NORTE MIGUEL ARRAES DE ALENCAR;;;EM FRENTE AO PARQUE DA MACAXEIRA;MACAXEIRA;;;COLISÃO LATERAL;0,0;1,0;0,0;0,0;0,0;0,0;0,0;0,0;0,0;1,0;0,0;;;;;;;;;;;;;
202322832,0;2023-09-30;11:56:00;COM VÍTIMA;DUPLICIDADE;CORDEIRO;EST DO FORTE DO ARRAIAL N. DO B. JESUS;;;EM FRENTE AO ARMAZEM CASA MODERNA;CORDEIRO;;;COLISÃO LATERAL;0,0;1,0;0,0;0,0;0,0;0,0;0,0;0,0;0,0;1,0;0,0;;;;;;;;;;;;;
202322852,0;2023-09-30;03:11:00;COM VÍTIMA;FINALIZADA;TORROES;AV ENGENHEIRO ABDIAS DE CARVALHO;;;PROX AO POSTO SHEL ANTES DA UPA DO TORROES;TORROES;;;COLISÃO LATERAL;0,0;1,0;0,0;0,0;0,0;0,0;0,0;0,0;0,0;1,0;0,0;;;;;;;;;;;;;
202322861,0;2023-09-30;06:11:00;COM VÍTIMA;FINALIZADA;IBURA;RUA JORNALISTA EDSON REGIS;;;AO LADO DO MOTEL CRISTAL;IBURA;;SUBURBIO;COLISÃO FRONTAL;1,0;1,0;0,0;0,0;0,0;0,0;0,0;0,0;0,0;1,0;0,0;;;;;;;;;;;;;
202322863,0;2023-09-30;06:42:00;COM VÍTIMA;FINALIZADA;ALTO JOSE BONIFACIO;RUA ALTO JOSE BONIFACIO;522;;ANTES DO COLEGIO CAIO PEREIRA;ALTO JOSE BONIFACIO;;;COLISÃO FRONTAL;0,0;2,0;0,0;0,0;0,0;0,0;0,0;0,0;0,0;2,0;0,0;;;;;;;;;;;;;
202322867,0;2023-09-30;07:26:00;COM VÍTIMA;FINALIZADA;CASA FORTE;AV DEZESSETE DE AGOSTO;;;EM FRENTE AO CENTRO MÉDICO SENADOR JOSÉ HERMÍNIO DE MORAIS E AO LADO DO POSTO DISLUB;CASA FORTE;;;COLISÃO;2,0;1,0;0,0;0,0;0,0;0,0;0,0;0,0;0,0;1,0;0,0;;;;;;;;;;;;;
202322880,0;2023-09-30;09:50:00;COM VÍTIMA;FINALIZADA;PARNAMIRIM;AV PARNAMIRIM;;;EM  FRENTE A DROGRASIL;PARNAMIRIM;;;QUEDA;0,0;1,0;0,0;0,0;0,0;0,0;0,0;0,0;0,0;1,0;0,0;;;;;;;;;;;;;
202322926,0;2023-10-01;12:54:00;COM VÍTIMA;FINALIZADA;BOA VIAGEM;RUA RIO AZUL;367;;EM FRENTE AO RESTAURANTE MARINHOS;BOA VIAGEM;;;COLISÃO TRASEIRA;1,0;1,0;0,0;0,0;0,0;0,0;0,0;0,0;0,0;1,0;0,0;;;;;;;;;;;;;
202322927,0;2023-10-01;01:44:00;COM VÍTIMA;FINALIZADA;IMBIRIBEIRA;AV MARECHAL MASCARENHAS DE MORAES;39;;EM FRENTE AO GERALDÃO // POSTO DE GASOLINA BR;IMBIRIBEIRA;;;COLISÃO;0,0;1,0;0,0;0,0;0,0;0,0;0,0;0,0;0,0;1,0;0,0;;;;;;;;;;;;;
202322931,0;2023-10-01;02:19:00;COM VÍTIMA;FINALIZADA;BOA VIAGEM;RUA ERNESTO DE PAULA SANTOS;315;;PROXIMO AO RESTAURANTE E RODIZIO MUNDO ANIMAL;BOA VIAGEM;;;COLISÃO;0,0;1,0;0,0;0,0;0,0;0,0;0,0;0,0;0,0;1,0;0,0;;;;;;;;;;;;;
202322939,0;2023-10-01;04:05:00;COM VÍTIMA;FINALIZADA;ALTO JOSE DO PINHO;RUA DA MACAIBA;689;;PROXIMO A LOJA KATIA MODAS;ALTO JOSE DO PINHO;;;COLISÃO;0,0;1,0;0,0;0,0;0,0;0,0;0,0;0,0;0,0;1,0;0,0;;;;;;;;;;;;;
202322943,0;2023-10-01;06:41:00;COM VÍTIMA;CANCELADA;NOVA DESCOBERTA;AV VEREADOR OTACILIO AZEVEDO;3375;;APOS O SUPERMERCADO TODO DIA DE NOVA DESCOBERTA;NOVA DESCOBERTA;;;COLISÃO;0,0;1,0;0,0;0,0;0,0;0,0;0,0;0,0;0,0;1,0;0,0;;;;;;;;;;;;;
202322962,0;2023-10-01;10:55:00;COM VÍTIMA;FINALIZADA;TAMARINEIRA;RUA CONEGO BARATA;;;E/F AO HOSP. ULISSES PERNAMBUCANO;TAMARINEIRA;;;COLISÃO LATERAL;1,0;2,0;0,0;0,0;0,0;0,0;0,0;0,0;0,0;1,0;0,0;;;;;;;;;;;;;
202322968,0;2023-10-02;07:19:00;COM VÍTIMA;FINALIZADA;SANTO AMARO;PTE DO LIMOEIRO;;;SENTIDO AV NORTE / PROX AO QUARTEL;SANTO AMARO;;;COLISÃO;0,0;1,0;0,0;0,0;0,0;0,0;0,0;0,0;0,0;1,0;0,0;;;;;;;;;;;;;
202322997,0;2023-10-02;10:47:00;COM VÍTIMA;FINALIZADA;ILHA JOANA BEZERRA;AV GOVERNADOR AGAMENON MAGALHAES;;;EMBAIXO DA PASSARELA ANTES DA PONTE SENT. OLINDA;ILHA JOANA BEZERRA;;;CHOQUE;1,0;0,0;0,0;0,0;0,0;0,0;0,0;0,0;0,0;2,0;0,0;;;;;;;;;;;;;
202323001,0;2023-10-02;11:11:00;COM VÍTIMA;FINALIZADA;TAMARINEIRA;RUA PADRE ROMA;;;ANTES DO POSTO  ALBERT SABIN;TAMARINEIRA;;;COLISÃO;0,0;1,0;0,0;0,0;0,0;0,0;0,0;0,0;0,0;1,0;0,0;;;;;;;;;;;;;
202323004,0;2023-10-02;11:33:00;COM VÍTIMA;FINALIZADA;SANTO AMARO;AV GOVERNADOR AGAMENON MAGALHAES;;;APOS O VIADUTO DA JOAO DE BARROS, SENT. DERBY;SANTO AMARO;;;COLISÃO LATERAL;0,0;1,0;0,0;0,0;0,0;0,0;0,0;0,0;0,0;1,0;0,0;;;;;;;;;;;;;
202323007,0;2023-10-02;12:14:00;COM VÍTIMA;FINALIZADA;MADALENA;RUA REAL DA TORRE;;;PROX AO POSTO SETTA / E A LOJA AÇAI;MADALENA;;;COLISÃO;1,0;0,0;0,0;0,0;0,0;0,0;0,0;0,0;0,0;1,0;0,0;;;;;;;;;;;;;
202323008,0;2023-10-02;12:17:00;COM VÍTIMA;FINALIZADA;BOA VIAGEM;AV ENGENHEIRO DOMINGOS FERREIRA;;;PROX AO POSTO BR / EM FRENTE AO BAR BARBARICO;BOA VIAGEM;;;COLISÃO;0,0;1,0;0,0;0,0;0,0;0,0;0,0;0,0;0,0;1,0;0,0;;;;;;;;;;;;;
202323013,0;2023-10-02;01:07:00;COM VÍTIMA;FINALIZADA;BOA VIAGEM;AV ENGENHEIRO DOMINGOS FERREIRA;2600;;EM FRENTE AO RESTAURANTE BARBARICO;BOA VIAGEM;;;COLISÃO TRASEIRA;1,0;1,0;0,0;0,0;0,0;0,0;0,0;0,0;0,0;1,0;0,0;;;;;;;;;;;;;
202323014,0;2023-10-02;01:22:00;COM VÍTIMA;FINALIZADA;JORDAO;RUA ALBERTO LUNDGREN;54;;PROXIMO AO NUCLEO DA POLICIA/ PRAÇA DO JORDÃO;JORDAO;;;COLISÃO LATERAL;0,0;1,0;0,0;0,0;0,0;0,0;0,0;1,0;0,0;1,0;0,0;;;;;;;;;;;;;
202323016,0;2023-10-02;01:36:00;COM VÍTIMA;FINALIZADA;JOANA BEZERRA;AV BEIRA RIO;3549;;PROX AO CAMPO DO BARRO E A ACADEMIA DA CIDADE;JOANA BEZERRA;;;COLISÃO;0,0;1,0;0,0;0,0;0,0;0,0;0,0;0,0;0,0;1,0;0,0;;;;;;;;;;;;;
202323026,0;2023-10-02;03:18:00;COM VÍTIMA;FINALIZADA;BOA VIAGEM;AV ENGENHEIRO DOMINGOS FERREIRA;2986;;EM FRENTE A ROMARRI DECORAÇÕES;BOA VIAGEM;;;COLISÃO LATERAL;2,0;1,0;0,0;0,0;0,0;0,0;0,0;0,0;0,0;1,0;0,0;;;;;;;;;;;;;
202323039,0;2023-10-02;07:02:00;COM VÍTIMA;FINALIZADA;ARRUDA;AV BEBERIBE;;;PRÓXIMO AO BATEPAPO/ LOGO APÓS O ARMAZÉM CANAL DA CONSTRUÇÃO;ARRUDA;;;COLISÃO;1,0;1,0;0,0;0,0;0,0;0,0;0,0;0,0;0,0;2,0;0,0;;;;;;;;;;;;;
202323053,0;2023-10-02;07:35:00;COM VÍTIMA;FINALIZADA;IPUTINGA;EST DO BARBALHO;;;PROXIMO AO ANTIGO HIPER BOMPREÇO;IPUTINGA;;;COLISÃO;0,0;1,0;0,0;0,0;0,0;0,0;0,0;0,0;0,0;1,0;0,0;;;;;;;;;;;;;
202323054,0;2023-10-02;08:08:00;COM VÍTIMA;FINALIZADA;VARZEA;AV CAXANGA;4894;;EM FRENTE AO GOLF CLUB PXÓXIMO  A PARADA DO BRT;VARZEA;;SUBURBIO;COLISÃO;0,0;1,0;0,0;0,0;0,0;0,0;0,0;0,0;0,0;1,0;0,0;;;;;;;;;;;;;
202323061,0;2023-10-02;10:24:00;COM VÍTIMA;FINALIZADA;DERBY;AV GOVERNADOR AGAMENON MAGALHAES;;PRC DO DERBY;ESTAÇÃO DO BRT;DERBY;75,0;SUBURBIO;QUEDA;0,0;1,0;0,0;0,0;0,0;0,0;0,0;0,0;0,0;2,0;0,0;;;;;;;;;;;;;
202323081,0;2023-10-03;08:06:00;COM VÍTIMA;FINALIZADA;ENCRUZILHADA;AV BEBERIBE;584;;EM FRENTE A FERREIRA PINTO;ENCRUZILHADA;;;COLISÃO;1,0;1,0;0,0;0,0;0,0;0,0;0,0;0,0;0,0;1,0;0,0;;;;;;;;;;;;;
202323084,0;2023-10-03;08:41:00;COM VÍTIMA;FINALIZADA;TOTO;AV LIBERDADE;;;NA ENTRADA DO CEMITERIO PARQUE DAS FLORES;TOTO;;;COLISÃO LATERAL;0,0;1,0;0,0;0,0;0,0;0,0;0,0;0,0;0,0;1,0;0,0;;;;;;;;;;;;;
202323085,0;2023-10-03;08:45:00;COM VÍTIMA;FINALIZADA;ENCRUZILHADA;RUA QUARENTA E OITO;;;REALIZAR VARREDURA;ENCRUZILHADA;;;COLISÃO LATERAL;0,0;0,0;0,0;0,0;0,0;0,0;0,0;0,0;0,0;1,0;0,0;;;;;;;;;;;;;
202323086,0;2023-10-03;08:54:00;COM VÍTIMA;FINALIZADA;IMBIRIBEIRA;RUA ARQUITETO LUIZ NUNES;;RUA JULIO VERNE;;IMBIRIBEIRA;;;COLISÃO;0,0;1,0;0,0;0,0;0,0;0,0;0,0;0,0;0,0;1,0;0,0;;;;;;;;;;;;;
202323107,0;2023-10-03;12:19:00;COM VÍTIMA;FINALIZADA;AFOGADOS;RUA SAO MIGUEL;1331;;PROX AO BODE DO NO;AFOGADOS;;;COLISÃO LATERAL;1,0;1,0;0,0;0,0;0,0;0,0;0,0;0,0;0,0;1,0;0,0;;;;;;;;;;;;;
202323109,0;2023-10-03;12:55:00;COM VÍTIMA;FINALIZADA;IBURA;RUA JORNALISTA EDSON REGIS;977;;E/F A FABRICA DA FREVO DO IBURA DE BAIXO;IBURA;;;COLISÃO LATERAL;0,0;1,0;0,0;0,0;0,0;0,0;0,0;0,0;0,0;1,0;0,0;;;;;;;;;;;;;
202323110,0;2023-10-03;01:09:00;COM VÍTIMA;FINALIZADA;CASA AMARELA;AV NORTE MIGUEL ARRAES DE ALENCAR;9373;;PROX A UPINHA MOACIR E A PRAÇA DO TRABALHO;CASA AMARELA;;;COLISÃO;0,0;1,0;0,0;0,0;0,0;0,0;0,0;0,0;0,0;1,0;0,0;;;;;;;;;;;;;
202323111,0;2023-10-03;01:13:00;COM VÍTIMA;FINALIZADA;ARRUDA;RUA DA REGENERACAO;7;;PROX A EMPRESA ESCAVE A ANTIGA COCA COLA;ARRUDA;;;COLISÃO;0,0;1,0;0,0;0,0;0,0;0,0;0,0;0,0;0,0;1,0;0,0;;;;;;;;;;;;;
202323114,0;2023-10-03;01:20:00;COM VÍTIMA;FINALIZADA;BOA VIAGEM;RUA DONA MAGINA PONTUAL;;;ESCOLA MUNICIPAL  NOSSA SENHORA DA PENHA;BOA VIAGEM;;;COLISÃO;1,0;1,0;0,0;0,0;0,0;0,0;0,0;0,0;0,0;1,0;0,0;;;;;;;;;;;;;
202323117,0;2023-10-03;02:32:00;COM VÍTIMA;FINALIZADA;AFOGADOS;RUA SAO MIGUEL;;;PROXIMO AO SEMÁFORO 425;AFOGADOS;425,0;;COLISÃO LATERAL;1,0;1,0;0,0;0,0;0,0;0,0;0,0;0,0;0,0;1,0;0,0;;;;;;;;;;;;;
202323121,0;2023-10-03;02:56:00;COM VÍTIMA;FINALIZADA;JAQUEIRA;RUA LEONARDO BEZERRA CAVALCANTE;59;;E/F AO HOPITAL MARIA LUCINDA;JAQUEIRA;;;COLISÃO TRASEIRA;2,0;1,0;0,0;0,0;0,0;0,0;0,0;0,0;0,0;1,0;0,0;;;;;;;;;;;;;
202323122,0;2023-10-03;03:06:00;COM VÍTIMA;FINALIZADA;BEBERIBE;AV BEBERIBE;4217;;POSTO SHEL // E/F AO SEMAFARO 514;BEBERIBE;;;COLISÃO FRONTAL;1,0;1,0;0,0;0,0;0,0;0,0;0,0;0,0;0,0;1,0;0,0;;;;;;;;;;;;;
202323124,0;2023-10-03;03:17:00;COM VÍTIMA;FINALIZADA;BOA VIAGEM;AVENIDA CELSO FURTADO (VIA MANGUE);;;POR TRAS DO SUPERMERCADO ASSAI/ SENTIDO PINA;BOA VIAGEM;;;COLISÃO LATERAL;2,0;1,0;0,0;0,0;0,0;0,0;0,0;0,0;0,0;1,0;0,0;;;;;;;;;;;;;
202323140,0;2023-10-03;06:37:00;COM VÍTIMA;CANCELADA;DOIS IRMAOS;RUA DOIS IRMAOS;920;;EM FRENTE AO HORTO DE DOIS IRMÃOS E A LAFEPE;DOIS IRMAOS;;;COLISÃO;0,0;1,0;0,0;0,0;0,0;0,0;0,0;0,0;0,0;1,0;0,0;;;;;;;;;;;;;
202323147,0;2023-10-03;06:45:00;COM VÍTIMA;FINALIZADA;CAXANGA;AV CAXANGA;9111;;PROX A IGREJA NOVAS DE PAZ E A ITEGRAÇÃO DA CAXAMGA;CAXANGA;;;COLISÃO;0,0;1,0;0,0;0,0;0,0;0,0;0,0;0,0;0,0;1,0;0,0;;;;;;;;;;;;;
202323148,0;2023-10-03;06:49:00;COM VÍTIMA;CANCELADA;BONGI;AV ENGENHEIRO ABDIAS DE CARVALHO;105;;NA PISTA LATERAL E AO LADO DO LABORATORIO CERPE;BONGI;;;COLISÃO;0,0;1,0;0,0;0,0;0,0;0,0;0,0;0,0;0,0;1,0;0,0;;;;;;;;;;;;;
202323149,0;2023-10-03;07:23:00;COM VÍTIMA;FINALIZADA;AFOGADOS;RUA DA PAZ;;;PROXIMO AO BANCO BRADESCO;AFOGADOS;;;COLISÃO;1,0;1,0;0,0;0,0;0,0;0,0;0,0;0,0;0,0;1,0;0,0;;;;;;;;;;;;;
202323151,0;2023-10-03;07:28:00;COM VÍTIMA;CANCELADA;COELHOS;RUA DOS COELHOS;300;;EM FRENTE AO HOSPITAL DO IMIP;COELHOS;;;ATROPELAMENTO DE PESSOA;0,0;1,0;0,0;0,0;1,0;0,0;0,0;0,0;0,0;1,0;0,0;;;;;;;;;;;;;
202323153,0;2023-10-03;08:31:00;COM VÍTIMA;CANCELADA;COELHOS;RUA PADRE VENANCIO;;;PRAÇA MATARAZZO;COELHOS;;;COLISÃO;1,0;1,0;0,0;0,0;0,0;0,0;0,0;0,0;0,0;1,0;0,0;;;;;;;;;;;;;
202323154,0;2023-10-03;08:31:00;COM VÍTIMA;CANCELADA;BOA VIAGEM;AV CONSELHEIRO AGUIAR;2340;;EM FRENTE AO MINUTO PÃO DE AÇUCAR;BOA VIAGEM;;;COLISÃO;1,0;1,0;0,0;0,0;0,0;0,0;0,0;0,0;0,0;1,0;0,0;;;;;;;;;;;;;
202323155,0;2023-10-03;08:36:00;SEM VÍTIMA;FINALIZADA;BOA VISTA;RUA DOM BOSCO;;;LADO OPOSTO AO NÚMERO 961 PRÓXIMO A RÁDIO PATRULHA;BOA VISTA;401,0;;COLISÃO;3,0;0,0;0,0;0,0;0,0;0,0;0,0;0,0;0,0;0,0;0,0;;;;;;;;;;;;;
202323158,0;2023-10-04;06:38:00;COM VÍTIMA;FINALIZADA;SANTO AMARO;PRQ TREZE DE MAIO;;;PRÓXIMO AO COLÉGIO BARBALHO;SANTO AMARO;;;COLISÃO;0,0;0,0;0,0;0,0;0,0;0,0;0,0;0,0;0,0;1,0;0,0;;;;;;;;;;;;;