Protocolo;data;hora;natureza;situacao;bairro;endereco;numero;detalhe_endereco_acidente;complemento;bairro_cruzamento;num_semaforo;sentido_via;tipo;auto;moto;ciclom;ciclista;pedestre;onibus;caminhao;viatura;outros;vitimas;vitimasfatais;acidente_verificado;tempo_clima;situacao_semaforo;sinalizacao;condicao_via;conservacao_via;ponto_controle;situacao_placa;velocidade_max_via;mao_direcao;divisao_via1;divisao_via2;divisao_via3
202323690,0;2023-10-09;09:41:00;COM VÍTIMA;FINALIZADA;AFOGADOS;RUA SAO MIGUEL;;RUA DO DESPACHO;POSTO DE GASOLONBA DISLUB;AFOGADOS;;;COLISÃO LATERAL;1,0;1,0;0,0;0,0;0,0;0,0;0,0;0,0;0,0;1,0;0,0;;;;;;;;;;;;;
202323710,0;2023-10-09;12:34:00;COM VÍTIMA;FINALIZADA;ROSARINHO;RUA GERSON DE BARROS PINANGE;45;;APOS A PADARIA DO ROSARINHO;ROSARINHO;;;COLISÃO LATERAL;1,0;1,0;0,0;0,0;0,0;0,0;0,0;0,0;0,0;1,0;0,0;;;;;;;;;;;;;
202323723,0;2023-10-09;03:44:00;COM VÍTIMA;FINALIZADA;CAMPO GRANDE;RUA VISCONDE DE CAIRU;;;BODEGA DO PIRATA;CAMPO GRANDE;;;COLISÃO LATERAL;0,0;1,0;0,0;0,0;0,0;0,0;0,0;1,0;0,0;1,0;0,0;;;;;;;;;;;;;
202323725,0;2023-10-09;03:56:00;COM VÍTIMA;FINALIZADA;CORDEIRO;RUA SANTA LUCIA;3422;;AO LADO DO PARQUE DO CAIARA ESQUINA DO ARMAZEM PARALELA DA CONSTRUÇÃO;CORDEIRO;;;COLISÃO LATERAL;0,0;0,0;0,0;0,0;0,0;0,0;0,0;0,0;0,0;1,0;0,0;;;;;;;;;;;;;
202323730,0;2023-10-09;04:45:00;COM VÍTIMA;FINALIZADA;IMBIRIBEIRA;AV MARECHAL MASCARENHAS DE MORAES;;;E/F AO GERALDAO;IMBIRIBEIRA;;;COLISÃO LATERAL;0,0;0,0;0,0;0,0;0,0;0,0;0,0;0,0;0,0;1,0;0,0;;;;;;;;;;;;;
202323736,0;2023-10-09;05:20:00;COM VÍTIMA;FINALIZADA;MACAXEIRA;RUA ALTO DO PITU;199;;PROX AO CAMPO DO UNIAO E A COMPESA;MACAXEIRA;;;COLISÃO LATERAL;0,0;0,0;0,0;0,0;0,0;1,0;1,0;0,0;0,0;1,0;0,0;;;;;;;;;;;;;
202323738,0;2023-10-09;05:22:00;COM VÍTIMA;FINALIZADA;IMBIRIBEIRA;AV MARECHAL MASCARENHAS DE MORAES;35;;E/F A HONDA;IMBIRIBEIRA;;;COLISÃO LATERAL;0,0;1,0;0,0;0,0;0,0;0,0;0,0;0,0;0,0;1,0;0,0;;;;;;;;;;;;;
202323751,0;2023-10-09;06:53:00;COM VÍTIMA;CANCELADA;AFOGADOS;EST DOS REMEDIOS;973;;PROX A OFICINA DEL UCIANO E AO CABOCLINHO;AFOGADOS;;;COLISÃO;0,0;1,0;0,0;0,0;0,0;0,0;0,0;0,0;0,0;1,0;0,0;;;;;;;;;;;;;
202323753,0;2023-10-09;07:50:00;COM VÍTIMA;CANCELADA;IBURA;AV DOIS RIOS;430;;IGREJA DOS MORMOS, DEPOIS DO POSTO SHELL;IBURA;;;;0,0;1,0;0,0;0,0;0,0;0,0;0,0;0,0;0,0;1,0;0,0;;;;;;;;;;;;;
202323766,0;2023-10-10;05:09:00;SEM VÍTIMA;FINALIZADA;ILHA DO LEITE;RUA DR JOAO ASFORA;280;;EM FRENTE HOSPITAL ILHA DO LEITE;ILHA DO LEITE;;SUBURBIO;CHOQUE;0,0;0,0;0,0;0,0;0,0;0,0;1,0;0,0;1,0;0,0;0,0;;;;;;;;;;;;;
202323767,0;2023-10-10;05:38:00;COM VÍTIMA;FINALIZADA;PONTO DE PARADA;AV BEBERIBE;;;COM A MEN SÁ;PONTO DE PARADA;;;COLISÃO LATERAL;1,0;1,0;0,0;0,0;0,0;0,0;0,0;0,0;0,0;1,0;0,0;;;;;;;;;;;;;
202323790,0;2023-10-10;08:50:00;COM VÍTIMA;FINALIZADA;TORRE;RUA JOSE BONIFACIO;;;EM FRENTE AO CARREFOUR, SENT. PARNAMIRIM;TORRE;;;COLISÃO LATERAL;1,0;0,0;0,0;0,0;0,0;0,0;0,0;0,0;0,0;1,0;0,0;;;;;;;;;;;;;
202323792,0;2023-10-10;09:16:00;COM VÍTIMA;FINALIZADA;AFOGADOS;RUA SAO MIGUEL;1136;;EM FRENTE AO CHINA IN BOX;AFOGADOS;;;COLISÃO FRONTAL;0,0;2,0;0,0;0,0;0,0;0,0;0,0;0,0;0,0;3,0;0,0;;;;;;;;;;;;;
202323793,0;2023-10-10;09:17:00;COM VÍTIMA;FINALIZADA;MADALENA;AV CAXANGA;51;;EM FRENTE AO COMPAZ;MADALENA;;;COLISÃO LATERAL;1,0;0,0;0,0;0,0;0,0;1,0;0,0;0,0;0,0;1,0;0,0;;;;;;;;;;;;;
202323797,0;2023-10-10;09:31:00;COM VÍTIMA;FINALIZADA;SANTO AMARO;RUA BARROS BARRETO;;RUA DO SOSSEGO;PERTO DA HIPER METAL;SANTO AMARO;;;COLISÃO LATERAL;2,0;0,0;0,0;0,0;0,0;0,0;0,0;0,0;0,0;1,0;0,0;;;;;;;;;;;;;
202323805,0;2023-10-10;10:29:00;COM VÍTIMA;FINALIZADA;ESPINHEIRO;AV GOVERNADOR AGAMENON MAGALHAES;;;NA SAIDA DA RUA LEOPOLDO LINS;ESPINHEIRO;;;COLISÃO;1,0;1,0;0,0;0,0;0,0;0,0;0,0;0,0;0,0;1,0;0,0;;;;;;;;;;;;;
202323816,0;2023-10-10;11:23:00;COM VÍTIMA;DUPLICIDADE;PINA;AV HERCULANO BANDEIRA;;;PROX. AO RIO MAR SENT. CIDADE;PINA;;;COLISÃO LATERAL;0,0;1,0;0,0;0,0;0,0;0,0;0,0;0,0;0,0;1,0;0,0;;;;;;;;;;;;;
202323817,0;2023-10-10;11:32:00;COM VÍTIMA;FINALIZADA;PINA;AV GOVERNADOR PAULO GUERRA;;;;PINA;;;COLISÃO;0,0;0,0;0,0;0,0;0,0;0,0;0,0;0,0;0,0;1,0;0,0;;;;;;;;;;;;;
202323818,0;2023-10-10;11:54:00;COM VÍTIMA;FINALIZADA;IMBIRIBEIRA;AV MARECHAL MASCARENHAS DE MORAES;;;EM FRENTE A TOYOTA;IMBIRIBEIRA;;;COLISÃO LATERAL;0,0;1,0;0,0;0,0;0,0;0,0;0,0;0,0;0,0;1,0;0,0;;;;;;;;;;;;;
202323824,0;2023-10-10;12:48:00;COM VÍTIMA;FINALIZADA;JARDIM SAO PAULO;AV LIBERDADE;;;PROX A IGREJA CONGRECIONAL DA LIBERDADE / PROX AO MARTEILINDO DE OURO;JARDIM SAO PAULO;;;COLISÃO TRASEIRA;1,0;1,0;0,0;0,0;0,0;0,0;0,0;0,0;0,0;1,0;0,0;;;;;;;;;;;;;
202323831,0;2023-10-10;01:53:00;COM VÍTIMA;FINALIZADA;MADALENA;RUA LOPES DE CARVALHO;317;RUA HERMOGENES DE MORAIS;APOS O BOMPREÇO DA BEM FICA PRIMEIRA RUA A ESQUERDA;MADALENA;;;COLISÃO LATERAL;1,0;1,0;0,0;0,0;0,0;0,0;0,0;0,0;0,0;1,0;0,0;;;;;;;;;;;;;
202323848,0;2023-10-10;05:06:00;COM VÍTIMA;DUPLICIDADE;CORDEIRO;AV CAXANGA;;;E/F AO TI GETULIO VARGAS;CORDEIRO;;;COLISÃO LATERAL;0,0;2,0;0,0;0,0;0,0;0,0;0,0;0,0;0,0;1,0;0,0;;;;;;;;;;;;;
202323850,0;2023-10-10;05:18:00;COM VÍTIMA;FINALIZADA;CORDEIRO;AV CAXANGA;3091;;EM FRENTE AO TERMINAL GETULIO VARGAS;CORDEIRO;;;COLISÃO LATERAL;0,0;0,0;0,0;0,0;0,0;0,0;0,0;0,0;0,0;1,0;0,0;;;;;;;;;;;;;
202323856,0;2023-10-10;06:11:00;COM VÍTIMA;FINALIZADA;CASA FORTE;AV DEZESSETE DE AGOSTO;258;;EM FRENTE AO RESTAURANTE RECANTO PARAIBANO;CASA FORTE;;;COLISÃO LATERAL;1,0;1,0;0,0;0,0;0,0;0,0;0,0;0,0;0,0;1,0;0,0;;;;;;;;;;;;;
202323894,0;2023-10-11;08:09:00;COM VÍTIMA;FINALIZADA;IMBIRIBEIRA;AV MARECHAL MASCARENHAS DE MORAES;;;EM FRENTE A UPA SENT. AFOGADOS;IMBIRIBEIRA;;;COLISÃO LATERAL;0,0;1,0;0,0;0,0;0,0;0,0;0,0;0,0;0,0;1,0;0,0;;;;;;;;;;;;;
202323909,0;2023-10-11;09:12:00;COM VÍTIMA;FINALIZADA;SANTO AMARO;AV CRUZ CABUGA;;;NA FRENTE DO HOSPITAL DO CANCER;SANTO AMARO;;;COLISÃO TRASEIRA;1,0;0,0;1,0;0,0;0,0;1,0;0,0;0,0;0,0;1,0;0,0;;;;;;;;;;;;;
202323926,0;2023-10-11;12:08:00;COM VÍTIMA;FINALIZADA;IPUTINGA;AV MAURICIO DE NASSAU;61;RUA N S DA SAUDE;PERTO DO PARQUE DO CAIARA;IPUTINGA;;;COLISÃO LATERAL;1,0;1,0;0,0;0,0;0,0;0,0;0,0;0,0;0,0;1,0;0,0;;;;;;;;;;;;;
202323931,0;2023-10-11;12:47:00;COM VÍTIMA;FINALIZADA;PINA;AV REPUBLICA DO LIBANO;;RUA NOGUEIRA DE SOUZA;PROX AO CALDINHO DO NENEM;PINA;;;COLISÃO LATERAL;1,0;1,0;0,0;0,0;0,0;0,0;0,0;0,0;0,0;1,0;0,0;;;;;;;;;;;;;
202323943,0;2023-10-11;02:38:00;COM VÍTIMA;FINALIZADA;CABANGA;AV ENGENHEIRO JOSE ESTELITA;;;AO LADO DO CABANGA IATE CLUBE;CABANGA;;;COLISÃO LATERAL;1,0;1,0;0,0;0,0;0,0;0,0;0,0;0,0;0,0;1,0;0,0;;;;;;;;;;;;;
202323947,0;2023-10-11;03:25:00;COM VÍTIMA;FINALIZADA;IPSEP;AV RECIFE;;;E/F AO ANTIGO BOMPREÇO S/T AEROPORTO;IPSEP;;;ATROPELAMENTO DE PESSOA;1,0;0,0;0,0;0,0;1,0;0,0;0,0;0,0;0,0;1,0;0,0;;;;;;;;;;;;;
202323948,0;2023-10-11;03:32:00;COM VÍTIMA;FINALIZADA;DERBY;AV GOVERNADOR AGAMENON MAGALHAES;;;E/F A LOJA PEPV;DERBY;;;COLISÃO LATERAL;1,0;0,0;0,0;0,0;0,0;1,0;0,0;0,0;0,0;1,0;0,0;;;;;;;;;;;;;
202323950,0;2023-10-11;03:34:00;COM VÍTIMA;FINALIZADA;BOA VIAGEM;RUA CARLOS PEREIRA FALCAO;120;;PROX AO SUPERMERCADO SOBERANO  E RESTAURANTE BODE DO NO;BOA VIAGEM;;;COLISÃO LATERAL;0,0;1,0;0,0;0,0;0,0;0,0;0,0;0,0;0,0;1,0;0,0;;;;;;;;;;;;;
202323960,0;2023-10-11;05:13:00;COM VÍTIMA;FINALIZADA;TAMARINEIRA;AV NORTE MIGUEL ARRAES DE ALENCAR;192;;E/F AO NEXOS MOTEL;TAMARINEIRA;;;COLISÃO LATERAL;0,0;1,0;0,0;0,0;0,0;0,0;0,0;0,0;0,0;1,0;0,0;;;;;;;;;;;;;
202323976,0;2023-10-11;07:03:00;SEM VÍTIMA;CANCELADA;PINA;AVENIDA CELSO FURTADO (VIA MANGUE);;;KM2,4;PINA;;;COLISÃO;2,0;0,0;0,0;0,0;0,0;0,0;0,0;0,0;0,0;0,0;0,0;;;;;;;;;;;;;
202323977,0;2023-10-11;07:05:00;SEM VÍTIMA;CANCELADA;SAO JOSE;RUA IMPERIAL;;;PRÓXIMO A ESCOLA DE REFERÊNCIA EM ENSINO MÉDIO JOAQUIM NABUCO;SAO JOSE;;;COLISÃO;2,0;0,0;0,0;0,0;0,0;0,0;0,0;0,0;0,0;0,0;0,0;;;;;;;;;;;;;
202323984,0;2023-10-11;09:56:00;COM VÍTIMA;FINALIZADA;CAXANGA;RUA RIBEIRO PESSOA;;;PRÓXIMO AO MOTEL NINJA;CAXANGA;;;COLISÃO LATERAL;0,0;1,0;0,0;0,0;0,0;1,0;0,0;0,0;0,0;1,0;0,0;;;;;;;;;;;;;
202324008,0;2023-10-12;10:36:00;COM VÍTIMA;FINALIZADA;CORDEIRO;AV ENGENHEIRO ABDIAS DE CARVALHO;;EST DO FORTE DO ARRAIAL N. DO B. JESUS;SEMAFORO 375;CORDEIRO;;;COLISÃO;1,0;1,0;0,0;0,0;0,0;0,0;0,0;0,0;0,0;1,0;0,0;;;;;;;;;;;;;
202324010,0;2023-10-12;10:59:00;COM VÍTIMA;DUPLICIDADE;TORROES;AV ENGENHEIRO ABDIAS DE CARVALHO;;;PROX. A UPA DOS TORROES;TORROES;;;COLISÃO LATERAL;0,0;1,0;0,0;0,0;0,0;0,0;0,0;0,0;0,0;1,0;0,0;;;;;;;;;;;;;
202324011,0;2023-10-12;11:00:00;COM VÍTIMA;FINALIZADA;BAIRRO DO RECIFE;CAIS DO APOLO;;;EM FRENTE A PREFEITURA DO RECIFE;BAIRRO DO RECIFE;;;COLISÃO LATERAL;0,0;1,0;0,0;0,0;0,0;0,0;0,0;0,0;0,0;1,0;0,0;;;;;;;;;;;;;
202324016,0;2023-10-12;12:16:00;COM VÍTIMA;FINALIZADA;MADALENA;RUA BENFICA;;;E/F A PRAÇA DO INTERNACIONAL;MADALENA;;;QUEDA;0,0;1,0;0,0;0,0;0,0;0,0;0,0;0,0;0,0;1,0;0,0;;;;;;;;;;;;;
202324018,0;2023-10-12;12:41:00;COM VÍTIMA;FINALIZADA;PINA;PTE GOVERNADOR PAULO GUERRA;199;;NO VIADUTO DO PINA S/T CID;PINA;;;COLISÃO LATERAL;1,0;1,0;0,0;0,0;0,0;0,0;0,0;0,0;0,0;1,0;0,0;;;;;;;;;;;;;
202324024,0;2023-10-12;01:26:00;COM VÍTIMA;FINALIZADA;TORROES;AV ENGENHEIRO ABDIAS DE CARVALHO;;;E/F AO YOKI;TORROES;;;COLISÃO LATERAL;0,0;1,0;0,0;0,0;0,0;0,0;0,0;0,0;0,0;1,0;0,0;;;;;;;;;;;;;
202324029,0;2023-10-12;03:06:00;COM VÍTIMA;FINALIZADA;JARDIM SAO PAULO;RUA ALVENOPOLIS;296;;PROX A ESCOLA DOM BOSCO;JARDIM SAO PAULO;;;COLISÃO LATERAL;1,0;0,0;0,0;0,0;0,0;0,0;0,0;0,0;0,0;1,0;0,0;;;;;;;;;;;;;
202324043,0;2023-10-12;06:27:00;COM VÍTIMA;FINALIZADA;BOA VIAGEM;TRV DR PEDRO DE MELO CAHU;;RUA PROFESSOR JOSE BRANDAO;PROX AO COLEGIO SANTA MARIA  E EM FRENTE AO BEATH CLASS;BOA VIAGEM;;;COLISÃO LATERAL;2,0;0,0;0,0;0,0;0,0;0,0;0,0;0,0;0,0;1,0;0,0;;;;;;;;;;;;;
202324049,0;2023-10-12;07:15:00;COM VÍTIMA;FINALIZADA;SAN MARTIN;AV GENERAL SAN MARTIN;475;;EM FRENTE À SORVETERIA MUG. SOLICITANTE INFORMA QUE NÃO EXISTEM MAIS PONTOS DE REFERÊNCIAS / ENTRE O SEMÁFORO DA GOMES TABORDA E O HOSPITAL GETÚLIO VARGAS;SAN MARTIN;;;COLISÃO;0,0;1,0;0,0;0,0;0,0;0,0;0,0;0,0;0,0;1,0;0,0;;;;;;;;;;;;;
202324050,0;2023-10-12;07:18:00;COM VÍTIMA;DUPLICIDADE;BOA VIAGEM;RUA PROFESSOR JOSE BRANDAO;833;;PROXIMO AO COLEGIO DE BOA VIAGEM;BOA VIAGEM;;;COLISÃO;0,0;0,0;0,0;0,0;0,0;0,0;0,0;0,0;0,0;1,0;0,0;;;;;;;;;;;;;
202324057,0;2023-10-13;12:45:00;SEM VÍTIMA;FINALIZADA;BOA VIAGEM;AVENIDA CELSO FURTADO (VIA MANGUE);;;;BOA VIAGEM;;;COLISÃO;2,0;0,0;0,0;0,0;0,0;0,0;0,0;0,0;0,0;0,0;0,0;;;;;;;;;;;;;
202324065,0;2023-10-13;06:15:00;COM VÍTIMA;FINALIZADA;AFLITOS;AV CONS ROSA E SILVA;1655;;APOS O CLUB NAUTICO, EM FRENTE AO BOM PREÇO;AFLITOS;;;COLISÃO;1,0;0,0;0,0;0,0;0,0;0,0;0,0;0,0;0,0;1,0;0,0;;;;;;;;;;;;;
202324072,0;2023-10-13;07:23:00;COM VÍTIMA;FINALIZADA;ESPINHEIRO;RUA QUARENTA E OITO;;;APOS A FARMACIA PAGUE MENOS;ESPINHEIRO;;;COLISÃO LATERAL;0,0;1,0;0,0;0,0;0,0;0,0;0,0;0,0;0,0;1,0;0,0;;;;;;;;;;;;;
202324074,0;2023-10-13;07:48:00;COM VÍTIMA;FINALIZADA;CAMPO GRANDE;RUA PROFESSOR FRANCISCO DA TRINDADE;;;PROX. AO CLUBE DAS PAS E PRAÇA DE CAMPO GRANDE;CAMPO GRANDE;;;COLISÃO LATERAL;0,0;1,0;0,0;0,0;0,0;0,0;0,0;0,0;0,0;1,0;0,0;;;;;;;;;;;;;
202324075,0;2023-10-13;08:01:00;COM VÍTIMA;FINALIZADA;HIPODROMO;RUA CARLOS FERNANDES;246;;PROX. AO COLEGIO CLOVIS BEVILAQUA;HIPODROMO;;;COLISÃO FRONTAL;1,0;1,0;0,0;0,0;0,0;0,0;0,0;0,0;0,0;2,0;0,0;;;;;;;;;;;;;
202324079,0;2023-10-13;08:56:00;COM VÍTIMA;FINALIZADA;AFOGADOS;RUA VINTE E UM DE ABRIL;930;;PROX A PRAÇA DO GIRADOURO / EM FRENTE JOEL DAS BEBIDAS. SENTIDO AFOGADOS;AFOGADOS;;;COLISÃO COM CICLISTA;1,0;0,0;0,0;1,0;0,0;0,0;0,0;0,0;0,0;1,0;0,0;;;;;;;;;;;;;
202324086,0;2023-10-13;09:16:00;SEM VÍTIMA;FINALIZADA;CIDADE UNIVERSITARIA;RUA PROFESSOR ANTONIO COELHO;;RUA EMILIANO BRAGA;AO LADO DO TERMINAL T.I DA CAXANGA;CIDADE UNIVERSITARIA;;;COLISÃO LATERAL;1,0;1,0;0,0;0,0;0,0;0,0;0,0;0,0;0,0;0,0;0,0;;;;;;;;;;;;;
202324091,0;2023-10-13;10:31:00;COM VÍTIMA;FINALIZADA;IBURA;RUA BARAO DE ANTONINA;;;ULTIMO RETORNO DA CHURRASCARIA SAL E BRASA // FATO COMERCIO;IBURA;;;COLISÃO LATERAL;1,0;1,0;0,0;0,0;0,0;0,0;0,0;0,0;0,0;1,0;0,0;;;;;;;;;;;;;
202324096,0;2023-10-13;12:17:00;COM VÍTIMA;FINALIZADA;VARZEA;AV CAXANGA;5759;;EM FRENTE AO TERMINAL T.I CAXANGA;VARZEA;262,0;;ATROPELAMENTO DE PESSOA;0,0;0,0;0,0;1,0;1,0;0,0;0,0;0,0;0,0;1,0;0,0;;;;;;;;;;;;;
202324101,0;2023-10-13;02:06:00;COM VÍTIMA;CANCELADA;ESPINHEIRO;AV JOAO DE BARROS;1420;;PROX AO EXTRA;ESPINHEIRO;;;COLISÃO COM CICLISTA;1,0;0,0;0,0;1,0;0,0;0,0;0,0;0,0;0,0;1,0;0,0;;;;;;;;;;;;;
202324113,0;2023-10-13;04:57:00;SEM VÍTIMA;CANCELADA;JOANA BEZERRA;AV BEIRA RIO;;;NO CAMPO DO BARRO NA DESCIDA DO VIADUTO  ANTES DO FORUM;JOANA BEZERRA;;;COLISÃO LATERAL;1,0;1,0;0,0;0,0;0,0;0,0;0,0;0,0;0,0;0,0;0,0;;;;;;;;;;;;;
202324114,0;2023-10-13;05:41:00;COM VÍTIMA;FINALIZADA;DOIS UNIDOS;RUA DIVISOPOLIS;49;;APOS A ESCOLA MARACANA NA SEGUNDA CURVA;DOIS UNIDOS;;;COLISÃO FRONTAL;0,0;1,0;0,0;0,0;0,0;1,0;0,0;0,0;0,0;1,0;0,0;;;;;;;;;;;;;
202324122,0;2023-10-13;06:38:00;SEM VÍTIMA;FINALIZADA;DOIS UNIDOS;RUA VERTENTES DO LERIO;82;;;DOIS UNIDOS;;;CHOQUE;1,0;1,0;0,0;0,0;0,0;0,0;1,0;0,0;0,0;0,0;0,0;;;;;;;;;;;;;
202324124,0;2023-10-13;06:49:00;SEM VÍTIMA;CANCELADA;BOMBA DO HEMETERIO;RUA BOMBA DO HEMETERIO;641;;PROX A SERGIO ORTO FRUITS;BOMBA DO HEMETERIO;;;COLISÃO LATERAL;2,0;0,0;0,0;0,0;0,0;0,0;0,0;0,0;0,0;0,0;0,0;;;;;;;;;;;;;
202324134,0;2023-10-14;12:31:00;COM VÍTIMA;FINALIZADA;BOA VIAGEM;RUA ANTONIO FALCAO;;;PROX. AO CARREFU;BOA VIAGEM;227,0;;COLISÃO LATERAL;1,0;1,0;0,0;0,0;0,0;0,0;0,0;0,0;0,0;1,0;0,0;;;;;;;;;;;;;
202324135,0;2023-10-14;01:26:00;SEM VÍTIMA;CANCELADA;IBURA;AV SAO PAULO;;;TERMINAL DO ONIBUS DE TRES CARNEIROS ALTO;IBURA;;;COLISÃO LATERAL;0,0;0,0;0,0;0,0;0,0;1,0;1,0;0,0;0,0;0,0;0,0;;;;;;;;;;;;;
202324162,0;2023-10-14;02:17:00;COM VÍTIMA;FINALIZADA;BOA VIAGEM;AV ANTONIO DE GOES;430;;PROX AO MCDONALD´S;BOA VIAGEM;;;COLISÃO LATERAL;0,0;1,0;0,0;0,0;0,0;0,0;0,0;0,0;0,0;1,0;0,0;;;;;;;;;;;;;
202324163,0;2023-10-14;03:10:00;COM VÍTIMA;FINALIZADA;CORDEIRO;RUA VISCONDE DE ITABORAI;341;;PERTO DO COLEGIO ALBERTO SABIN;CORDEIRO;;;COLISÃO LATERAL;1,0;1,0;0,0;0,0;0,0;0,0;0,0;0,0;0,0;1,0;0,0;;;;;;;;;;;;;
202324164,0;2023-10-14;03:23:00;COM VÍTIMA;FINALIZADA;TORROES;EST DO FORTE DO ARRAIAL N. DO B. JESUS;1592;;EM FRENTE A SUPREMA LAVANDERIA;TORROES;;;COLISÃO COM CICLISTA;1,0;0,0;0,0;1,0;0,0;0,0;0,0;0,0;0,0;1,0;0,0;;;;;;;;;;;;;
202324166,0;2023-10-14;03:39:00;COM VÍTIMA;FINALIZADA;BOA VIAGEM;RUA HENRIQUE CAPITULINO;;RUA DOS NAVEGANTES;POX AO QUIOSQUE 13 NA RUA DO BRIGADEIRO DA AERONAULTICA;BOA VIAGEM;;;COLISÃO LATERAL;1,0;1,0;0,0;0,0;0,0;0,0;0,0;0,0;0,0;1,0;0,0;;;;;;;;;;;;;
202324167,0;2023-10-14;04:12:00;COM VÍTIMA;FINALIZADA;SANTO AMARO;AV MARIO MELO;;RUA PALMARES;E/F AO INSS;SANTO AMARO;;;COLISÃO LATERAL;1,0;1,0;0,0;0,0;0,0;0,0;0,0;0,0;0,0;1,0;0,0;;;;;;;;;;;;;
202324168,0;2023-10-14;05:02:00;COM VÍTIMA;FINALIZADA;CASA AMARELA;AV NORTE MIGUEL ARRAES DE ALENCAR;680;RUA MANDACARU;AO LADO DA FARMACIA MANDACARU;CASA AMARELA;;;COLISÃO;0,0;2,0;0,0;0,0;0,0;0,0;0,0;0,0;0,0;1,0;0,0;;;;;;;;;;;;;
202324174,0;2023-10-14;05:43:00;COM VÍTIMA;FINALIZADA;BOA VIAGEM;RUA DONA MAGINA PONTUAL;;;E/F A GREJA  NOSSA SENHORA DE FATIMA;BOA VIAGEM;;;CAPOTAMENTO;0,0;0,0;0,0;0,0;0,0;0,0;0,0;0,0;0,0;1,0;0,0;;;;;;;;;;;;;
202324180,0;2023-10-14;09:13:00;COM VÍTIMA;FINALIZADA;TORROES;AV BICENTENARIO DA REVOLUCAO FRANCESA;900;;FARMACIA POUPE MAIS;TORROES;;;COLISÃO;0,0;1,0;0,0;0,0;1,0;0,0;1,0;0,0;0,0;2,0;0,0;;;;;;;;;;;;;
202324181,0;2023-10-14;09:20:00;SEM VÍTIMA;FINALIZADA;BEBERIBE;AV BEBERIBE;4216;;EM FRENTE AO POSTO SHELL;BEBERIBE;;;COLISÃO FRONTAL;1,0;1,0;0,0;0,0;0,0;0,0;0,0;0,0;0,0;0,0;0,0;;;;;;;;;;;;;
202324182,0;2023-10-14;10:02:00;SEM VÍTIMA;FINALIZADA;BOA VIAGEM;RUA JOAO DIAS MARTINS;;RUA DONA MAGINA PONTUAL;;BOA VIAGEM;;;CAPOTAMENTO;2,0;0,0;0,0;0,0;0,0;0,0;0,0;0,0;0,0;0,0;0,0;;;;;;;;;;;;;
202324201,0;2023-10-15;07:20:00;COM VÍTIMA;FINALIZADA;GRACAS;AV RUI BARBOSA;;;PROX AO MUSEU DO ESTADO / AO LADO DA PEDRAGON;GRACAS;;;COLISÃO;0,0;1,0;0,0;0,0;0,0;0,0;0,0;0,0;0,0;1,0;0,0;;;;;;;;;;;;;
202324206,0;2023-10-15;08:54:00;COM VÍTIMA;FINALIZADA;SANTO AMARO;RUA DR LEOPOLDO LINS;;;DE FRENTE A FACULDADE DE CIENCIAS HUMANA;SANTO AMARO;;;COLISÃO;0,0;1,0;0,0;0,0;0,0;0,0;0,0;0,0;0,0;1,0;0,0;;;;;;;;;;;;;
202324207,0;2023-10-15;08:54:00;COM VÍTIMA;FINALIZADA;ARRUDA;AV PROFESSOR JOSE DOS ANJOS;;;POR TRÁS DO CAMPO DO ARRUDA;ARRUDA;;;COLISÃO;0,0;1,0;0,0;0,0;0,0;0,0;0,0;0,0;0,0;1,0;0,0;;;;;;;;;;;;;
202324214,0;2023-10-15;11:10:00;COM VÍTIMA;FINALIZADA;CORDEIRO;RUA ANGELICA;;;PROX A PADARIA DO FORTE  / PROX AO AO SUPERMERCADO DO PREÇO;CORDEIRO;;;COLISÃO;1,0;1,0;0,0;0,0;0,0;0,0;0,0;0,0;0,0;1,0;0,0;;;;;;;;;;;;;
202324223,0;2023-10-15;02:16:00;COM VÍTIMA;FINALIZADA;IMBIRIBEIRA;AV MARECHAL MASCARENHAS DE MORAES;60;;PROXIMO A FACULDADE UNIVERSO E SKAYFIT;IMBIRIBEIRA;;;COLISÃO;0,0;1,0;0,0;0,0;0,0;0,0;0,0;0,0;0,0;1,0;0,0;;;;;;;;;;;;;
202324232,0;2023-10-15;04:17:00;COM VÍTIMA;FINALIZADA;CASA AMARELA;RUA BELA VISTA;152;;PADARIA BELA VISTA;CASA AMARELA;;;COLISÃO LATERAL;1,0;1,0;0,0;0,0;0,0;0,0;0,0;0,0;0,0;1,0;0,0;;;;;;;;;;;;;
202324251,0;2023-10-15;11:39:00;SEM VÍTIMA;CANCELADA;IMBIRIBEIRA;RUA ITACARE;;;PROXIMO AO BAR ESPAÇO ABERTO;IMBIRIBEIRA;;;CHOQUE;2,0;0,0;0,0;0,0;0,0;0,0;0,0;0,0;0,0;0,0;0,0;;;;;;;;;;;;;