Protocolo;data;hora;natureza;situacao;bairro;endereco;numero;detalhe_endereco_acidente;complemento;bairro_cruzamento;num_semaforo;sentido_via;tipo;auto;moto;ciclom;ciclista;pedestre;onibus;caminhao;viatura;outros;vitimas;vitimasfatais;acidente_verificado;tempo_clima;situacao_semaforo;sinalizacao;condicao_via;conservacao_via;ponto_controle;situacao_placa;velocidade_max_via;mao_direcao;divisao_via1;divisao_via2;divisao_via3
202326531,0;2023-11-09;07:50:00;COM VÍTIMA;FINALIZADA;PINA;AVENIDA CELSO FURTADO (VIA MANGUE);;;PROX. AO RIO MAR;PINA;;;COLISÃO LATERAL;0,0;1,0;0,0;0,0;0,0;0,0;0,0;0,0;0,0;1,0;0,0;;;;;;;;;;;;;
202326533,0;2023-11-09;07:58:00;COM VÍTIMA;FINALIZADA;IPUTINGA;EST DO BARBALHO;761;;EM FRENTE AO DENTRAN;IPUTINGA;;;COLISÃO FRONTAL;1,0;1,0;0,0;0,0;0,0;0,0;0,0;0,0;0,0;1,0;0,0;;;;;;;;;;;;;
202326549,0;2023-11-09;10:05:00;COM VÍTIMA;FINALIZADA;IBURA;AV DOIS RIOS;;;EM FRENTE A ACADEMIA MOTIVE, PROX. AO POSTO BR;IBURA;;;COLISÃO LATERAL;0,0;1,0;0,0;0,0;0,0;0,0;0,0;0,0;0,0;1,0;0,0;;;;;;;;;;;;;
202326559,0;2023-11-09;10:56:00;COM VÍTIMA;FINALIZADA;BOA VISTA;AV CONDE DA BOA VISTA;;RUA DA UNIAO;AO LADO DO BANCO ITAU;BOA VISTA;;;COLISÃO COM CICLISTA;1,0;0,0;0,0;1,0;0,0;0,0;0,0;0,0;0,0;2,0;0,0;;;;;;;;;;;;;
202326560,0;2023-11-09;11:02:00;COM VÍTIMA;FINALIZADA;BOA VIAGEM;AV CONSELHEIRO AGUIAR;1472;;PROX A GALERIA TRADE CENTER /  PROX A PHARMAPELE E DROGASIL;BOA VIAGEM;;;COLISÃO;1,0;2,0;0,0;0,0;0,0;0,0;0,0;0,0;0,0;1,0;0,0;;;;;;;;;;;;;
202326576,0;2023-11-09;01:35:00;COM VÍTIMA;FINALIZADA;IBURA;RUA EMILIO MONTEIRO FONSECA;1532;;AO ALADO DA ASSEMBLEIA DE DEUS;IBURA;;;COLISÃO LATERAL;1,0;1,0;0,0;0,0;0,0;0,0;0,0;0,0;0,0;1,0;0,0;;;;;;;;;;;;;
202326593,0;2023-11-09;04:20:00;COM VÍTIMA;DUPLICIDADE;AFOGADOS;RUA SAO MIGUEL;577;;EM FRENTE AO PONTO DAS BATERIAS;AFOGADOS;;;COLISÃO COM CICLISTA;0,0;0,0;0,0;1,0;0,0;0,0;0,0;0,0;0,0;1,0;0,0;;;;;;;;;;;;;
202326594,0;2023-11-09;04:22:00;COM VÍTIMA;CANCELADA;0;AV NORTE MIGUEL ARRAES DE ALENCAR;9375;;PADARIA DO ROSARINHO;0;;;COLISÃO LATERAL;0,0;0,0;0,0;0,0;0,0;0,0;0,0;0,0;0,0;1,0;0,0;;;;;;;;;;;;;
202326595,0;2023-11-09;04:38:00;COM VÍTIMA;FINALIZADA;AFOGADOS;RUA SAO MIGUEL;553;;E/F A IGREJA DA FE DO BRASIL  VT  18 NO LOCAL;AFOGADOS;;;COLISÃO COM CICLISTA;0,0;0,0;0,0;1,0;0,0;0,0;0,0;0,0;0,0;1,0;0,0;;;;;;;;;;;;;
202326606,0;2023-11-09;05:15:00;COM VÍTIMA;FINALIZADA;SAO JOSE;RUA DO PEIXOTO;;;;SAO JOSE;;;COLISÃO;0,0;0,0;0,0;0,0;0,0;0,0;0,0;0,0;0,0;1,0;0,0;;;;;;;;;;;;;
202326607,0;2023-11-09;05:36:00;COM VÍTIMA;FINALIZADA;VARZEA;RUA VISCONDE DE BARBACENA;;RUA AGRICOLANDIA;PROX AO HOSPITAL HAPVIDA POR TRAS DA PRAÇA DE TAXI;VARZEA;;;COLISÃO LATERAL;1,0;1,0;0,0;0,0;0,0;0,0;0,0;0,0;0,0;1,0;0,0;;;;;;;;;;;;;
202326608,0;2023-11-09;05:52:00;COM VÍTIMA;FINALIZADA;ENGENHO DO MEIO;RUA ANTONIO CURADO;846;;APÓS O PRESIDIO BOM PASTOR;ENGENHO DO MEIO;;;COLISÃO LATERAL;0,0;0,0;0,0;0,0;0,0;0,0;0,0;0,0;0,0;1,0;0,0;;;;;;;;;;;;;
202326610,0;2023-11-09;06:33:00;SEM VÍTIMA;FINALIZADA;SANTO ANTONIO;AV RIO CAPIBARIBE;;;EM CIMA DA PORTE DUARTE COELHO;SANTO ANTONIO;;;COLISÃO LATERAL;0,0;0,0;0,0;0,0;0,0;1,0;0,0;1,0;0,0;0,0;0,0;;;;;;;;;;;;;
202326612,0;2023-11-09;07:43:00;COM VÍTIMA;DUPLICIDADE;SANTO AMARO;RUA DOS PALMARES;;RUA TREZE DE MAIO;;SANTO AMARO;30,0;;COLISÃO FRONTAL;0,0;0,0;0,0;0,0;0,0;0,0;0,0;0,0;0,0;1,0;0,0;;;;;;;;;;;;;
202326613,0;2023-11-09;07:53:00;COM VÍTIMA;FINALIZADA;SANTO AMARO;RUA DOS PALMARES;263;;PRÓX. AO INSS;SANTO AMARO;;;COLISÃO;1,0;1,0;0,0;0,0;0,0;0,0;0,0;0,0;0,0;1,0;0,0;;;;;;;;;;;;;
202326615,0;2023-11-09;08:20:00;COM VÍTIMA;FINALIZADA;PINA;AV ENGENHEIRO DOMINGOS FERREIRA;1187;;EM FRENTE AO POSTO SHELL;PINA;;;ATROPELAMENTO DE PESSOA;0,0;0,0;0,0;0,0;1,0;1,0;0,0;0,0;0,0;1,0;0,0;;;;;;;;;;;;;
202326625,0;2023-11-10;03:28:00;SEM VÍTIMA;FINALIZADA;BOA VIAGEM;RUA SA E SOUZA;;RUA BARAO DE SOUZA LEAO;EM FRENTE À ESCOLA BRIGADEIRO EDUARDO GOMES;BOA VIAGEM;159,0;CIDADE;COLISÃO TRASEIRA;1,0;0,0;0,0;0,0;0,0;0,0;0,0;1,0;0,0;0,0;0,0;;;;;;;;;;;;;
202326645,0;2023-11-10;08:57:00;COM VÍTIMA;FINALIZADA;SANTO AMARO;AV GOVERNADOR AGAMENON MAGALHAES;;;EM FRENTE A FÁBRICA TACARUNA ( SENTIDO CIDADE );SANTO AMARO;;SUBURBIO;COLISÃO LATERAL;1,0;1,0;0,0;0,0;0,0;0,0;0,0;0,0;0,0;1,0;0,0;;;;;;;;;;;;;
202326676,0;2023-11-10;02:51:00;COM VÍTIMA;FINALIZADA;PARNAMIRIM;RUA SEBASTIAO ALVES;273;;E/F AO  FAACA  BOTECO  E PARRILLA;PARNAMIRIM;;;COLISÃO FRONTAL;1,0;1,0;0,0;0,0;0,0;0,0;0,0;0,0;0,0;1,0;0,0;;;;;;;;;;;;;
202326679,0;2023-11-10;02:59:00;COM VÍTIMA;FINALIZADA;ENCRUZILHADA;RUA CONS PORTELA;250;;BANCO ITAU DA ENCRUZILHADA;ENCRUZILHADA;;;COLISÃO LATERAL;0,0;0,0;0,0;0,0;0,0;0,0;0,0;0,0;0,0;1,0;0,0;;;;;;;;;;;;;
202326685,0;2023-11-10;04:21:00;COM VÍTIMA;FINALIZADA;IBURA;AV DOIS RIOS;307;;BANCA DE JOGO CAMINHO DA SORTE;IBURA;;;COLISÃO LATERAL;0,0;1,0;0,0;0,0;0,0;1,0;0,0;0,0;0,0;1,0;0,0;;;;;;;;;;;;;
202326686,0;2023-11-10;04:21:00;COM VÍTIMA;FINALIZADA;SANTO AMARO;AV MARIO MELO;882;;ESCOLA SILVIO RABELO;SANTO AMARO;;;COLISÃO LATERAL;0,0;0,0;0,0;0,0;0,0;0,0;0,0;0,0;0,0;1,0;0,0;;;;;;;;;;;;;
202326700,0;2023-11-10;05:51:00;COM VÍTIMA;CANCELADA;IBURA;AV DOIS RIOS;;;E/F AO POSTO SHEL;IBURA;;;COLISÃO TRASEIRA;1,0;1,0;0,0;0,0;0,0;0,0;0,0;0,0;0,0;1,0;0,0;;;;;;;;;;;;;
202326718,0;2023-11-10;06:55:00;COM VÍTIMA;FINALIZADA;ARRUDA;RUA RAMIZ GALVAO;;;PROX AO ESTÁDIO DO SANTA CRUZ;ARRUDA;;;COLISÃO FRONTAL;1,0;1,0;0,0;0,0;0,0;0,0;0,0;0,0;0,0;1,0;0,0;;;;;;;;;;;;;
202326719,0;2023-11-10;07:09:00;COM VÍTIMA;FINALIZADA;BAIRRO DO RECIFE;RUA DO BRUM;;;EM FRENTE AO TRF;BAIRRO DO RECIFE;;;COLISÃO TRANSVERSAL;1,0;1,0;0,0;0,0;0,0;0,0;0,0;0,0;0,0;1,0;0,0;;;;;;;;;;;;;
202326720,0;2023-11-10;07:20:00;COM VÍTIMA;FINALIZADA;JARDIM SAO PAULO;AV SAO PAULO;;;EM FRENTE AO MINI SHOPPING;JARDIM SAO PAULO;;;COLISÃO TRASEIRA;1,0;1,0;0,0;0,0;0,0;0,0;0,0;0,0;0,0;1,0;0,0;;;;;;;;;;;;;
202326722,0;2023-11-10;07:37:00;COM VÍTIMA;CANCELADA;ENGENHO DO MEIO;RUA ANTONIO CURADO;194;;COM A RUA MANOEL  CORTE  REAL;ENGENHO DO MEIO;;;COLISÃO TRANSVERSAL;1,0;1,0;0,0;0,0;0,0;0,0;0,0;0,0;0,0;1,0;0,0;;;;;;;;;;;;;
202326725,0;2023-11-10;07:53:00;COM VÍTIMA;CANCELADA;TORROES;AV ENGENHEIRO ABDIAS DE CARVALHO;;;APÓS O POSTO SHELL , SENTIDO BR 232;TORROES;;;ATROPELAMENTO DE PESSOA;1,0;0,0;0,0;0,0;2,0;0,0;0,0;0,0;0,0;2,0;0,0;;;;;;;;;;;;;
202326738,0;2023-11-11;01:26:00;COM VÍTIMA;FINALIZADA;CORDEIRO;AV CAXANGA;;RUA CLAUDIO BROTHERHOOD;DEFRONTE AO PARQUE DE EXPOSIÇÃO DE ANIMAIS DO CORDEIRO - SENTIDO CIDADE;CORDEIRO;;CIDADE;COLISÃO;1,0;1,0;0,0;0,0;0,0;0,0;0,0;0,0;0,0;2,0;0,0;;;;;;;;;;;;;
202326743,0;2023-11-11;03:51:00;COM VÍTIMA;FINALIZADA;MADALENA;RUA REAL DA TORRE;;;PRÓXIMO A RUA JOSÉ OSÓRIO;MADALENA;;;COLISÃO TRANSVERSAL;1,0;1,0;0,0;0,0;0,0;0,0;0,0;0,0;0,0;2,0;0,0;;;;;;;;;;;;;
202326754,0;2023-11-11;05:42:00;COM VÍTIMA;FINALIZADA;AFOGADOS;RUA PROFESSOR AUGUSTO WANDERLEY FILHO;;;COM A RUA MOCOTOLOMBÓ;AFOGADOS;;;COLISÃO;0,0;1,0;0,0;0,0;0,0;0,0;0,0;0,0;0,0;2,0;0,0;;;;;;;;;;;;;
202326795,0;2023-11-11;11:27:00;COM VÍTIMA;FINALIZADA;BOA VIAGEM;RUA ANTONIO FALCAO;;;PROX A SONHARES COLCHÕES E ASSESSÓRIOS,  PROX  A VILMA  AUTO CENTER,   PROX A ESTAÇÃO ANTONIO FALCÃO;BOA VIAGEM;;;COLISÃO LATERAL;0,0;1,0;0,0;0,0;0,0;0,0;0,0;0,0;0,0;1,0;0,0;;;;;;;;;;;;;
202326807,0;2023-11-11;02:11:00;COM VÍTIMA;FINALIZADA;CAXANGA;RUA ELIZEU CAVALCANTE;;;PROX A ENTRADA DA ESTAÇAO DO BRT NO SEMFORO 265;CAXANGA;;;COLISÃO COM CICLISTA;0,0;0,0;0,0;1,0;0,0;0,0;0,0;0,0;0,0;1,0;0,0;;;;;;;;;;;;;
202326808,0;2023-11-11;02:39:00;COM VÍTIMA;FINALIZADA;AFOGADOS;TRV SAO MIGUEL;176;;EM FRENTE AO SHOPPING SAO MIGUEL CENTER;AFOGADOS;;;COLISÃO TRASEIRA;1,0;1,0;0,0;0,0;0,0;0,0;0,0;0,0;0,0;1,0;0,0;;;;;;;;;;;;;
202326809,0;2023-11-11;02:45:00;COM VÍTIMA;FINALIZADA;CASA FORTE;AV DEZESSETE DE AGOSTO;;;E/F AO BAR CHEF;CASA FORTE;;;COLISÃO LATERAL;1,0;1,0;0,0;0,0;0,0;0,0;0,0;0,0;0,0;1,0;0,0;;;;;;;;;;;;;
202326812,0;2023-11-11;03:06:00;COM VÍTIMA;FINALIZADA;BOA VIAGEM;RUA ANTONIO FALCAO;;RUA FRANCISCO DA CUNHA;EM FRENTE A FARMACIA DROGASIL;BOA VIAGEM;;;COLISÃO TRASEIRA;1,0;1,0;0,0;0,0;0,0;0,0;0,0;0,0;0,0;2,0;0,0;;;;;;;;;;;;;
202326813,0;2023-11-11;03:08:00;COM VÍTIMA;FINALIZADA;ILHA DO RETIRO;EST DOS REMEDIOS;1355;;E/F A VIA TOTAL PNEUS  AO RESTAURANTE  PONTO DO GAUCHO;ILHA DO RETIRO;1355,0;;COLISÃO LATERAL;0,0;0,0;0,0;0,0;0,0;0,0;0,0;0,0;0,0;1,0;0,0;;;;;;;;;;;;;
202326823,0;2023-11-11;04:39:00;COM VÍTIMA;FINALIZADA;SAO JOSE;AV SUL;;;PROX AO POSTO BR  EM BAIXO DO VIADUTO CAPITÃO TEMUDO;SAO JOSE;;SUBURBIO;COLISÃO FRONTAL;0,0;0,0;0,0;0,0;0,0;2,0;0,0;0,0;0,0;2,0;0,0;;;;;;;;;;;;;
202326830,0;2023-11-11;05:05:00;COM VÍTIMA;FINALIZADA;PRADO;RUA JOAO IVO DA SILVA;;;PROX A LOJA ELETRO TEC;PRADO;;;COLISÃO TRASEIRA;1,0;1,0;0,0;0,0;0,0;0,0;0,0;0,0;0,0;1,0;0,0;;;;;;;;;;;;;
202326831,0;2023-11-11;05:08:00;COM VÍTIMA;FINALIZADA;CORDEIRO;RUA CLAUDIO BROTHERHOOD;887;PRC DR JOSE VILELA;AO LADO DA OFICINA DO MADSON;CORDEIRO;;;COLISÃO LATERAL;0,0;1,0;0,0;0,0;0,0;0,0;0,0;0,0;0,0;1,0;0,0;;;;;;;;;;;;;
202326832,0;2023-11-11;05:09:00;COM VÍTIMA;FINALIZADA;IMBIRIBEIRA;AV MARECHAL MASCARENHAS DE MORAES;3175;RUA MURITIBA;PRÓXIMO A FERREIRA COSTA;IMBIRIBEIRA;;CIDADE;COLISÃO TRASEIRA;4,0;1,0;0,0;0,0;0,0;0,0;0,0;0,0;0,0;2,0;0,0;;;;;;;;;;;;;
202326833,0;2023-11-11;05:11:00;COM VÍTIMA;FINALIZADA;IMBIRIBEIRA;RUA JOSE DA SILVA LUCENA;497;;PROXA FERREIRA COSTA;IMBIRIBEIRA;;;COLISÃO LATERAL;0,0;0,0;0,0;0,0;0,0;0,0;0,0;0,0;0,0;1,0;0,0;;;;;;;;;;;;;
202326834,0;2023-11-11;05:37:00;COM VÍTIMA;FINALIZADA;PORTO DA MADEIRA;AV BEBERIBE;;;PROX AO POSTO BC E A GALERIA CAJUEIRO;PORTO DA MADEIRA;;;QUEDA;0,0;1,0;0,0;0,0;0,0;0,0;0,0;0,0;0,0;1,0;0,0;;;;;;;;;;;;;
202326836,0;2023-11-11;05:53:00;COM VÍTIMA;FINALIZADA;SAN MARTIN;AV ENGENHEIRO ABDIAS DE CARVALHO;;;PROX AO ATACAREJO  E/F AO COMPAZ;SAN MARTIN;;;COLISÃO LATERAL;0,0;0,0;0,0;0,0;0,0;0,0;0,0;0,0;0,0;1,0;0,0;;;;;;;;;;;;;
202326837,0;2023-11-11;05:54:00;COM VÍTIMA;FINALIZADA;JAQUEIRA;AV RUI BARBOSA;;;NA ESQUINA DA ACADEMIA LAITE;JAQUEIRA;;;COLISÃO FRONTAL;1,0;1,0;0,0;0,0;0,0;0,0;0,0;0,0;0,0;1,0;0,0;;;;;;;;;;;;;
202326841,0;2023-11-11;08:43:00;COM VÍTIMA;FINALIZADA;SANTO AMARO;RUA DA UNIAO;;;COM A RUA MAMEDE SIMÕES AO LADO DA ASSEMLÉIA LEGISLATIVA;SANTO AMARO;;;COLISÃO TRANSVERSAL;1,0;1,0;0,0;0,0;0,0;0,0;0,0;0,0;0,0;1,0;0,0;;;;;;;;;;;;;
202326842,0;2023-11-11;09:22:00;COM VÍTIMA;FINALIZADA;SAO JOSE;RUA IMPERIAL;1222;;ANTES DO VIADUTO CAP TEMUDO;SAO JOSE;;;CAPOTAMENTO;2,0;1,0;0,0;0,0;0,0;0,0;0,0;0,0;0,0;2,0;0,0;;;;;;;;;;;;;
202326843,0;2023-11-11;11:21:00;COM VÍTIMA;FINALIZADA;VARZEA;RUA ABATIA;363;;EM FRENTE AO FRIGÓRIFICO ABATIA;VARZEA;;;COLISÃO TRANSVERSAL;1,0;1,0;0,0;0,0;0,0;0,0;0,0;0,0;0,0;1,0;0,0;;;;;;;;;;;;;
202326871,0;2023-11-12;09:22:00;COM VÍTIMA;FINALIZADA;IMBIRIBEIRA;VIADUTO TANCREDO NEVES;;;PROX A UPA DA IMBIRIBEIRA / SENTIDO AV RECIFE;IMBIRIBEIRA;;;COLISÃO;1,0;1,0;0,0;0,0;0,0;0,0;0,0;0,0;0,0;1,0;0,0;;;;;;;;;;;;;
202326874,0;2023-11-12;10:24:00;COM VÍTIMA;FINALIZADA;ILHA DO RETIRO;AV ENGENHEIRO ABDIAS DE CARVALHO;;;EM FRENTE A ILHA DO RETIRO;ILHA DO RETIRO;;;COLISÃO;0,0;1,0;0,0;0,0;0,0;0,0;0,0;0,0;0,0;1,0;0,0;;;;;;;;;;;;;
202326877,0;2023-11-12;11:02:00;COM VÍTIMA;FINALIZADA;COQUEIRAL;RUA DR JOSE CORNELIO;;;PROX A ESTAÇÃO DE METRO COQUEIRAL;COQUEIRAL;;;COLISÃO;0,0;1,0;0,0;0,0;0,0;0,0;0,0;0,0;0,0;1,0;0,0;;;;;;;;;;;;;
202326881,0;2023-11-12;11:39:00;COM VÍTIMA;FINALIZADA;ILHA DO RETIRO;AV ENGENHEIRO ABDIAS DE CARVALHO;;;EM FRENTE AO CAMPO DE SPORT;ILHA DO RETIRO;;;COLISÃO;0,0;1,0;0,0;0,0;0,0;0,0;0,0;0,0;0,0;1,0;0,0;;;;;;;;;;;;;
202326882,0;2023-11-12;12:28:00;COM VÍTIMA;FINALIZADA;PONTO DE PARADA;RUA PROFESSOR JERONIMO GUEIROS;;;PROX A COCA COLA;PONTO DE PARADA;;;QUEDA;0,0;1,0;0,0;0,0;0,0;0,0;0,0;0,0;0,0;1,0;0,0;;;;;;;;;;;;;
202326898,0;2023-11-12;05:16:00;SEM VÍTIMA;FINALIZADA;AREIAS;AV CAPITAO GREGORIO DE CALDAS;79;;CLINICA CENTER / CARREFOUR DA AV. RECIFE;AREIAS;;;COLISÃO FRONTAL;4,0;0,0;0,0;0,0;0,0;0,0;0,0;0,0;0,0;0,0;0,0;;;;;;;;;;;;;
202326901,0;2023-11-12;06:01:00;COM VÍTIMA;FINALIZADA;TEJIPIO;AV DR JOSE RUFINO;4709;;ESCOLA ALBERTO TORRES;TEJIPIO;;;COLISÃO LATERAL;0,0;0,0;0,0;0,0;0,0;0,0;0,0;0,0;0,0;1,0;0,0;;;;;;;;;;;;;
202326911,0;2023-11-12;06:56:00;COM VÍTIMA;FINALIZADA;PARNAMIRIM;RUA VIRGINIA LORETO;84;;POR TRÁS DA IGREJA DOS MORMONS;PARNAMIRIM;;;COLISÃO LATERAL;0,0;0,0;0,0;0,0;0,0;0,0;0,0;0,0;0,0;1,0;0,0;;;;;;;;;;;;;
202326916,0;2023-11-12;08:35:00;COM VÍTIMA;CANCELADA;IPUTINGA;AV CAXANGA;8889;;EM FRENTE A AUTO ESCOLA PILOTO E A CONCESSIONÁRIA DA HONDA;IPUTINGA;;;COLISÃO;0,0;0,0;0,0;0,0;0,0;0,0;0,0;0,0;0,0;1,0;0,0;;;;;;;;;;;;;
202326917,0;2023-11-12;08:46:00;SEM VÍTIMA;FINALIZADA;MACAXEIRA;RUA CORONEL JOAO BATISTA DO REGO BARROS;21;;PARQUE DA MACAXEIRA;MACAXEIRA;671,0;;COLISÃO TRASEIRA;1,0;1,0;0,0;0,0;0,0;0,0;0,0;0,0;0,0;0,0;0,0;;;;;;;;;;;;;
202326918,0;2023-11-12;09:16:00;COM VÍTIMA;FINALIZADA;CASA FORTE;AV DEZESSETE DE AGOSTO;1645;;APÓS A PRAÇA DE CASA FORTE;CASA FORTE;;;COLISÃO;0,0;2,0;0,0;0,0;0,0;0,0;0,0;0,0;0,0;2,0;0,0;;;;;;;;;;;;;
202326920,0;2023-11-12;10:50:00;COM VÍTIMA;CANCELADA;BOA VIAGEM;RUA VISCONDE DE JEQUITINHONHA;;;POR TRÁS DO PARQUE DONA LINDU;BOA VIAGEM;;;COLISÃO;0,0;1,0;0,0;0,0;0,0;0,0;0,0;0,0;0,0;1,0;0,0;;;;;;;;;;;;;
202326929,0;2023-11-13;06:33:00;COM VÍTIMA;FINALIZADA;SANTO ANTONIO;RUA DO SOL;;;EM FRENTE AO TEATRO SANTA ISABEL;SANTO ANTONIO;;;COLISÃO LATERAL;0,0;1,0;0,0;0,0;0,0;0,0;0,0;0,0;0,0;1,0;0,0;;;;;;;;;;;;;
202326950,0;2023-11-13;09:20:00;COM VÍTIMA;FINALIZADA;MADALENA;RUA CLOVIS BEVILAQUA;;;EM FRENTE A ASSOCIAÇÃO BANDEPE;MADALENA;;;COLISÃO;0,0;1,0;0,0;0,0;0,0;0,0;0,0;0,0;0,0;1,0;0,0;;;;;;;;;;;;;
202326957,0;2023-11-13;10:38:00;COM VÍTIMA;FINALIZADA;GUABIRABA;RUA ALTO JOSE IDALINO;;;PROX AO TERMINAL DE ONIBUS / NA ESQUINA DA IGREJA BATISTA;GUABIRABA;;;COLISÃO;0,0;1,0;0,0;0,0;0,0;0,0;0,0;0,0;0,0;1,0;0,0;;;;;;;;;;;;;
202326963,0;2023-11-13;11:43:00;COM VÍTIMA;FINALIZADA;COELHOS;PTE JOAQUIM CARDOSO;;;PROX AO FORUM JOANA BEZERRA;COELHOS;;;COLISÃO;0,0;1,0;0,0;0,0;0,0;0,0;0,0;0,0;0,0;1,0;0,0;;;;;;;;;;;;;
202326983,0;2023-11-13;02:50:00;SEM VÍTIMA;FINALIZADA;TEJIPIO;RUA FALCAO DE LACERDA;;;PRÓXIMO AO CARTÓRIO;TEJIPIO;;;COLISÃO;0,0;0,0;0,0;0,0;0,0;0,0;0,0;0,0;0,0;0,0;0,0;;;;;;;;;;;;;
202327003,0;2023-11-13;05:42:00;COM VÍTIMA;FINALIZADA;ENGENHO DO MEIO;RUA FRANCISCO BEZERRA MONTEIRO;390;;BET PLACE;ENGENHO DO MEIO;;;COLISÃO LATERAL;0,0;0,0;0,0;0,0;0,0;0,0;0,0;0,0;0,0;1,0;0,0;;;;;;;;;;;;;
202327010,0;2023-11-13;07:26:00;COM VÍTIMA;FINALIZADA;CAMPO GRANDE;AV PROFESSOR JOSE DOS ANJOS;1556;;UNIDADE DE SAUDE ANTONIO FRANCISCO AREIAS;CAMPO GRANDE;;;COLISÃO LATERAL;1,0;0,0;0,0;1,0;0,0;0,0;0,0;0,0;0,0;1,0;0,0;;;;;;;;;;;;;
202327011,0;2023-11-13;07:16:00;COM VÍTIMA;FINALIZADA;BOA VIAGEM;RUA DOS NAVEGANTES;;;COM A RUA ERNESTO  DE PAULA SANTOS;BOA VIAGEM;;;COLISÃO LATERAL;1,0;1,0;0,0;0,0;0,0;0,0;0,0;0,0;0,0;1,0;0,0;;;;;;;;;;;;;
202327050,0;2023-11-14;07:56:00;COM VÍTIMA;FINALIZADA;TORREAO;RUA OTHON PARAISO;123;;EM FRENTE AO EDF. FUTURO NOEMIA PARAISO;TORREAO;;;COLISÃO LATERAL;1,0;1,0;0,0;0,0;0,0;0,0;0,0;0,0;0,0;1,0;0,0;;;;;;;;;;;;;
202327056,0;2023-11-14;08:38:00;COM VÍTIMA;FINALIZADA;IMBIRIBEIRA;RUA ALVARO AMORIM;;AV MARECHAL MASCARENHAS DE MORAES;NO SEMAFORO 279;IMBIRIBEIRA;;;COLISÃO LATERAL;1,0;1,0;0,0;0,0;0,0;0,0;0,0;0,0;0,0;1,0;0,0;;;;;;;;;;;;;
202327066,0;2023-11-14;09:38:00;COM VÍTIMA;FINALIZADA;IBURA;RUA DOZE DE JUNHO;;;PROX. AO MERCADO PROABE ALIMENTOS E COOMUNIDADE VINTE E SETE DE NOVEMBRO;IBURA;;;COLISÃO LATERAL;0,0;1,0;0,0;0,0;0,0;0,0;0,0;0,0;0,0;1,0;0,0;;;;;;;;;;;;;
202327077,0;2023-11-14;11:12:00;COM VÍTIMA;FINALIZADA;IMBIRIBEIRA;AV MARECHAL MASCARENHAS DE MORAES;;;NO FINAL DO MURO DO AEROPORTO / NA ENTRADA DO JORDÃO;IMBIRIBEIRA;;;COLISÃO;0,0;1,0;0,0;0,0;0,0;0,0;0,0;0,0;0,0;1,0;0,0;;;;;;;;;;;;;
202327086,0;2023-11-14;12:35:00;SEM VÍTIMA;FINALIZADA;SAO JOSE;TRV DO GUSMAO;178;;;SAO JOSE;;;COLISÃO LATERAL;1,0;0,0;0,0;0,0;0,0;1,0;0,0;0,0;0,0;0,0;0,0;;;;;;;;;;;;;
202327087,0;2023-11-14;12:46:00;COM VÍTIMA;FINALIZADA;CASA FORTE;AV DEZESSETE DE AGOSTO;;;EM FRENTE AO PET E CIA;CASA FORTE;;;COLISÃO;0,0;1,0;0,0;0,0;0,0;0,0;0,0;0,0;0,0;1,0;0,0;;;;;;;;;;;;;
202327088,0;2023-11-14;12:50:00;COM VÍTIMA;FINALIZADA;SANTO AMARO;AV CRUZ CABUGA;;;EM FRENTE AO SENAI CRUZAMENTO COM FREI CASSIMIRO;SANTO AMARO;;;COLISÃO;0,0;1,0;0,0;0,0;0,0;0,0;0,0;0,0;0,0;1,0;0,0;;;;;;;;;;;;;
202327102,0;2023-11-14;04:20:00;COM VÍTIMA;FINALIZADA;IPUTINGA;EST DO BARBALHO;980;;PROX AO DETRAN E/F CONAB;IPUTINGA;;;COLISÃO FRONTAL;0,0;2,0;0,0;0,0;0,0;0,0;0,0;0,0;0,0;2,0;0,0;;;;;;;;;;;;;
202327119,0;2023-11-14;06:56:00;COM VÍTIMA;CANCELADA;ARRUDA;AV BEBERIBE;;;DE FRENTE AO ESTÁDIO DO SANTA CRUZ;ARRUDA;;;COLISÃO LATERAL;1,0;1,0;0,0;0,0;0,0;0,0;0,0;0,0;0,0;1,0;0,0;;;;;;;;;;;;;
202327120,0;2023-11-14;07:52:00;COM VÍTIMA;CANCELADA;DOIS UNIDOS;AV HILDEBRANDO DE VASCONCELOS;1202;;PRÓXIMO AO COLEGIO ESTADUAL E AO ANTIGO CT DO SANTA CRUZ;DOIS UNIDOS;;;COLISÃO;0,0;1,0;0,0;0,0;0,0;0,0;0,0;0,0;0,0;1,0;0,0;;;;;;;;;;;;;
202327123,0;2023-11-14;08:26:00;COM VÍTIMA;CANCELADA;IBURA;AV RIO SAO FRANCISCO;160;;UR1 PRÓXIMO A ACADEMIA DA CIDADE;IBURA;;;COLISÃO;0,0;0,0;0,0;0,0;0,0;0,0;0,0;0,0;0,0;1,0;0,0;;;;;;;;;;;;;