Protocolo;data;hora;natureza;situacao;bairro;endereco;numero;detalhe_endereco_acidente;complemento;bairro_cruzamento;num_semaforo;sentido_via;tipo;auto;moto;ciclom;ciclista;pedestre;onibus;caminhao;viatura;outros;vitimas;vitimasfatais;acidente_verificado;tempo_clima;situacao_semaforo;sinalizacao;condicao_via;conservacao_via;ponto_controle;situacao_placa;velocidade_max_via;mao_direcao;divisao_via1;divisao_via2;divisao_via3
202329790,0;2023-12-11;02:45:00;COM VÍTIMA;FINALIZADA;TORROES;RUA DR MIGUEL VIEIRA FERREIRA;302;;E/F AO EDIFICIO OCEANO // TORRE BRASA DO CORDEIRO;TORROES;;;COLISÃO;0,0;1,0;0,0;0,0;0,0;0,0;0,0;0,0;0,0;1,0;0,0;;;;;;;;;;;;;
202329800,0;2023-12-11;04:37:00;SEM VÍTIMA;FINALIZADA;SANTO AMARO;AV NORTE MIGUEL ARRAES DE ALENCAR;;;E/F AO QUARTEL AO LADO DO CEMITERIO DOS INGLESES;SANTO AMARO;;;COLISÃO LATERAL;2,0;0,0;0,0;0,0;0,0;0,0;0,0;0,0;0,0;0,0;0,0;;;;;;;;;;;;;
202329803,0;2023-12-11;04:47:00;SEM VÍTIMA;FINALIZADA;IMBIRIBEIRA;AV MARECHAL MASCARENHAS DE MORAES;;;E/F AO ATACADO DOS PRESENTES SENTIDO AEROPORTO;IMBIRIBEIRA;;;COLISÃO TRASEIRA;1,0;0,0;0,0;0,0;0,0;0,0;0,0;1,0;0,0;0,0;0,0;;;;;;;;;;;;;
202329812,0;2023-12-11;06:10:00;COM VÍTIMA;FINALIZADA;PRADO;RUA MANOEL DE ARRUDA CAMARA;159;;ANTIGO CAVALO DOURADO;PRADO;;;ATROPELAMENTO DE PESSOA;0,0;0,0;0,0;0,0;1,0;1,0;0,0;0,0;0,0;1,0;0,0;;;;;;;;;;;;;
202329813,0;2023-12-11;06:22:00;COM VÍTIMA;FINALIZADA;MONTEIRO;RUA DE APIPUCOS;50;;EDF. PORTA D'AGUA;MONTEIRO;;;COLISÃO LATERAL;1,0;1,0;0,0;0,0;0,0;0,0;0,0;0,0;0,0;1,0;0,0;;;;;;;;;;;;;
202329814,0;2023-12-11;06:22:00;COM VÍTIMA;FINALIZADA;IMBIRIBEIRA;RUA SARGENTO SILVINO DE MACEDO;396;;AO LADO DA ANATEL // IGRAJA CATEDRAL DA CONCILIAÇÃO;IMBIRIBEIRA;;;COLISÃO;0,0;1,0;0,0;0,0;0,0;0,0;0,0;0,0;0,0;1,0;0,0;;;;;;;;;;;;;
202329817,0;2023-12-11;07:45:00;COM VÍTIMA;FINALIZADA;CAXANGA;AV CAXANGA;;;QUASE EM FRENTE AO GOLF CLUB NO SENTIDO SUBÚRBIO;CAXANGA;;;COLISÃO;1,0;1,0;0,0;0,0;0,0;0,0;0,0;0,0;0,0;1,0;0,0;;;;;;;;;;;;;
202329843,0;2023-12-12;06:52:00;SEM VÍTIMA;FINALIZADA;VARZEA;AV CAXANGA;;;PRÓXIMO A UPA DA CAXANGÁ;VARZEA;;SUBURBIO;ENGAVETAMENTO;3,0;0,0;0,0;0,0;0,0;0,0;0,0;0,0;0,0;0,0;0,0;;;;;;;;;;;;;
202329844,0;2023-12-12;07:02:00;COM VÍTIMA;FINALIZADA;TORRE;RUA REAL DA TORRE;;;EM FRENTE AO POSTO SHELL, POR TRAS DO ATACDO DOS PRESENTES;TORRE;;;COLISÃO LATERAL;1,0;1,0;0,0;0,0;0,0;0,0;0,0;0,0;0,0;1,0;0,0;;;;;;;;;;;;;
202329856,0;2023-12-12;08:37:00;SEM VÍTIMA;FINALIZADA;GRACAS;AV RUI BARBOSA;;;SOB O SEMÁFORO 037;GRACAS;;CIDADE;COLISÃO LATERAL;0,0;0,0;0,0;0,0;0,0;1,0;0,0;1,0;0,0;0,0;0,0;;;;;;;;;;;;;
202329859,0;2023-12-12;08:58:00;COM VÍTIMA;FINALIZADA;ESPINHEIRO;AV JOAO DE BARROS;;;NO VIADUTO JOAO DE BARROS;ESPINHEIRO;;;COLISÃO LATERAL;0,0;2,0;0,0;0,0;0,0;0,0;0,0;0,0;0,0;1,0;0,0;;;;;;;;;;;;;
202329861,0;2023-12-12;09:16:00;COM VÍTIMA;FINALIZADA;IMBIRIBEIRA;AV MARECHAL MASCARENHAS DE MORAES;;;EM FRENTE A CONCESSIONARIA TOTALINE SENTIDO AFOGADOS/ PROX A FACULDADE UNIVERSO;IMBIRIBEIRA;;;COLISÃO;0,0;1,0;0,0;0,0;0,0;0,0;0,0;0,0;0,0;1,0;0,0;;;;;;;;;;;;;
202329865,0;2023-12-12;09:35:00;COM VÍTIMA;FINALIZADA;MACAXEIRA;RUA SUBIDA DO PLATO;141;;PROX AO PONTO DE RETORNO DO ONIBUS ALTO DO BURITI;MACAXEIRA;;;COLISÃO FRONTAL;0,0;1,0;0,0;0,0;0,0;1,0;0,0;0,0;0,0;1,0;0,0;;;;;;;;;;;;;
202329873,0;2023-12-12;10:21:00;COM VÍTIMA;FINALIZADA;BREJO DE BEBERIBE;AV VEREADOR OTACILIO AZEVEDO;695A;;EM FRENTE AO TERMINAL DE ONIBUS NA LINHA BREJO;BREJO DE BEBERIBE;;;COLISÃO;0,0;1,0;0,0;0,0;0,0;1,0;0,0;0,0;0,0;1,0;0,0;;;;;;;;;;;;;
202329896,0;2023-12-12;01:20:00;COM VÍTIMA;CANCELADA;BOA VIAGEM;RUA AYRTON SENNA;834;;PROXIMO AO COLEGIO ESPECIAL // AO LADO DO HOSPITAL DA AERONAUTICA;BOA VIAGEM;;;COLISÃO;0,0;1,0;0,0;0,0;0,0;0,0;0,0;0,0;0,0;1,0;0,0;;;;;;;;;;;;;
202329902,0;2023-12-12;01:40:00;COM VÍTIMA;FINALIZADA;JORDAO;RUA DR ALVARO FERRAZ;391;;PROXIMO A CRECHE DE LEDA / E O TERMINAL DE ONIBUS DO JORDAO;JORDAO;;;COLISÃO;0,0;1,0;0,0;0,0;0,0;0,0;0,0;0,0;0,0;1,0;0,0;;;;;;;;;;;;;
202329903,0;2023-12-12;01:45:00;COM VÍTIMA;FINALIZADA;JARDIM SAO PAULO;AV LIBERDADE;2076;;PROXIMO A CASA LOTERICA TRES TORRES DA LIBERDADE;JARDIM SAO PAULO;;;COLISÃO;0,0;1,0;0,0;0,0;0,0;0,0;0,0;0,0;0,0;1,0;0,0;;;;;;;;;;;;;
202329906,0;2023-12-12;02:29:00;COM VÍTIMA;FINALIZADA;AREIAS;AV CENTRAL;;;AO LADO DA ESTAÇÃO WERNECK;AREIAS;;;COLISÃO;0,0;1,0;0,0;0,0;0,0;0,0;0,0;0,0;0,0;1,0;0,0;;;;;;;;;;;;;
202329917,0;2023-12-12;03:51:00;COM VÍTIMA;FINALIZADA;IBURA;RUA DOIS RIOS;;;SOB VIADUTO BR 101;IBURA;;;COLISÃO LATERAL;1,0;1,0;0,0;0,0;0,0;0,0;0,0;0,0;0,0;1,0;0,0;;;;;;;;;;;;;
202329924,0;2023-12-12;05:12:00;COM VÍTIMA;FINALIZADA;IPUTINGA;RUA AMBROSIO MACHADO;;AV MARIO ALVARES PEREIRA DE LYRA;NO SEMAFORO 134;IPUTINGA;;;COLISÃO LATERAL;1,0;1,0;0,0;0,0;0,0;0,0;0,0;0,0;0,0;1,0;0,0;;;;;;;;;;;;;
202329927,0;2023-12-12;05:20:00;COM VÍTIMA;FINALIZADA;TORRE;RUA NETO CAMPELO;68;;E/F AO EDIFICIO LAURA CAUA // POR TRAZ  DA PADARIA ARMADA;TORRE;;;COLISÃO;0,0;1,0;0,0;0,0;0,0;0,0;0,0;0,0;0,0;1,0;0,0;;;;;;;;;;;;;
202329928,0;2023-12-12;05:40:00;COM VÍTIMA;FINALIZADA;JIQUIA;AV RECIFE;;AV JOAO CABRAL DE MELO NETO;;JIQUIA;;;COLISÃO TRANSVERSAL;1,0;1,0;0,0;0,0;0,0;0,0;0,0;0,0;0,0;1,0;0,0;;;;;;;;;;;;;
202329943,0;2023-12-12;10:10:00;COM VÍTIMA;FINALIZADA;VARZEA;RUA JOAO CARNEIRO DA CUNHA;46;;;VARZEA;;;COLISÃO FRONTAL;1,0;1,0;0,0;0,0;0,0;0,0;0,0;0,0;0,0;1,0;0,0;;;;;;;;;;;;;
202329965,0;2023-12-13;07:18:00;COM VÍTIMA;FINALIZADA;BOA VIAGEM;RUA SA E SOUZA;;RUA GENERAL SALGADO;PROX. A FARMACIA DROGASIL;BOA VIAGEM;;;COLISÃO LATERAL;0,0;1,0;0,0;0,0;0,0;0,0;0,0;0,0;0,0;1,0;0,0;;;;;;;;;;;;;
202329967,0;2023-12-13;07:24:00;COM VÍTIMA;FINALIZADA;TOTO;RUA ONZE DE AGOSTO;;;PROX. AO POSTO DE SAUDE BIDU KRAUSE E COLEGIO MONSENHOR ALVARO NEGROMONTE;TOTO;;;COLISÃO LATERAL;0,0;1,0;0,0;0,0;0,0;0,0;0,0;0,0;0,0;1,0;0,0;;;;;;;;;;;;;
202329971,0;2023-12-13;07:43:00;COM VÍTIMA;FINALIZADA;IPSEP;AV RECIFE;15178;;PROX AO NUCLEO / PROX A CASA DA BATERIA;IPSEP;;;COLISÃO;0,0;1,0;0,0;0,0;0,0;0,0;0,0;0,0;0,0;1,0;0,0;;;;;;;;;;;;;
202329977,0;2023-12-13;07:58:00;COM VÍTIMA;FINALIZADA;MUSTARDINHA;AV MANOEL GONCALVES DA LUZ;;;EM FRENTE A PRAÇA DO ABC;MUSTARDINHA;;;COLISÃO;0,0;1,0;0,0;0,0;0,0;1,0;0,0;0,0;0,0;1,0;0,0;;;;;;;;;;;;;
202329986,0;2023-12-13;09:11:00;COM VÍTIMA;FINALIZADA;AFOGADOS;RUA SAO MIGUEL;110;;EM FRENTE AO CARTORIO;AFOGADOS;;;COLISÃO LATERAL;1,0;0,0;0,0;0,0;0,0;1,0;0,0;0,0;0,0;1,0;0,0;;;;;;;;;;;;;
202329988,0;2023-12-13;09:13:00;COM VÍTIMA;FINALIZADA;MADALENA;TUNEL DA ABOLICAO;;;;MADALENA;;;COLISÃO;0,0;0,0;0,0;0,0;0,0;0,0;0,0;0,0;0,0;1,0;0,0;;;;;;;;;;;;;
202329989,0;2023-12-13;09:26:00;COM VÍTIMA;FINALIZADA;GUABIRABA;AV DA RECUPERACAO;;;TERMINAL DE ONIBUS DO CORRÉGO DO GENIPAPO;GUABIRABA;;;COLISÃO;0,0;0,0;0,0;0,0;0,0;0,0;0,0;0,0;0,0;1,0;0,0;;;;;;;;;;;;;
202329992,0;2023-12-13;10:08:00;COM VÍTIMA;FINALIZADA;FUNDAO;RUA VALENTINS;;;RUA DA CBS AUTO PEÇAS;FUNDAO;;;ATROPELAMENTO DE PESSOA;1,0;0,0;0,0;0,0;1,0;0,0;0,0;0,0;0,0;1,0;0,0;;;;;;;;;;;;;
202329993,0;2023-12-13;10:10:00;COM VÍTIMA;CANCELADA;CAXANGA;AV JOAQUIM RIBEIRO;;;PROX. AO POSTO DE GASOLINA DISLUB E SUPERMERCADO TEM;CAXANGA;;;COLISÃO LATERAL;0,0;1,0;0,0;0,0;0,0;0,0;0,0;0,0;0,0;1,0;0,0;;;;;;;;;;;;;
202330006,0;2023-12-13;11:22:00;COM VÍTIMA;FINALIZADA;BOA VIAGEM;AV MARECHAL JUAREZ TAVORA;;;PROX. A DD DISTRIBUIÇÃO;BOA VIAGEM;;;COLISÃO LATERAL;0,0;1,0;0,0;0,0;0,0;0,0;0,0;0,0;0,0;1,0;0,0;;;;;;;;;;;;;
202330007,0;2023-12-13;12:01:00;COM VÍTIMA;FINALIZADA;CASA FORTE;RUA EDSON ALVARES;218;;PROX AO HOSPITAL HAP VIDA / PROX A PRAÇA DE CASA FORTE;CASA FORTE;;;COLISÃO;0,0;1,0;0,0;0,0;0,0;0,0;0,0;0,0;0,0;1,0;0,0;;;;;;;;;;;;;
202330009,0;2023-12-13;12:39:00;COM VÍTIMA;FINALIZADA;BOA VIAGEM;RUA RIBEIRO DE BRITO;901;RUA DR JOAO GUILHERME DE P SOBRINHO;EM FRENTE AO EMPRESARIAL RIBEIRO DE BRITO;BOA VIAGEM;;;COLISÃO LATERAL;1,0;1,0;0,0;0,0;0,0;0,0;0,0;0,0;0,0;1,0;0,0;;;;;;;;;;;;;
202330012,0;2023-12-13;12:52:00;COM VÍTIMA;FINALIZADA;TAMARINEIRA;EST DO ARRAIAL;2968;;EM FRENTE AO EDIFICIO PARAISO DO ARRAIAL E PROXIMO AO COLEGIO REINO MAGICO;TAMARINEIRA;;;COLISÃO LATERAL;1,0;1,0;0,0;0,0;0,0;0,0;0,0;0,0;0,0;1,0;0,0;;;;;;;;;;;;;
202330016,0;2023-12-13;01:36:00;COM VÍTIMA;FINALIZADA;BAIRRO DO RECIFE;CAIS DO APOLO;;;TRIBUNAL REGIONAL FEDERAL;BAIRRO DO RECIFE;;;COLISÃO TRASEIRA;1,0;1,0;0,0;0,0;0,0;0,0;0,0;0,0;0,0;1,0;0,0;;;;;;;;;;;;;
202330019,0;2023-12-13;02:03:00;COM VÍTIMA;FINALIZADA;SAN MARTIN;RUA GOMES TABORDA;;;FICA NO CRUZAMENTO DA GENERAL SAN MARTINS / E PROX A FARMACIA PAGUE MENOS;SAN MARTIN;67,0;;COLISÃO FRONTAL;1,0;1,0;0,0;0,0;0,0;0,0;0,0;0,0;0,0;1,0;0,0;;;;;;;;;;;;;
202330037,0;2023-12-13;04:44:00;COM VÍTIMA;FINALIZADA;GRACAS;AV DR MALAQUIAS;;;EM FRENTE A ASSOCIAÇÃO ATLETICA DO BANCO DO BRASIL;GRACAS;;;COLISÃO;0,0;1,0;0,0;0,0;0,0;0,0;0,0;0,0;0,0;1,0;0,0;;;;;;;;;;;;;
202330044,0;2023-12-13;05:17:00;COM VÍTIMA;FINALIZADA;CAMPO GRANDE;RUA JERONIMO VILELA;575;;PROXIMO SOCIETY DO VITAL;CAMPO GRANDE;;;COLISÃO LATERAL;0,0;2,0;0,0;0,0;0,0;0,0;0,0;0,0;0,0;2,0;0,0;;;;;;;;;;;;;
202330045,0;2023-12-13;05:11:00;SEM VÍTIMA;FINALIZADA;TORROES;AV ENGENHEIRO ABDIAS DE CARVALHO;603;;DLP;TORROES;;;COLISÃO LATERAL;0,0;1,0;0,0;0,0;0,0;0,0;0,0;1,0;0,0;0,0;0,0;;;;;;;;;;;;;
202330047,0;2023-12-13;05:28:00;COM VÍTIMA;FINALIZADA;SOLEDADE;RUA DAS NINFAS;;;NA RUA DO VEM GRANDE RECIFE;SOLEDADE;;;COLISÃO;0,0;1,0;0,0;0,0;0,0;0,0;0,0;0,0;0,0;1,0;0,0;;;;;;;;;;;;;
202330052,0;2023-12-13;06:24:00;COM VÍTIMA;FINALIZADA;AFOGADOS;AV SUL;;;SOB O SEMÁFORO 320;AFOGADOS;320,0;;COLISÃO FRONTAL;0,0;1,0;0,0;1,0;0,0;0,0;0,0;0,0;0,0;1,0;0,0;;;;;;;;;;;;;
202330060,0;2023-12-13;08:37:00;SEM VÍTIMA;FINALIZADA;AFOGADOS;RUA VISCONDE DE PELOTAS;;RUA VINTE E UM DE ABRIL;;AFOGADOS;334,0;SUBURBIO;COLISÃO;1,0;1,0;0,0;0,0;0,0;0,0;0,0;0,0;0,0;0,0;0,0;;;;;;;;;;;;;
202330063,0;2023-12-14;01:07:00;SEM VÍTIMA;FINALIZADA;IMBIRIBEIRA;AV MARECHAL MASCARENHAS DE MORAES;2690;RUA ITACARI;BANCO ITAÚ;IMBIRIBEIRA;225,0;SUBURBIO;COLISÃO LATERAL;0,0;1,0;0,0;0,0;0,0;0,0;0,0;1,0;0,0;0,0;0,0;;;;;;;;;;;;;
202330064,0;2023-12-14;01:28:00;COM VÍTIMA;FINALIZADA;AFOGADOS;EST DOS REMEDIOS;;RUA NICOLAU PEREIRA;;AFOGADOS;;;ATROPELAMENTO DE PESSOA;1,0;0,0;0,0;0,0;1,0;0,0;0,0;0,0;0,0;1,0;0,0;;;;;;;;;;;;;
202330080,0;2023-12-14;06:42:00;COM VÍTIMA;FINALIZADA;BONGI;EST DO BONGI;;;EM FRENTE A NEO ENERGIA DO BONGI, PROX. A IGREJA ASSEMBLEIA DE DEUS;BONGI;;;COLISÃO LATERAL;0,0;1,0;0,0;0,0;0,0;0,0;0,0;0,0;0,0;1,0;0,0;;;;;;;;;;;;;
202330081,0;2023-12-14;06:56:00;COM VÍTIMA;CANCELADA;SANTO AMARO;AV CRUZ CABUGA;;;EM FRENTE AO HOSPITAL DO CÂNCER;SANTO AMARO;;;COLISÃO LATERAL;1,0;1,0;0,0;0,0;0,0;0,0;0,0;0,0;0,0;1,0;0,0;;;;;;;;;;;;;
202330082,0;2023-12-14;07:00:00;COM VÍTIMA;FINALIZADA;BONGI;RUA ISAAC MARKMAN;;;EM FRENTE A NEO ENERGIA;BONGI;;;COLISÃO LATERAL;0,0;1,0;0,0;0,0;0,0;0,0;0,0;0,0;0,0;1,0;0,0;;;;;;;;;;;;;
202330092,0;2023-12-14;08:09:00;COM VÍTIMA;FINALIZADA;IPUTINGA;AV CAXANGA;4567;;LADO OPOSTO AO GOLFE CLUBE;IPUTINGA;;;COLISÃO;1,0;1,0;0,0;0,0;0,0;0,0;0,0;0,0;0,0;1,0;0,0;;;;;;;;;;;;;
202330095,0;2023-12-14;08:24:00;COM VÍTIMA;FINALIZADA;PINA;RUA FRANCISCO VALPASSOS;;;PRAÇA ABELARDO BALTAR;PINA;;;COLISÃO;1,0;1,0;0,0;0,0;0,0;0,0;0,0;0,0;0,0;1,0;0,0;;;;;;;;;;;;;
202330098,0;2023-12-14;09:00:00;SEM VÍTIMA;FINALIZADA;BOA VIAGEM;AV BOA VIAGEM;;;NAS PROXIMIDADES AO PARQUE DONA LINDU;BOA VIAGEM;;;COLISÃO;0,0;0,0;0,0;0,0;0,0;0,0;0,0;0,0;0,0;0,0;0,0;;;;;;;;;;;;;
202330105,0;2023-12-14;10:19:00;COM VÍTIMA;FINALIZADA;IPUTINGA;EST DO BARBALHO;;;PROX. AO MIX MATHEUS E CEFOC;IPUTINGA;;;COLISÃO LATERAL;0,0;1,0;0,0;0,0;0,0;0,0;0,0;0,0;0,0;1,0;0,0;;;;;;;;;;;;;
202330118,0;2023-12-14;11:29:00;COM VÍTIMA;FINALIZADA;JORDAO;TUNEL FELIPE CAMARAO;;;TUNEL FELIPE CAMARÃO;JORDAO;;;COLISÃO;0,0;1,0;0,0;0,0;0,0;0,0;0,0;0,0;0,0;1,0;0,0;;;;;;;;;;;;;
202330134,0;2023-12-14;02:06:00;COM VÍTIMA;FINALIZADA;AFOGADOS;RUA CINCO DE NOVEMBRO;107;;POR TRAZ DO COLEGIO AMARY;AFOGADOS;;;COLISÃO LATERAL;1,0;1,0;0,0;0,0;0,0;0,0;0,0;0,0;0,0;1,0;0,0;;;;;;;;;;;;;
202330135,0;2023-12-14;02:09:00;COM VÍTIMA;FINALIZADA;AFOGADOS;RUA DA PAZ;;;PROX A  CAIXA ECONOMICA E/F A ASA;AFOGADOS;;;COLISÃO LATERAL;1,0;1,0;0,0;0,0;0,0;0,0;0,0;0,0;0,0;1,0;0,0;;;;;;;;;;;;;
202330151,0;2023-12-14;04:17:00;COM VÍTIMA;FINALIZADA;BEBERIBE;AV BEBERIBE;;;PROXIMO AO POSTO DE GASOLINA SHELL // E/F BORRACHARIA  SÃO LUIZ;BEBERIBE;;;COLISÃO;0,0;1,0;0,0;0,0;0,0;0,0;0,0;0,0;0,0;1,0;0,0;;;;;;;;;;;;;
202330155,0;2023-12-14;04:43:00;COM VÍTIMA;FINALIZADA;CORDEIRO;RUA ODETE MONTEIRO;;;EM FRENTE AO POSTO PETROCAL;CORDEIRO;589,0;;COLISÃO LATERAL;0,0;2,0;0,0;0,0;0,0;0,0;0,0;0,0;0,0;1,0;0,0;;;;;;;;;;;;;
202330156,0;2023-12-14;04:52:00;COM VÍTIMA;FINALIZADA;BAIRRO DO RECIFE;RUA DO APOLO;;;PROXIMO AO TEATRO HERMILO BORBA FILHO;BAIRRO DO RECIFE;;SUBURBIO;COLISÃO LATERAL;1,0;1,0;0,0;0,0;0,0;0,0;0,0;0,0;0,0;1,0;0,0;;;;;;;;;;;;;
202330161,0;2023-12-14;06:21:00;COM VÍTIMA;FINALIZADA;IMBIRIBEIRA;AV MARECHAL MASCARENHAS DE MORAES;;;SOB O SEMÁFORO;IMBIRIBEIRA;287,0;;COLISÃO LATERAL;0,0;1,0;0,0;0,0;0,0;0,0;0,0;0,0;0,0;1,0;0,0;;;;;;;;;;;;;
202330165,0;2023-12-14;06:49:00;COM VÍTIMA;CANCELADA;SANTO AMARO;AV GOVERNADOR AGAMENON MAGALHAES;6976;;E/F A REITORIA DA UPE;SANTO AMARO;;;COLISÃO;0,0;1,0;0,0;0,0;0,0;0,0;0,0;0,0;0,0;1,0;0,0;;;;;;;;;;;;;
202330197,0;2023-12-15;07:24:00;COM VÍTIMA;FINALIZADA;ARRUDA;RUA DAS MOCAS;;;POR TRAS DO CAMPO DO ARRUDA;ARRUDA;;;COLISÃO LATERAL;0,0;1,0;0,0;0,0;0,0;0,0;0,0;0,0;0,0;1,0;0,0;;;;;;;;;;;;;
202330200,0;2023-12-15;08:00:00;SEM VÍTIMA;FINALIZADA;ROSARINHO;AV NORTE MIGUEL ARRAES DE ALENCAR;2981;;AO LADO DO POSTO DE GASOLINA FORMULA;ROSARINHO;;CIDADE;COLISÃO TRASEIRA;2,0;0,0;0,0;0,0;0,0;0,0;0,0;1,0;0,0;0,0;0,0;;;;;;;;;;;;;
202330202,0;2023-12-15;08:03:00;COM VÍTIMA;FINALIZADA;JIQUIA;AV DR JOSE RUFINO;;;EM FRENTE AO POSTO IPIRANGA;JIQUIA;;;COLISÃO LATERAL;1,0;1,0;0,0;0,0;0,0;0,0;0,0;0,0;0,0;1,0;0,0;;;;;;;;;;;;;
202330204,0;2023-12-15;08:08:00;COM VÍTIMA;FINALIZADA;DERBY;AV GOVERNADOR AGAMENON MAGALHAES;;;EM FRENTE  A RESTAURAÇÃO PROX A FARMACIA DROGASIL;DERBY;;;COLISÃO;0,0;1,0;0,0;0,0;0,0;0,0;0,0;0,0;0,0;1,0;0,0;;;;;;;;;;;;;
202330214,0;2023-12-15;09:19:00;SEM VÍTIMA;FINALIZADA;AFOGADOS;RUA SAO MIGUEL;1094;;;AFOGADOS;;;COLISÃO;0,0;0,0;0,0;0,0;0,0;0,0;0,0;0,0;0,0;0,0;0,0;;;;;;;;;;;;;
202330220,0;2023-12-15;10:26:00;COM VÍTIMA;FINALIZADA;MADALENA;RUA JOSE OSORIO;401;;AO LADO DO SUPERMERCADO RM EXPRESS;MADALENA;;;COLISÃO;0,0;1,0;0,0;0,0;0,0;0,0;0,0;0,0;0,0;1,0;0,0;;;;;;;;;;;;;
202330224,0;2023-12-15;10:59:00;COM VÍTIMA;FINALIZADA;JOANA BEZERRA;VIADUTO CAPITAO TEMUDO;;;EM CIMA DO VIADUTO, SENT. SHOPPING RIO MAR;JOANA BEZERRA;;;COLISÃO LATERAL;0,0;1,0;0,0;0,0;0,0;0,0;0,0;0,0;0,0;1,0;0,0;;;;;;;;;;;;;
202330228,0;2023-12-15;11:49:00;COM VÍTIMA;FINALIZADA;JARDIM SAO PAULO;RUA LEANDRO BARRETO;;;CRUZAMENTO PROXIMO AO NUMERO 1020;JARDIM SAO PAULO;;;COLISÃO FRONTAL;1,0;1,0;0,0;0,0;0,0;0,0;0,0;0,0;0,0;1,0;0,0;;;;;;;;;;;;;
202330237,0;2023-12-15;12:58:00;COM VÍTIMA;FINALIZADA;BOA VIAGEM;AV CONSELHEIRO AGUIAR;;;PROX A CASA DO BOLO /  PROX A CASA LOTERICA TEIMOSINHO;BOA VIAGEM;;;COLISÃO;0,0;1,0;0,0;0,0;0,0;0,0;0,0;0,0;0,0;1,0;0,0;;;;;;;;;;;;;
202330244,0;2023-12-15;02:26:00;COM VÍTIMA;FINALIZADA;BARRO;RUA AMADOR ARAUJO;119;;PROX AO CEMITERIO DO BARRO;BARRO;;;COLISÃO FRONTAL;1,0;1,0;0,0;0,0;0,0;0,0;0,0;0,0;0,0;1,0;0,0;;;;;;;;;;;;;
202330245,0;2023-12-15;02:41:00;COM VÍTIMA;FINALIZADA;IPSEP;RUA SAO NICOLAU;42;;PROXIMO A MARAVILHA MOTOS //  SPORT CAR;IPSEP;;;COLISÃO;0,0;1,0;0,0;0,0;0,0;0,0;0,0;0,0;0,0;1,0;0,0;;;;;;;;;;;;;
202330248,0;2023-12-15;03:07:00;COM VÍTIMA;FINALIZADA;IMBIRIBEIRA;AV MARECHAL MASCARENHAS DE MORAES;38;;PROXIMO A LOCALIZA // E/F AO AEROPORTO;IMBIRIBEIRA;;;COLISÃO;0,0;1,0;0,0;0,0;0,0;0,0;0,0;0,0;0,0;1,0;0,0;;;;;;;;;;;;;
202330255,0;2023-12-15;04:57:00;COM VÍTIMA;FINALIZADA;JORDAO;TUNEL FELIPE CAMARAO;;;NO TUNEL FELIPE CAMARÃO;JORDAO;;;QUEDA;0,0;1,0;0,0;0,0;0,0;0,0;0,0;0,0;0,0;1,0;0,0;;;;;;;;;;;;;
202330264,0;2023-12-15;05:52:00;SEM VÍTIMA;FINALIZADA;SAO JOSE;PRC DAS CINCO PONTAS;;;FORTE DAS CINCO PONTES;SAO JOSE;;SUBURBIO;COLISÃO LATERAL;1,0;0,0;0,0;0,0;0,0;0,0;1,0;0,0;0,0;0,0;0,0;;;;;;;;;;;;;
202330267,0;2023-12-15;06:30:00;SEM VÍTIMA;DUPLICIDADE;SAO JOSE;PRC DAS CINCO PONTAS;;;NO RETORNO DA CIDADE;SAO JOSE;;;COLISÃO TRASEIRA;1,0;0,0;0,0;0,0;0,0;0,0;0,0;1,0;0,0;0,0;0,0;;;;;;;;;;;;;
202330304,0;2023-12-16;07:16:00;COM VÍTIMA;FINALIZADA;PINA;AV HERCULANO BANDEIRA;;;PROX A IGREJINHA DO PINA;PINA;;;COLISÃO TRASEIRA;1,0;1,0;0,0;0,0;0,0;0,0;0,0;0,0;0,0;1,0;0,0;;;;;;;;;;;;;
202330309,0;2023-12-16;08:46:00;COM VÍTIMA;FINALIZADA;IMBIRIBEIRA;AV MARECHAL MASCARENHAS DE MORAES;7647;;EM FRENTE AO ASSAI SENTIDO AEROPORTO;IMBIRIBEIRA;;;COLISÃO;0,0;1,0;0,0;0,0;0,0;0,0;0,0;0,0;0,0;1,0;0,0;;;;;;;;;;;;;
202330330,0;2023-12-16;11:01:00;COM VÍTIMA;FINALIZADA;BOA VIAGEM;RUA PADRE CARAPUCEIRO;;;NO CRUZAMENTO DO VERDFRUT;BOA VIAGEM;;;COLISÃO TRASEIRA;1,0;1,0;0,0;0,0;0,0;0,0;0,0;0,0;0,0;1,0;0,0;;;;;;;;;;;;;
202330331,0;2023-12-16;11:01:00;COM VÍTIMA;FINALIZADA;BOMBA DO HEMETERIO;RUA CHA DE ALEGRIA;;;NA FRENTE DA ESCOLA MARDONIO  DE ANDRADE LIMA COELHO;BOMBA DO HEMETERIO;;;COLISÃO;0,0;1,0;0,0;0,0;0,0;0,0;0,0;0,0;0,0;1,0;0,0;;;;;;;;;;;;;
202330336,0;2023-12-16;12:59:00;COM VÍTIMA;DUPLICIDADE;BOA VIAGEM;RUA PADRE CARAPUCEIRO;;;NO CRUZAMENTO DO VERDFRUT;BOA VIAGEM;;;COLISÃO TRASEIRA;1,0;1,0;0,0;0,0;0,0;0,0;0,0;0,0;0,0;1,0;0,0;;;;;;;;;;;;;