Protocolo;data;hora;natureza;situacao;bairro;endereco;numero;detalhe_endereco_acidente;complemento;bairro_cruzamento;num_semaforo;sentido_via;tipo;auto;moto;ciclom;ciclista;pedestre;onibus;caminhao;viatura;outros;vitimas;vitimasfatais;acidente_verificado;tempo_clima;situacao_semaforo;sinalizacao;condicao_via;conservacao_via;ponto_controle;situacao_placa;velocidade_max_via;mao_direcao;divisao_via1;divisao_via2;divisao_via3
202330965,0;2023-12-23;11:29:00;COM VÍTIMA;FINALIZADA;GRACAS;AV DR JAYME DA FONTE;100;;EM FRENTE AO HOSPITAL JAYME DA FONTE;GRACAS;;;COLISÃO FRONTAL;3,0;0,0;0,0;0,0;0,0;0,0;0,0;0,0;0,0;1,0;0,0;;;;;;;;;;;;;
202330972,0;2023-12-23;12:30:00;COM VÍTIMA;FINALIZADA;ARRUDA;AV PROFESSOR JOSE DOS ANJOS;;;EM FRENTE A ECO ESTAÇÃO DO ARRUDA / SENTIDO OLINDA;ARRUDA;;;COLISÃO COM CICLISTA;1,0;0,0;0,0;1,0;0,0;0,0;1,0;0,0;0,0;1,0;0,0;;;;;;;;;;;;;
202330992,0;2023-12-23;07:05:00;COM VÍTIMA;FINALIZADA;TORRE;RUA DOM MANOEL DA COSTA;148;RUA PIO IX;;TORRE;;;COLISÃO TRANSVERSAL;0,0;2,0;0,0;0,0;0,0;0,0;0,0;0,0;0,0;2,0;0,0;;;;;;;;;;;;;
202331007,0;2023-12-24;05:19:00;SEM VÍTIMA;FINALIZADA;SANTO AMARO;RUA CAPITAO LIMA;100;;;SANTO AMARO;;;COLISÃO;2,0;0,0;0,0;0,0;0,0;0,0;0,0;0,0;0,0;0,0;0,0;;;;;;;;;;;;;
202331013,0;2023-12-24;09:14:00;COM VÍTIMA;FINALIZADA;SANTO AMARO;PRC GENERAL ABREU E LIMA;;;POR TRAS DO CEMITERIO DOS INGLESES, SENT. OLINDA;SANTO AMARO;;;COLISÃO LATERAL;0,0;1,0;0,0;0,0;0,0;0,0;0,0;0,0;0,0;1,0;0,0;;;;;;;;;;;;;
202331016,0;2023-12-24;10:03:00;COM VÍTIMA;FINALIZADA;BEBERIBE;RUA COMPOSITOR VINICIUS DE MORAIS;;;PRÓXIMO À PONTE DE BEBERIBE;BEBERIBE;;;CHOQUE;0,0;0,0;0,0;0,0;0,0;0,0;0,0;0,0;0,0;3,0;0,0;;;;;;;;;;;;;
202331019,0;2023-12-24;10:38:00;COM VÍTIMA;FINALIZADA;TORRE;RUA PROFESSOR TRAJANO DE MENDONCA;;;AO LADO DO ATACADO DOS PRESENTES;TORRE;;;COLISÃO LATERAL;0,0;1,0;0,0;0,0;0,0;0,0;0,0;0,0;0,0;1,0;0,0;;;;;;;;;;;;;
202331024,0;2023-12-24;11:29:00;COM VÍTIMA;FINALIZADA;ILHA DO RETIRO;RUA PROFESSOR BENEDITO MONTEIRO;;;PROX A SELFIT ( PROX AO CACAU SHOW );ILHA DO RETIRO;;;COLISÃO FRONTAL;1,0;1,0;0,0;0,0;0,0;0,0;0,0;0,0;0,0;1,0;0,0;;;;;;;;;;;;;
202331029,0;2023-12-24;12:52:00;COM VÍTIMA;FINALIZADA;SANTO AMARO;AV NORTE MIGUEL ARRAES DE ALENCAR;;;ALÇA VIADUTO DA AGAMENON SENTIDO OLINDA;SANTO AMARO;;;CHOQUE;0,0;1,0;0,0;0,0;0,0;0,0;0,0;0,0;0,0;1,0;0,0;;;;;;;;;;;;;
202331047,0;2023-12-24;09:01:00;SEM VÍTIMA;FINALIZADA;PINA;AV ENCANTA MOCA;;;;PINA;;SUBURBIO;COLISÃO LATERAL;1,0;1,0;0,0;0,0;0,0;0,0;0,0;0,0;0,0;0,0;0,0;;;;;;;;;;;;;
202331057,0;2023-12-25;01:25:00;SEM VÍTIMA;CANCELADA;BARRO;RUA AMADOR ARAUJO;146-B;;;BARRO;;;COLISÃO LATERAL;2,0;0,0;0,0;0,0;0,0;0,0;0,0;0,0;0,0;0,0;0,0;;;;;;;;;;;;;
202331058,0;2023-12-25;02:23:00;COM VÍTIMA;FINALIZADA;AFOGADOS;RUA SAO MIGUEL;1357;;PRÓXIMO AO BODÉ DO NÔ;AFOGADOS;;;COLISÃO LATERAL;1,0;1,0;0,0;0,0;0,0;0,0;0,0;0,0;0,0;1,0;0,0;;;;;;;;;;;;;
202331059,0;2023-12-25;03:15:00;SEM VÍTIMA;FINALIZADA;IBURA;RUA EXP FRANCISCO VITORIANO;;;EM FRENTE AO SUPERMERCADO TREVO;IBURA;;;CHOQUE;1,0;0,0;0,0;0,0;0,0;0,0;0,0;0,0;0,0;0,0;0,0;;;;;;;;;;;;;
202331060,0;2023-12-25;04:51:00;COM VÍTIMA;FINALIZADA;ARRUDA;RUA PETRONILA BOTELHO;;;COM A RUA PROFESSOR JOSÉ DOS ANJOS;ARRUDA;;;COLISÃO LATERAL;1,0;1,0;0,0;0,0;0,0;0,0;0,0;0,0;0,0;1,0;0,0;;;;;;;;;;;;;
202331066,0;2023-12-25;06:39:00;SEM VÍTIMA;FINALIZADA;TORRE;RUA CONDE DE IRAJA;;RUA JOSE BONIFACIO;EM FRENTE A PADARIA NOVA ARMADA;TORRE;;;COLISÃO LATERAL;1,0;0,0;0,0;0,0;0,0;0,0;0,0;1,0;0,0;0,0;0,0;;;;;;;;;;;;;
202331067,0;2023-12-25;07:41:00;COM VÍTIMA;FINALIZADA;JORDAO;AV DONA CARENTINA;;;PROX. A PRAÇA DO JORDAO BAIXO E LOTERICA;JORDAO;;;COLISÃO LATERAL;0,0;1,0;0,0;0,0;0,0;0,0;0,0;0,0;0,0;1,0;0,0;;;;;;;;;;;;;
202331069,0;2023-12-25;09:19:00;SEM VÍTIMA;FINALIZADA;TORROES;RUA WASHINGTON DUARTE ESPINDOLA;;AV VISCONDE DE SAO LEOPOLDO;;TORROES;;;COLISÃO;1,0;0,0;0,0;0,0;0,0;0,0;0,0;0,0;0,0;0,0;0,0;;;;;;;;;;;;;
202331071,0;2023-12-25;10:07:00;COM VÍTIMA;FINALIZADA;CAXANGA;AV CAXANGA;;;EM FRENTE AO GOLF CLUBE, E NOVA DISTRIBUIDORA SENT. CAMARAGIBE;CAXANGA;;;COLISÃO LATERAL;1,0;0,0;0,0;0,0;0,0;0,0;0,0;0,0;0,0;1,0;0,0;;;;;;;;;;;;;
202331077,0;2023-12-25;12:23:00;SEM VÍTIMA;FINALIZADA;DERBY;PRC DO DERBY;;AV GOVERNADOR AGAMENON MAGALHAES;;DERBY;75,0;CIDADE;COLISÃO;2,0;0,0;0,0;0,0;0,0;0,0;0,0;0,0;0,0;0,0;0,0;;;;;;;;;;;;;
202331086,0;2023-12-25;03:20:00;COM VÍTIMA;FINALIZADA;VARZEA;AV PREFEITO ANTONIO PEREIRA;;;EM FRENTE AO PARQUE TECNOLOGICO DE ELTRO ELETRONICO;VARZEA;;;COLISÃO LATERAL;0,0;1,0;0,0;0,0;0,0;1,0;0,0;0,0;0,0;2,0;0,0;;;;;;;;;;;;;
202331087,0;2023-12-25;03:37:00;COM VÍTIMA;FINALIZADA;IMBIRIBEIRA;AV MARECHAL MASCARENHAS DE MORAES;;;PROXIMO A TAMBAI VEICULOS;IMBIRIBEIRA;;;COLISÃO TRASEIRA;0,0;2,0;0,0;0,0;0,0;0,0;0,0;0,0;0,0;1,0;0,0;;;;;;;;;;;;;
202331092,0;2023-12-25;03:54:00;SEM VÍTIMA;FINALIZADA;ILHA JOANA BEZERRA;VIADUTO CAPITAO TEMUDO;;;EM CIMA DO VIADUTO;ILHA JOANA BEZERRA;;;COLISÃO;0,0;0,0;0,0;0,0;0,0;0,0;0,0;0,0;0,0;0,0;0,0;;;;;;;;;;;;;
202331096,0;2023-12-25;04:57:00;COM VÍTIMA;FINALIZADA;PRADO;AV ENGENHEIRO ABDIAS DE CARVALHO;;;FACULDADE ESTACIO;PRADO;;;ATROPELAMENTO DE ANIMAL;0,0;1,0;0,0;0,0;0,0;0,0;0,0;0,0;0,0;1,0;0,0;;;;;;;;;;;;;
202331105,0;2023-12-25;07:09:00;COM VÍTIMA;FINALIZADA;SANTO AMARO;RUA TREZE DE MAIO;967;RUA FREI CASSIMIRO;;SANTO AMARO;;;CHOQUE;1,0;0,0;0,0;0,0;0,0;0,0;0,0;0,0;0,0;1,0;0,0;;;;;;;;;;;;;
202331115,0;2023-12-25;09:46:00;COM VÍTIMA;FINALIZADA;APIPUCOS;RUA DE APIPUCOS;;;EM FRENTE AO PARK DE APIPUCOS;APIPUCOS;;;ATROPELAMENTO DE PESSOA;0,0;0,0;0,0;0,0;1,0;0,0;0,0;0,0;0,0;1,0;0,0;;;;;;;;;;;;;
202331125,0;2023-12-25;10:33:00;COM VÍTIMA;FINALIZADA;BOA VIAGEM;RUA DEZ DE JULHO;;;APÓS A CAIXA ECONÔMICA;BOA VIAGEM;573,0;;COLISÃO;1,0;1,0;0,0;0,0;0,0;0,0;0,0;0,0;0,0;1,0;0,0;;;;;;;;;;;;;
202331137,0;2023-12-26;07:14:00;COM VÍTIMA;CANCELADA;TORRE;RUA JOSE BONIFACIO;3612;;PROXIMO AO CARREFOUR DA TORRE;TORRE;;;QUEDA;0,0;1,0;0,0;0,0;0,0;0,0;0,0;0,0;0,0;1,0;0,0;;;;;;;;;;;;;
202331143,0;2023-12-26;08:23:00;COM VÍTIMA;FINALIZADA;JAQUEIRA;RUA DOMINGOS BASTOS;227;;EM FRENTE A PADARIA GLOBO;JAQUEIRA;;;COLISÃO TRASEIRA;1,0;1,0;0,0;0,0;0,0;0,0;0,0;0,0;0,0;1,0;0,0;;;;;;;;;;;;;
202331159,0;2023-12-26;11:04:00;COM VÍTIMA;FINALIZADA;SITIO DOS PINTOS;AV LUIZ ANTONIO DE ARAUJO;92;;BORRACHARIA DO NADO;SITIO DOS PINTOS;;;COLISÃO;1,0;1,0;0,0;0,0;0,0;0,0;0,0;0,0;0,0;1,0;0,0;;;;;;;;;;;;;
202331165,0;2023-12-26;11:36:00;COM VÍTIMA;FINALIZADA;IMBIRIBEIRA;AV MARECHAL MASCARENHAS DE MORAES;1540;;ENTRE A HONDA E O DEPOSITO DA LASER ELETRO;IMBIRIBEIRA;;;COLISÃO TRASEIRA;0,0;1,0;0,0;0,0;0,0;0,0;0,0;1,0;0,0;1,0;0,0;;;;;;;;;;;;;
202331167,0;2023-12-26;11:51:00;COM VÍTIMA;FINALIZADA;AGUA FRIA;EST VELHA DE AGUA FRIA;;;EM FRENTE A AUTO ESCOLA PILOTO, PROX. AO POSTO BR;AGUA FRIA;;;COLISÃO LATERAL;0,0;1,0;0,0;0,0;0,0;0,0;0,0;0,0;0,0;1,0;0,0;;;;;;;;;;;;;
202331175,0;2023-12-26;12:56:00;COM VÍTIMA;FINALIZADA;TAMARINEIRA;AV NORTE MIGUEL ARRAES DE ALENCAR;4050;;PROXIMO AO HOTEL EROS;TAMARINEIRA;;CIDADE;COLISÃO LATERAL;0,0;1,0;0,0;0,0;0,0;0,0;0,0;0,0;0,0;2,0;0,0;;;;;;;;;;;;;
202331183,0;2023-12-26;03:00:00;COM VÍTIMA;FINALIZADA;IBURA;RUA VISCONDE DE AZUARA;227;;IBURA DE BAIXO, PROX AO BAR DA SIRLEIDE E A POLICLINICA ARNALDO MARGUES;IBURA;;;COLISÃO;0,0;1,0;0,0;0,0;0,0;0,0;0,0;0,0;0,0;1,0;0,0;;;;;;;;;;;;;
202331190,0;2023-12-26;04:24:00;SEM VÍTIMA;FINALIZADA;GRACAS;RUA DAS CREOULAS;;RUA DAS PERNAMBUCANAS;;GRACAS;;;COLISÃO;1,0;1,0;0,0;0,0;0,0;0,0;0,0;0,0;0,0;0,0;0,0;;;;;;;;;;;;;
202331191,0;2023-12-26;04:30:00;COM VÍTIMA;FINALIZADA;BOA VIAGEM;RUA BARAO DE SOUZA LEAO;1241;;SUPERMERCADO TREVO;BOA VIAGEM;;;COLISÃO FRONTAL;0,0;2,0;0,0;0,0;0,0;0,0;0,0;0,0;0,0;2,0;0,0;;;;;;;;;;;;;
202331193,0;2023-12-26;05:29:00;COM VÍTIMA;FINALIZADA;AGUA FRIA;AV HILDEBRANDO DE VASCONCELOS;;;TERMINAL DO CORREGO DEODATO;AGUA FRIA;;;COLISÃO LATERAL;0,0;2,0;0,0;0,0;0,0;0,0;0,0;0,0;0,0;2,0;0,0;;;;;;;;;;;;;
202331196,0;2023-12-26;06:23:00;COM VÍTIMA;FINALIZADA;SANTO AMARO;AV CRUZ CABUGA;;1 TRV DOUTOR SABINO PINHO;EM FRENTE AO HOSPITAL NAVAL E O DEPARTAMENTO DE ESTRADAS E RODAGENS;SANTO AMARO;;;COLISÃO;0,0;1,0;0,0;0,0;0,0;0,0;0,0;0,0;0,0;1,0;0,0;;;;;;;;;;;;;
202331206,0;2023-12-26;07:09:00;COM VÍTIMA;CANCELADA;VARZEA;RUA EXP ANTONIO ROMANO;39;;PRÓXIMO AO POSTO DE SAUDE DE JARDIM TERESÓPOLIS;VARZEA;;;;0,0;1,0;0,0;0,0;0,0;0,0;0,0;0,0;0,0;1,0;0,0;;;;;;;;;;;;;
202331224,0;2023-12-27;07:42:00;SEM VÍTIMA;FINALIZADA;AFOGADOS;RUA COSME VIANA;;RUA VINTE E UM DE ABRIL;;AFOGADOS;334,0;;COLISÃO LATERAL;1,0;0,0;0,0;0,0;0,0;0,0;1,0;0,0;0,0;0,0;0,0;;;;;;;;;;;;;
202331226,0;2023-12-27;08:27:00;COM VÍTIMA;FINALIZADA;TORROES;AV ENGENHEIRO ABDIAS DE CARVALHO;;;SENTIDO CENTRO EM FRENTE A MEGA PEDRAS;TORROES;;CIDADE;COLISÃO;0,0;1,0;0,0;0,0;0,0;0,0;0,0;0,0;0,0;1,0;0,0;;;;;;;;;;;;;
202331228,0;2023-12-27;08:57:00;COM VÍTIMA;FINALIZADA;ILHA JOANA BEZERRA;VIADUTO CAPITAO TEMUDO;;;EM CIMA DO VIADUTO, SENT. BOA VIAGEM;ILHA JOANA BEZERRA;;;COLISÃO LATERAL;0,0;1,0;0,0;0,0;0,0;0,0;0,0;0,0;0,0;1,0;0,0;;;;;;;;;;;;;
202331231,0;2023-12-27;09:09:00;COM VÍTIMA;FINALIZADA;VARZEA;RUA PROFESSOR ANTONIO COELHO;;;PROX AO TERMINAL DE ONIBUS CDU / PROX AO COLEGIO E CURSO DESAFIO;VARZEA;;;COLISÃO LATERAL;1,0;1,0;0,0;0,0;0,0;0,0;0,0;0,0;0,0;1,0;0,0;;;;;;;;;;;;;
202331252,0;2023-12-27;01:54:00;COM VÍTIMA;FINALIZADA;PORTO DA MADEIRA;RUA ARAO BOTLER;53;;ARMAZEM CORAL;PORTO DA MADEIRA;;;COLISÃO FRONTAL;0,0;2,0;0,0;0,0;0,0;0,0;0,0;0,0;0,0;1,0;0,0;;;;;;;;;;;;;
202331254,0;2023-12-27;02:04:00;SEM VÍTIMA;FINALIZADA;PINA;RUA MANOEL DE BRITO;67;;PRÓXIMO AO 19º BPMPE;PINA;;CIDADE;COLISÃO LATERAL;0,0;1,0;0,0;0,0;0,0;0,0;0,0;1,0;0,0;0,0;0,0;;;;;;;;;;;;;
202331267,0;2023-12-27;04:55:00;COM VÍTIMA;FINALIZADA;IBURA;RUA RIO XINGU;;AV DOIS RIOS;EM FRENTE A ACADEMIA ATIVE;IBURA;;;COLISÃO;0,0;0,0;0,0;0,0;0,0;0,0;0,0;0,0;0,0;1,0;0,0;;;;;;;;;;;;;
202331279,0;2023-12-27;07:24:00;COM VÍTIMA;FINALIZADA;BOA VIAGEM;AV DES JOSE NEVES;;;AO LADO DO RESTAURANTE CANGAÇO;BOA VIAGEM;;;COLISÃO;1,0;1,0;0,0;0,0;0,0;0,0;0,0;0,0;0,0;1,0;0,0;;;;;;;;;;;;;
202331292,0;2023-12-28;05:42:00;SEM VÍTIMA;FINALIZADA;BOA VISTA;AV GOVERNADOR AGAMENON MAGALHAES;;AV RUI BARBOSA;COLEGIO AMERICANO BATISTA;BOA VISTA;37,0;SUBURBIO;COLISÃO;0,0;0,0;0,0;0,0;0,0;1,0;0,0;1,0;0,0;0,0;0,0;;;;;;;;;;;;;
202331302,0;2023-12-28;07:08:00;COM VÍTIMA;FINALIZADA;FUNDAO;AV BEBERIBE;;;PROX. A PRAÇA DO FUNDAO E IGREJA RENASCER;FUNDAO;;;COLISÃO LATERAL;0,0;1,0;0,0;0,0;0,0;0,0;0,0;0,0;0,0;1,0;0,0;;;;;;;;;;;;;
202331305,0;2023-12-28;07:43:00;COM VÍTIMA;FINALIZADA;AREIAS;AV DR JOSE RUFINO;2125;;EM FRENTE AO EDF ALAMEDA PARK;AREIAS;213,0;;COLISÃO TRASEIRA;2,0;1,0;0,0;0,0;0,0;0,0;0,0;0,0;0,0;1,0;0,0;;;;;;;;;;;;;
202331307,0;2023-12-28;08:03:00;COM VÍTIMA;FINALIZADA;SAN MARTIN;AV GENERAL SAN MARTIN;;;PROX. AO COLEGIO ADVENTISTA E CLINICA VETERINARIA AMOR DE BICHO;SAN MARTIN;;;COLISÃO LATERAL;0,0;1,0;0,0;0,0;0,0;0,0;0,0;0,0;0,0;1,0;0,0;;;;;;;;;;;;;
202331314,0;2023-12-28;08:43:00;COM VÍTIMA;FINALIZADA;SANTO AMARO;AV CRUZ CABUGA;;;AO LADO DA CASA DA INDUSTRIA SENAI;SANTO AMARO;;;COLISÃO COM CICLISTA;0,0;0,0;0,0;1,0;0,0;1,0;0,0;0,0;0,0;1,0;0,0;;;;;;;;;;;;;
202331329,0;2023-12-28;10:32:00;COM VÍTIMA;FINALIZADA;BAIRRO DO RECIFE;CAIS DO APOLO;;;;BAIRRO DO RECIFE;;;COLISÃO;0,0;0,0;0,0;0,0;0,0;0,0;0,0;0,0;0,0;1,0;0,0;;;;;;;;;;;;;
202331337,0;2023-12-28;11:36:00;SEM VÍTIMA;FINALIZADA;ESPINHEIRO;RUA QUARENTA E OITO;347;;PADARIA ESPINHEIRO;ESPINHEIRO;;CIDADE;COLISÃO;1,0;0,0;0,0;0,0;0,0;0,0;0,0;1,0;0,0;0,0;0,0;;;;;;;;;;;;;
202331340,0;2023-12-28;12:30:00;SEM VÍTIMA;FINALIZADA;SAO JOSE;AV RIO CAPIBARIBE;;;APOS A ESTAÇÃO DO METRO // E/F A CASA DA CULTURA;SAO JOSE;;;COLISÃO LATERAL;1,0;1,0;0,0;0,0;0,0;0,0;0,0;0,0;0,0;0,0;0,0;;;;;;;;;;;;;
202331359,0;2023-12-28;06:07:00;COM VÍTIMA;FINALIZADA;BEBERIBE;RUA DALVA DE OLIVEIRA;;;EM FRENTE A AMBEV E PROX AO SESC SENAC;BEBERIBE;;;COLISÃO LATERAL;1,0;1,0;0,0;1,0;0,0;0,0;0,0;0,0;0,0;3,0;0,0;;;;;;;;;;;;;
202331368,0;2023-12-28;07:08:00;COM VÍTIMA;CANCELADA;JARDIM SAO PAULO;RUA MARILIA;396;;DEPOIS DO VIADUTO SEGUNDA ENTRADA A DIREITA, PRÓXIMO A PADARIA  LA ROQUE;JARDIM SAO PAULO;;;COLISÃO;0,0;1,0;0,0;0,0;0,0;0,0;0,0;0,0;0,0;1,0;0,0;;;;;;;;;;;;;
202331377,0;2023-12-28;09:10:00;COM VÍTIMA;FINALIZADA;COHAB;AV DOIS RIOS;;RUA RIO XINGU;E/F A ACADEMIA MOTIVO;COHAB;;;COLISÃO FRONTAL;1,0;1,0;0,0;0,0;0,0;0,0;0,0;0,0;0,0;1,0;0,0;;;;;;;;;;;;;
202331380,0;2023-12-28;11:30:00;COM VÍTIMA;CANCELADA;AFOGADOS;AV SUL;1155;;PRÓXIMO  A ESTAÇÃO LARGO DA PAZ;AFOGADOS;;;COLISÃO;0,0;1,0;0,0;0,0;0,0;0,0;0,0;0,0;0,0;1,0;0,0;;;;;;;;;;;;;
202331402,0;2023-12-29;07:37:00;COM VÍTIMA;FINALIZADA;BOA VISTA;RUA DO HOSPICIO;;;APOS O COLEGIO JOAO BARBALHO SENT. CIDADE;BOA VISTA;;;COLISÃO LATERAL;1,0;1,0;0,0;0,0;0,0;0,0;0,0;0,0;0,0;2,0;0,0;;;;;;;;;;;;;
202331411,0;2023-12-29;09:16:00;COM VÍTIMA;FINALIZADA;AFOGADOS;RUA SAO MIGUEL;;;EM FRENTE A LOJA COMERCIAL GUSTAVO E POSTO DE COMBUSTIVEL JOAO DIAS;AFOGADOS;;;COLISÃO LATERAL;0,0;1,0;0,0;0,0;0,0;0,0;0,0;0,0;0,0;1,0;0,0;;;;;;;;;;;;;
202331430,0;2023-12-29;12:07:00;COM VÍTIMA;FINALIZADA;SANTO AMARO;PTE DO LIMOEIRO;;RUA AURORA;;SANTO AMARO;;;COLISÃO;1,0;1,0;0,0;0,0;0,0;0,0;0,0;0,0;0,0;1,0;0,0;;;;;;;;;;;;;
202331434,0;2023-12-29;12:35:00;COM VÍTIMA;FINALIZADA;IBURA;AV DOIS RIOS;;;EM FRENTE AO POSTO DE GASOLINA SHELL / PROX A PET CLEAN CLINICA VETERINARIA  E AO CRAS DE IBURA DE BAIXO;IBURA;;;COLISÃO;0,0;1,0;0,0;0,0;0,0;0,0;0,0;0,0;0,0;1,0;0,0;;;;;;;;;;;;;
202331449,0;2023-12-29;04:31:00;COM VÍTIMA;FINALIZADA;MANGUEIRA;AV CENTRAL;;;PROX AO MERCADINHO ECONOMICO E ESTAÇÃO DE METRO DA MANGUEIRA;MANGUEIRA;;;COLISÃO;0,0;1,0;0,0;0,0;0,0;0,0;0,0;0,0;0,0;1,0;0,0;;;;;;;;;;;;;
202331452,0;2023-12-29;05:40:00;COM VÍTIMA;FINALIZADA;PAISSANDU;AV GOVERNADOR AGAMENON MAGALHAES;;;EM FRENTE AO HOSPITAL PORTUGUES/ SENTIDO BOA VIAGEM;PAISSANDU;;;COLISÃO LATERAL;1,0;1,0;0,0;0,0;0,0;0,0;0,0;0,0;0,0;1,0;0,0;;;;;;;;;;;;;
202331492,0;2023-12-30;11:26:00;COM VÍTIMA;FINALIZADA;MADALENA;RUA JOSE OSORIO;;;EM FRENTE AO SELECTA SUPERMERCADO;MADALENA;;;COLISÃO;0,0;1,0;0,0;0,0;0,0;0,0;0,0;0,0;0,0;1,0;0,0;;;;;;;;;;;;;
202331496,0;2023-12-30;12:08:00;COM VÍTIMA;FINALIZADA;BOA VIAGEM;AV DES JOSE NEVES;;;POR TRÁS DO SHOPPING RECIFE;BOA VIAGEM;;;COLISÃO;0,0;1,0;0,0;0,0;0,0;0,0;0,0;0,0;0,0;1,0;0,0;;;;;;;;;;;;;
202331497,0;2023-12-30;12:29:00;COM VÍTIMA;FINALIZADA;JARDIM SAO PAULO;AV LIBERDADE;;;PROX A PADARIA LA ROQUE E IGREJA ASSEMBLEIA DE DEUS;JARDIM SAO PAULO;;;COLISÃO;0,0;1,0;0,0;0,0;0,0;0,0;0,0;0,0;0,0;1,0;0,0;;;;;;;;;;;;;
202331498,0;2023-12-30;12:33:00;COM VÍTIMA;FINALIZADA;BOA VIAGEM;AV DOM JOAO VI;;RUA SOLDADO SINESIO DE ARAGAO;EM FRENTE AO SHOPPING;BOA VIAGEM;;;COLISÃO LATERAL;1,0;0,0;0,0;0,0;0,0;0,0;0,0;0,0;0,0;1,0;0,0;;;;;;;;;;;;;
202331504,0;2023-12-30;02:37:00;COM VÍTIMA;FINALIZADA;CASA FORTE;AV DEZESSETE DE AGOSTO;1440;;EM FRENTE AO ERMIRIO DE MORAES;CASA FORTE;;;COLISÃO LATERAL;1,0;1,0;0,0;0,0;0,0;0,0;0,0;0,0;0,0;2,0;0,0;;;;;;;;;;;;;
202331505,0;2023-12-30;03:06:00;COM VÍTIMA;FINALIZADA;FUNDAO;AV BEBERIBE;;;PROXIMO A FARMACIA DO TRABALHADOR E PADARIA SUBLIME PÃO;FUNDAO;;;COLISÃO;0,0;1,0;0,0;0,0;0,0;0,0;0,0;0,0;0,0;1,0;0,0;;;;;;;;;;;;;
202331509,0;2023-12-30;04:51:00;COM VÍTIMA;FINALIZADA;SAO JOSE;PRC DAS CINCO PONTAS;96;;EM FRENTE AO TRE E PROXIMO AO FORTE DAS CINCO PONTAS;SAO JOSE;;;COLISÃO;0,0;1,0;0,0;0,0;0,0;0,0;0,0;0,0;0,0;1,0;0,0;;;;;;;;;;;;;
202331512,0;2023-12-30;05:45:00;COM VÍTIMA;FINALIZADA;JORDAO;AV DONA CARENTINA;669;;NA SUBIDA DA LADEIRA DO JORDÃO ALTO E EM FRENTE A IGREJA PAROQUIA CRISTO REDENTOR;JORDAO;;;COLISÃO;0,0;1,0;0,0;0,0;0,0;0,0;0,0;0,0;0,0;1,0;0,0;;;;;;;;;;;;;
202331519,0;2023-12-30;07:42:00;COM VÍTIMA;DUPLICIDADE;JORDAO;AV DONA CARENTINA;1414;;EM FRENTE A PAROQUIA CRISTO REDENTOR;JORDAO;;;COLISÃO LATERAL;0,0;1,0;0,0;0,0;0,0;0,0;0,0;0,0;0,0;1,0;0,0;;;;;;;;;;;;;
202331522,0;2023-12-30;08:39:00;COM VÍTIMA;FINALIZADA;TORRE;RUA DOM MANOEL DA COSTA;321;;EM FRENTE AO COLEGIO CRISTO REI;TORRE;;;COLISÃO TRANSVERSAL;1,0;1,0;0,0;0,0;0,0;0,0;0,0;0,0;0,0;1,0;0,0;;;;;;;;;;;;;
202331537,0;2023-12-31;06:15:00;SEM VÍTIMA;FINALIZADA;TORROES;AV ENGENHEIRO ABDIAS DE CARVALHO;;;SOB O SEMÁFORO 271;TORROES;271,0;SUBURBIO;COLISÃO TRASEIRA;2,0;0,0;0,0;0,0;0,0;0,0;0,0;0,0;0,0;0,0;0,0;;;;;;;;;;;;;
202331540,0;2023-12-31;07:32:00;SEM VÍTIMA;FINALIZADA;IMBIRIBEIRA;AV MARECHAL MASCARENHAS DE MORAES;;;EM FRENTE AO POSTO SHELL, SENTIDO AEROPORTO;IMBIRIBEIRA;;;COLISÃO LATERAL;1,0;1,0;0,0;0,0;0,0;0,0;0,0;0,0;0,0;0,0;0,0;;;;;;;;;;;;;
202331544,0;2023-12-31;08:04:00;COM VÍTIMA;DUPLICIDADE;IMBIRIBEIRA;AV MARECHAL MASCARENHAS DE MORAES;;;AO LADO DO BANCO ITAU E POSTO SHELL;IMBIRIBEIRA;;;COLISÃO LATERAL;0,0;1,0;0,0;0,0;0,0;0,0;0,0;0,0;0,0;1,0;0,0;;;;;;;;;;;;;
202331546,0;2023-12-31;09:11:00;COM VÍTIMA;FINALIZADA;SANTO ANTONIO;RUA DA CONCORDIA;;;PROX. A VENEZA MUSIC E ELETRONICO PEÇAS;SANTO ANTONIO;;;COLISÃO LATERAL;0,0;1,0;0,0;0,0;0,0;0,0;0,0;0,0;0,0;1,0;0,0;;;;;;;;;;;;;
202331561,0;2023-12-31;03:23:00;SEM VÍTIMA;FINALIZADA;SANTO ANTONIO;RUA MARQUES DO RECIFE;;;PROXIMO A OAB;SANTO ANTONIO;;;COLISÃO FRONTAL;0,0;1,0;0,0;0,0;0,0;0,0;0,0;0,0;0,0;0,0;0,0;;;;;;;;;;;;;
202331566,0;2023-12-31;08:26:00;VÍTIMA FATAL;FINALIZADA;ARRUDA;AV BEBERIBE;;;EM FRENTE AO POSTO BR;ARRUDA;;;COLISÃO;0,0;0,0;0,0;0,0;0,0;0,0;0,0;0,0;0,0;0,0;1,0;;;;;;;;;;;;;